change_id,priority,change_type,environment,change_complexity,assignment_group_failure_rate_90d,change_frequency_90d,test_coverage,high_test_coverage,rollback_plan_present,approval_count,cab_involvement,deployment_window,off_hours_deployment,failure,true_failure_probability
CHG000000,High,Standard,Dev,0.30471707975443135,0.07981455230217953,24.034742579294306,52.46693811020991,0,1,4,0,OffHours,1,0,0.10395889110483114
CHG000001,Low,Normal,Production,-1.0399841062404955,0.044757285718823356,16.81182700927578,75.58705269553626,0,0,1,0,OffHours,1,0,0.04930261238541048
CHG000002,High,Normal,Staging,0.7504511958064572,0.09123032777839354,15.38597812661725,55.49066800113134,0,0,4,0,BusinessHours,0,1,0.5018108052469541
CHG000003,Low,Emergency,Staging,0.9405647163912139,0.07610591232477477,13.93250661361019,58.12221103924838,0,0,5,0,BusinessHours,0,1,0.2400617805913684
CHG000004,Medium,Normal,Production,-1.9510351886538364,0.01,33.15815837681542,96.57077587870612,1,0,1,0,OffHours,1,0,0.02088433518217984
CHG000005,Medium,Normal,QA,-1.302179506862318,0.05171380439708847,5.205557862866021,45.653498968298756,0,0,1,0,Weekend,1,0,0.0783020716407571
CHG000006,Medium,Normal,Staging,0.12784040316728537,0.15590763226436397,10.0462546731455,52.884016155246925,0,1,2,0,Weekend,1,0,0.3025166632019781
CHG000007,Low,Standard,Production,-0.3162425923435822,0.054742726740437085,21.324839431012983,93.3156968484357,1,1,1,0,BusinessHours,0,0,0.01794412981963948
CHG000008,Low,Standard,Dev,-0.016801157504288795,0.11532698498238675,11.288981749330699,52.268759975021986,0,0,3,0,Weekend,1,0,0.08157862557919011
CHG000009,Medium,Normal,Production,-0.85304392757358,0.046167611829925806,21.231319665981538,65.36166650258038,0,1,1,0,BusinessHours,0,0,0.02997027405094518
CHG000010,Medium,Normal,Production,0.8793979748628286,0.0876125098559098,20.021859274386323,36.53948937482238,0,1,1,0,BusinessHours,0,0,0.13197263084665267
CHG000011,High,Standard,Production,0.7777919354289483,0.1690028930438581,1.0,51.10197543812161,0,1,4,1,Weekend,1,0,0.3642793221877448
CHG000012,Low,Standard,Production,0.06603069756121605,0.134030303243393,14.50615231143893,61.55829540974592,0,0,1,0,BusinessHours,0,0,0.17625025822932075
CHG000013,Medium,Normal,QA,1.1272412069680329,0.0684886923444195,36.123966244164215,74.64574280014673,0,1,4,0,OffHours,1,0,0.0936742979603113
CHG000014,Low,Standard,Staging,0.4675093422520456,0.05447505297892841,18.233291972623185,51.27630570213968,0,0,1,0,BusinessHours,0,0,0.07048146159194152
CHG000015,Critical,Standard,Dev,-0.8592924628832382,0.06861868903290447,18.905627024191915,68.83509095388239,0,1,3,0,Weekend,1,0,0.0539541352233979
CHG000016,High,Normal,Production,0.36875078408249884,0.09754217738216986,16.64814636377477,58.170964135560325,0,0,4,1,BusinessHours,0,0,0.35274360265680677
CHG000017,Critical,Emergency,Dev,-0.9588826008289989,0.0645635839458755,12.451371795126468,59.72326699822585,0,0,3,0,OffHours,1,0,0.19008993403586658
CHG000018,High,Standard,Production,0.8784503013072725,0.15243295330914816,12.534661094191367,36.500737236178665,0,1,5,1,BusinessHours,0,0,0.37027226148189063
CHG000019,Medium,Standard,QA,-0.049925910986252896,0.024293214657036183,32.10131382065997,72.51098280749204,0,0,2,0,BusinessHours,0,0,0.025635363056377154
CHG000020,Medium,Standard,Dev,-0.18486236354526056,0.10107598088707556,6.594229104565708,51.26686386230057,0,0,2,0,BusinessHours,0,0,0.10182135684418575
CHG000021,Medium,Standard,Dev,-0.6809295444039414,0.02378316931596383,31.415332623882186,55.63928853825377,0,0,2,0,BusinessHours,0,0,0.018943442992453968
CHG000022,High,Normal,Production,1.2225413386740303,0.14481947116796337,18.61690448791516,60.59094438796486,0,1,4,1,BusinessHours,0,0,0.36781062403167725
CHG000023,Medium,Standard,Dev,-0.15452948206880215,0.10805926457154133,21.055451878897806,60.613214928116996,0,1,1,0,BusinessHours,0,0,0.06786340572946127
CHG000024,Medium,Standard,Dev,-0.4283278221631072,0.06260817103142693,19.374763564604546,72.54525458094083,0,0,1,0,Weekend,1,0,0.03651267031093441
CHG000025,High,Emergency,Dev,-0.3521335504882296,0.15647184398752045,1.0,33.03444547778214,0,0,2,0,BusinessHours,0,0,0.5338153977758023
CHG000026,High,Normal,QA,0.5323091855533487,0.09116230883662092,17.55790643984743,67.41465025762359,0,1,3,0,OffHours,1,0,0.22409146873085733
CHG000027,Critical,Standard,Production,0.36544406436407834,0.07822952002830272,28.75601488365158,73.15115116700856,0,1,4,1,OffHours,1,0,0.19017859358749653
CHG000028,Low,Standard,Staging,0.4127326115959884,0.08525969615402919,24.82368943029389,88.51920522615464,1,0,2,0,OffHours,1,0,0.029847422002184983
CHG000029,Low,Normal,QA,0.43082100300788273,0.17255059997763283,7.84029125040138,58.115559639365664,0,1,1,0,BusinessHours,0,0,0.22036071152858025
CHG000030,Medium,Normal,Dev,2.1416476008704612,0.14293387520786732,28.10302813125134,60.61735948707562,0,1,5,0,BusinessHours,0,0,0.2831102617492917
CHG000031,Medium,Emergency,Dev,-0.4064150163846156,0.03498152326543688,31.97110440808605,47.43690983033555,0,0,2,0,BusinessHours,0,0,0.11245065856240741
CHG000032,Medium,Standard,QA,-0.5122427290715373,0.01,35.66969882400702,76.58394402759797,0,1,1,0,BusinessHours,0,0,0.012482417787553374
CHG000033,Medium,Normal,Dev,-0.8137727282478777,0.07866453556794854,19.464890145290557,54.069194925500014,0,0,1,0,BusinessHours,0,0,0.03374490497658829
CHG000034,High,Standard,Dev,0.6159794225754956,0.03512032306416447,26.077368758281196,57.34293202130307,0,1,1,0,OffHours,1,0,0.060539549197685824
CHG000035,Low,Standard,Dev,1.1289722927208916,0.18101744062442046,6.077007446144062,69.13021331788879,0,0,2,0,OffHours,1,1,0.36675245067413964
CHG000036,Medium,Normal,QA,-0.11394745765487507,0.09625541176045148,17.068079615430868,58.62651048265349,0,0,2,0,OffHours,1,0,0.042538537718250405
CHG000037,High,Normal,Production,-0.840156476962528,0.07251795274335932,14.333492565495314,38.21200122789713,0,0,2,1,OffHours,1,1,0.13779113688225278
CHG000038,Medium,Standard,Dev,-0.8244812156912396,0.1023874672370078,7.190766619414897,69.79403123168315,0,0,2,0,BusinessHours,0,0,0.05679468686795915
CHG000039,Medium,Standard,Staging,0.6505927878247011,0.14733434605018886,6.9262161238664515,43.84946925000082,0,1,3,0,OffHours,1,0,0.2537209639847881
CHG000040,Low,Normal,Staging,0.7432541712034423,0.11352757948245927,10.870193474010314,68.30877453381609,0,1,1,0,BusinessHours,0,1,0.13024982062183793
CHG000041,Low,Standard,Production,0.543154268305195,0.1734674166575461,14.43703381415835,40.843111055717245,0,1,2,0,Weekend,1,0,0.20077407900541594
CHG000042,High,Standard,Dev,-0.6655097072886943,0.025234108703006568,24.671703292134964,67.84562758727017,0,0,2,0,BusinessHours,0,0,0.04792604926064935
CHG000043,Medium,Standard,Production,0.23216132306671977,0.12415904664052732,7.507325760028755,64.8356242618659,0,0,1,0,OffHours,1,0,0.3989686638704998
CHG000044,Low,Standard,Production,0.11668580914072822,0.1419303373375812,1.0,33.31258790182338,0,0,2,0,OffHours,1,1,0.35039577448098747
CHG000045,Critical,Normal,Production,0.21868859672901295,0.08239255269648342,32.96296490030348,70.82601148304238,0,0,4,1,OffHours,1,0,0.20778614246709431
CHG000046,Medium,Standard,Production,0.8714287779481898,0.07620561505631324,26.337488481497342,67.85082327617828,0,0,4,0,BusinessHours,0,0,0.19544846473814503
CHG000047,High,Normal,Dev,0.22359554877468227,0.12902869206421744,15.928064829170149,47.23533658583989,0,1,2,0,Weekend,1,1,0.23488813999686617
CHG000048,Medium,Normal,Production,0.6789135630718949,0.12866670265196495,15.101897967782284,62.451336485428904,0,0,1,0,BusinessHours,0,1,0.2543391796948198
CHG000049,Critical,Standard,Production,0.06757906948889146,0.06769762337201819,33.90707254206725,71.78368919594594,0,0,3,1,OffHours,1,1,0.16219531201496964
CHG000050,Low,Normal,QA,0.28911939868998415,0.09935023453014186,30.903536776940776,72.0359627276288,0,0,2,0,BusinessHours,0,0,0.10281121971898768
CHG000051,Low,Standard,Dev,0.6312882258385404,0.12916456353291977,21.766178272052382,83.09359872207733,1,0,3,0,BusinessHours,0,0,0.02729061020738655
CHG000052,High,Normal,Production,-1.4571558198556664,0.01,30.77960270060979,100.0,1,0,2,1,BusinessHours,0,0,0.014738758910999131
CHG000053,High,Normal,Dev,-0.31967121635730134,0.07999354763530984,18.07376306113572,68.00233178938706,0,1,3,0,BusinessHours,0,0,0.08253314479467494
CHG000054,Medium,Normal,Production,-0.4703726542927955,0.06319411817955921,15.120917327844655,67.65649999852211,0,1,2,0,BusinessHours,0,1,0.09025060317801044
CHG000055,Low,Standard,QA,-0.6388778482433419,0.04819927599644941,17.425887479705107,75.27710819305369,0,0,1,0,BusinessHours,0,0,0.022394917312428406
CHG000056,Medium,Normal,Production,-0.27514225122668373,0.12760821101524525,18.73902622939796,62.504896737426655,0,0,3,0,OffHours,1,1,0.21848865316187088
CHG000057,High,Normal,Dev,1.4949413112343959,0.14083868473297273,27.01602849046359,31.2632416355033,0,1,7,0,OffHours,1,0,0.25673277752984236
CHG000058,High,Standard,Production,-0.8658311156932432,0.05284352832700836,14.602414419551653,71.87764091184582,0,0,1,1,BusinessHours,0,0,0.07121557851527602
CHG000059,Medium,Standard,Staging,0.9682783545914808,0.08768159732136059,28.46388274284355,70.48003033778366,0,1,3,0,OffHours,1,1,0.13585979771023787
CHG000060,Low,Standard,Production,-1.6828697716158048,0.04679440627383182,10.6464469467263,53.54699911191349,0,0,1,0,Weekend,1,0,0.08515195604668266
CHG000061,Medium,Standard,Dev,-0.33488502998577485,0.03680864439493005,26.242182372382917,61.476573008821106,0,0,1,0,BusinessHours,0,0,0.03072224918302968
CHG000062,High,Standard,Dev,0.1627530651050056,0.12931538655407657,18.279140098781966,49.87985689250944,0,0,4,0,BusinessHours,0,0,0.14971518391890135
CHG000063,Medium,Emergency,Dev,0.5862223313592781,0.12403095729807959,28.361379852329982,53.250713518237255,0,1,1,0,Weekend,1,0,0.17147446105369563
CHG000064,Medium,Emergency,Dev,0.711226579792855,0.14564744681918226,19.751985176443352,75.7672152568183,0,0,2,0,BusinessHours,0,0,0.22175611408465148
CHG000065,Critical,Standard,Production,0.7933472351999252,0.12774216771118696,28.68856383318753,51.448153483801406,0,1,6,1,Weekend,1,1,0.19258069355162555
CHG000066,Low,Emergency,Dev,-0.3487250722484376,0.12829801674078184,1.0,44.050654966729205,0,0,1,0,Weekend,1,0,0.4265940376833754
CHG000067,Medium,Normal,QA,-0.46235179266456716,0.015890910995485855,24.479937044671196,75.00452702889811,0,0,2,0,BusinessHours,0,0,0.028565570397196604
CHG000068,Medium,Normal,Production,0.8579758812571538,0.1180866186861975,7.821838976332759,49.78230971474908,0,1,2,0,BusinessHours,0,0,0.4139470779763605
CHG000069,Medium,Emergency,QA,-0.1913043248816149,0.04180368768186339,27.181765935287498,64.4977451014878,0,0,2,0,Weekend,1,0,0.07970488755599237
CHG000070,High,Normal,QA,-1.2756863233379219,0.04647321706970968,19.00085456438088,66.28148919089043,0,0,4,0,BusinessHours,0,0,0.06427512174831318
CHG000071,Medium,Normal,Staging,-1.1332872140034806,0.04129235082750679,20.66997861187681,100.0,1,1,1,0,BusinessHours,0,0,0.014535918502169455
CHG000072,Medium,Standard,QA,-0.9194522860016113,0.01,43.945801851687605,94.74822302157729,1,0,1,0,BusinessHours,0,0,0.005303019678499703
CHG000073,Low,Standard,Production,0.49716074405376404,0.13695132465220114,28.05484950755566,53.60761693903142,0,1,2,0,OffHours,1,0,0.10022387456539109
CHG000074,High,Emergency,Staging,0.14242573607056525,0.019077856456221124,29.22827700075933,76.7355264262782,0,1,2,0,OffHours,1,0,0.13394095799898967
CHG000075,Low,Standard,QA,0.6904853540677682,0.09463875796275277,16.913938633911354,62.829737461380276,0,0,3,0,Weekend,1,0,0.10456179688491057
CHG000076,Low,Standard,Staging,-0.42725264633653426,0.028905187065116612,29.123530139329446,72.02132208846234,0,0,1,0,BusinessHours,0,0,0.0344119993052488
CHG000077,Medium,Standard,Production,0.15853969107671423,0.08006336616719434,26.880786914084055,62.03720639253357,0,0,1,0,BusinessHours,0,0,0.11429293347112986
CHG000078,Medium,Normal,QA,0.6255903939673367,0.1045193951576489,28.989053669330563,62.929834205561185,0,1,3,0,OffHours,1,0,0.06921835142580887
CHG000079,Critical,Standard,Production,-0.3093465397202384,0.08243700873379765,18.043552407918924,48.03640285270231,0,0,3,1,BusinessHours,0,1,0.2687515052666706
CHG000080,High,Emergency,QA,0.45677523755741145,0.12982201190835052,14.873375290202285,24.373515084768652,0,0,3,0,Weekend,1,0,0.4147795381854504
CHG000081,High,Standard,Staging,-0.6619259410666513,0.08596510519714932,9.947607028670479,70.27425186664505,0,0,3,0,BusinessHours,0,0,0.14300523305778154
CHG000082,Medium,Normal,Production,-0.3630538465650718,0.055780207687045835,14.704825053772328,66.29741623765509,0,0,2,0,BusinessHours,0,0,0.11668954556102955
CHG000083,Medium,Normal,Dev,-0.3817378939983291,0.07900760109180159,17.978940221124635,77.03735264965994,0,1,1,0,BusinessHours,0,0,0.03683290421377533
CHG000084,Critical,Normal,Staging,-1.1958396455890397,0.015873282918943896,24.677621785706176,68.85981474536503,0,1,3,0,OffHours,1,0,0.04729639385856833
CHG000085,Medium,Standard,Dev,0.4869724807855818,0.03772076195745643,31.82257263280094,57.06201950687853,0,0,2,0,OffHours,1,0,0.03511472710950589
CHG000086,High,Standard,Production,-0.46940234020272387,0.08121274861791046,11.53716916538972,71.23849871332003,0,1,3,1,Weekend,1,0,0.17140212807012153
CHG000087,Medium,Normal,Staging,0.01249411872768743,0.10960994075906035,5.6120861626841005,56.21834419899101,0,1,2,0,OffHours,1,0,0.1532305404567204
CHG000088,Low,Normal,QA,0.48074665890590895,0.16796088941876766,1.0,61.369156464788205,0,0,1,0,Weekend,1,0,0.3788306448456389
CHG000089,Medium,Standard,Dev,0.4465311760299441,0.06257526316358822,39.93013600791795,76.0418980911668,0,0,2,0,BusinessHours,0,0,0.021547126850755504
CHG000090,Low,Emergency,Production,0.6653851089727862,0.1393850599939232,19.123403651207454,74.33988032450824,0,1,1,1,Weekend,1,0,0.17504278129170522
CHG000091,Low,Normal,QA,-0.09848548450942361,0.07137565413716493,22.67779653376605,78.21539496635089,0,1,1,0,Weekend,1,0,0.04696992632010397
CHG000092,Low,Standard,QA,-0.42329831204415375,0.09500802797547783,6.4884596710626194,63.92190088002239,0,0,1,0,BusinessHours,0,0,0.09916664686112135
CHG000093,Low,Normal,Dev,-0.07971821090639905,0.07556732459638378,15.425394576619125,75.2286720114915,0,1,1,0,BusinessHours,0,0,0.022651804481525085
CHG000094,Medium,Normal,Staging,-1.6873344339580298,0.01,19.374724631488007,78.78863613220837,0,0,1,0,Weekend,1,0,0.01726715853659067
CHG000095,High,Normal,QA,-1.4471124724230873,0.021540627554392358,23.077120343067303,55.092623685673345,0,0,1,0,BusinessHours,0,0,0.086075581533731
CHG000096,Medium,Standard,Production,-1.3226996123544024,0.01,27.40989340605039,87.44267329754715,1,0,2,0,OffHours,1,0,0.00972837125924411
CHG000097,High,Standard,Staging,-0.9972468276014818,0.01,41.66847048480583,100.0,1,0,1,0,BusinessHours,0,0,0.004415248093756307
CHG000098,Medium,Standard,Dev,0.3997742267234366,0.1009277039429061,16.268921911502368,27.687058325702484,0,0,2,0,BusinessHours,0,0,0.13380287915571198
CHG000099,Low,Standard,Staging,-0.9054790553600608,0.09620685612039101,13.406122762222747,70.71896122542337,0,0,1,0,BusinessHours,0,0,0.04428906356261106
CHG000100,Low,Standard,QA,-0.3781625540393897,0.05447010770279293,16.988168856153102,43.4587330902592,0,0,1,0,BusinessHours,0,0,0.03777223011280628
CHG000101,Critical,Normal,Dev,1.2992282977860654,0.07933351805247374,32.92113921322968,65.56991308584128,0,1,6,0,OffHours,1,0,0.09693907403735812
CHG000102,Medium,Normal,Staging,-0.35626397106142593,0.0574650871077763,35.157919478683155,76.10011185433925,0,0,1,0,OffHours,1,0,0.04513238156738024
CHG000103,Critical,Standard,QA,0.7375155684670865,0.12571428580845936,23.032859472529992,67.11342519126453,0,1,5,0,OffHours,1,0,0.17476032056395382
CHG000104,Medium,Normal,Production,-0.933617680009877,0.03441902634803758,25.074693278035753,75.24681444157356,0,0,3,0,BusinessHours,0,0,0.05971112779579533
CHG000105,High,Standard,Staging,-0.20543755786763002,0.1356552767402161,8.77506263152188,77.40991893813018,0,0,3,0,BusinessHours,0,0,0.10708353751445121
CHG000106,High,Standard,QA,-0.9500220549105812,0.01,28.436436196470105,92.82717091687543,1,0,1,0,BusinessHours,0,0,0.009432655282329425
CHG000107,Critical,Normal,Production,-0.3390330759005625,0.03779671230626849,7.7856697561189385,62.692862469407714,0,1,3,1,BusinessHours,0,0,0.2507491972424434
CHG000108,Low,Normal,Staging,0.8403081374573955,0.1304694154488345,24.92450238377578,69.58971370491727,0,0,2,0,OffHours,1,1,0.2020957725732835
CHG000109,Critical,Standard,Dev,-1.7273204231923487,0.01,21.75368410705113,79.32672235537487,0,0,4,0,OffHours,1,0,0.018975789497158
CHG000110,Medium,Normal,Staging,0.43442364354585733,0.08638782331550152,16.072530510999194,54.390355469440344,0,0,3,0,BusinessHours,0,0,0.24894109869980455
CHG000111,High,Normal,Production,0.2377356023322779,0.10901340919947834,11.283456730694894,47.000753093978034,0,1,4,1,OffHours,1,0,0.2196375198499021
CHG000112,Medium,Normal,QA,-0.5941499556967944,0.04669959228828695,19.90324337176323,85.57079326314356,1,1,4,0,BusinessHours,0,0,0.04373005308763679
CHG000113,Medium,Emergency,QA,-1.4460578543884546,0.01,25.021582249028455,68.53564817950219,0,0,2,0,Weekend,1,0,0.04562447564232651
CHG000114,Medium,Standard,Staging,0.07212950771386951,0.010328401405246317,42.28543293555481,46.890364692440095,0,0,2,0,BusinessHours,0,0,0.02807361093350546
CHG000115,High,Standard,QA,-0.5294927090638024,0.05842530515530685,28.98006679280017,79.83913765375654,0,0,3,0,Weekend,1,0,0.04876253894055211
CHG000116,Medium,Normal,Dev,0.23267621135470395,0.031388691920224476,23.853258223749336,63.55358804117108,0,0,5,0,OffHours,1,0,0.10337405709898491
CHG000117,Medium,Normal,Staging,0.02185214552344288,0.11324233984314183,10.070002742628382,59.842837443833744,0,1,1,0,Weekend,1,0,0.09043024654608635
CHG000118,Medium,Standard,Production,1.6017788913209154,0.15579796680829383,2.9192645334302636,44.422985744745304,0,0,3,0,OffHours,1,0,0.4943131857339094
CHG000119,High,Standard,Production,-0.23935562747302427,0.08142935837538931,20.100623458138255,67.4541191332349,0,1,2,1,OffHours,1,0,0.11394856565241687
CHG000120,Medium,Standard,Dev,-1.023497492621865,0.017112629777773378,14.713843858701143,100.0,1,0,1,0,BusinessHours,0,0,0.008295846417529788
CHG000121,Medium,Standard,QA,0.17927563495631615,0.16834519049511384,10.36203790459045,73.55986301565387,0,0,1,0,BusinessHours,0,0,0.15938403814177302
CHG000122,Medium,Standard,Dev,0.21999668397176517,0.07948873378109503,16.65070788279133,69.33360419546821,0,0,1,0,BusinessHours,0,0,0.06592265090315672
CHG000123,Medium,Emergency,QA,1.3591875752404365,0.10097544011397036,19.423455192391398,46.44211855805353,0,1,3,0,Weekend,1,1,0.23175730234592828
CHG000124,Medium,Standard,Staging,0.8351112459145785,0.12958025136982237,11.171727521362499,68.29103965110777,0,1,3,0,OffHours,1,0,0.21983472349632407
CHG000125,High,Normal,QA,0.35687105914950934,0.07450255531163692,32.61404673003866,75.44110071335919,0,1,3,0,OffHours,1,0,0.0590265554297255
CHG000126,High,Standard,Production,1.4633028912195618,0.1399527147942879,16.736679891016323,66.44284668265779,0,1,6,1,BusinessHours,0,0,0.3083130490103579
CHG000127,Medium,Standard,Staging,-1.188763054322851,0.014513655673703413,30.543899797899442,90.8209916411462,1,0,1,0,BusinessHours,0,0,0.0049089371179039465
CHG000128,Low,Emergency,Staging,-0.6397515327497477,0.06271758479807654,26.25863790802172,63.50212859514834,0,0,1,0,BusinessHours,0,0,0.06375682090621196
CHG000129,Medium,Standard,Production,-0.9265759414055249,0.024089969471913303,18.823938781456853,84.26607155810412,1,1,1,0,BusinessHours,0,0,0.01249420794639167
CHG000130,Low,Standard,Staging,-0.38980980315576796,0.10783388030378221,14.725436579459451,56.520199644828914,0,1,3,0,BusinessHours,0,0,0.061802403600874085
CHG000131,Low,Normal,Production,-1.3766861475563088,0.02643134714890004,10.211112372719814,76.79843556662091,0,0,1,0,BusinessHours,0,0,0.030809753413485127
CHG000132,High,Standard,Production,0.6351509468144043,0.09081979369818596,9.819007420838657,48.25692178989823,0,1,5,1,OffHours,1,0,0.23466565319565313
CHG000133,Medium,Standard,Staging,-0.22222269709877338,0.11571159038586115,10.699382605708214,46.84031761081318,0,0,1,0,BusinessHours,0,0,0.15295831712964753
CHG000134,Medium,Emergency,QA,-1.4708062945026579,0.036227056250694396,20.91887545814694,32.63994959942092,0,0,1,0,BusinessHours,0,0,0.049320245828819644
CHG000135,Critical,Standard,QA,-1.0155790812075416,0.07739516501356666,16.222569344388468,76.3404671079729,0,1,5,0,OffHours,1,0,0.048236376519205336
CHG000136,Low,Normal,Production,0.3135138474501953,0.0698386197212866,34.033878463743605,74.1644850531576,0,0,2,0,OffHours,1,0,0.15261278994596042
CHG000137,Low,Standard,Dev,0.8381265678943811,0.08845220684818486,16.473810842158343,74.5494736130629,0,0,1,0,BusinessHours,0,0,0.05510785383381575
CHG000138,Low,Standard,Production,1.9967308916917865,0.16333601731900946,11.949533102084555,31.727804733878337,0,0,2,0,Weekend,1,1,0.6553323296177984
CHG000139,Low,Normal,QA,2.9138624660073296,0.22042537995688674,24.45141531058958,50.250094563435695,0,1,6,0,BusinessHours,0,1,0.34406547894060335
CHG000140,High,Normal,Production,0.4144094332759964,0.08918501672484665,20.86524280105506,60.40164153624992,0,0,4,1,OffHours,1,1,0.3662346007333603
CHG000141,High,Standard,QA,-0.9895381200318641,0.15244384059327423,1.0,61.67994410411394,0,0,2,0,OffHours,1,1,0.2687873774596222
CHG000142,Medium,Normal,Production,-2.132046280731309,0.01,10.826058747243403,70.84641099539775,0,0,1,0,BusinessHours,0,0,0.03528672620916463
CHG000143,Medium,Normal,Dev,0.2677114623438358,0.06847127573335,31.733223447315996,66.37569100911998,0,0,2,0,BusinessHours,0,0,0.040828325978488185
CHG000144,Medium,Normal,QA,-0.812941095310326,0.10318671685902672,7.211757226833804,41.0888901327846,0,0,3,0,BusinessHours,0,1,0.11291431259077174
CHG000145,Low,Normal,Production,-0.41535726017968533,0.08467234274545282,19.1784244922832,60.50865474367587,0,0,1,0,BusinessHours,0,0,0.09681537454654486
CHG000146,Medium,Normal,QA,-0.6120967990598081,0.029725868103858372,35.17616250538876,81.03078163105276,1,1,1,0,BusinessHours,0,0,0.009390972278322128
CHG000147,Medium,Normal,QA,-0.14079088641638526,0.09882455400852394,13.23335712647497,62.89154573341145,0,0,2,0,OffHours,1,0,0.1493770057979411
CHG000148,Low,Standard,Production,1.0659802307876436,0.11183321823001734,19.318481727438847,36.25660770364904,0,1,1,0,BusinessHours,0,1,0.14889332936939687
CHG000149,High,Normal,Production,0.15704856744534462,0.15790166319668986,8.684985286418172,48.47808807817846,0,1,2,1,BusinessHours,0,0,0.30256202623488326
CHG000150,High,Normal,Dev,-0.1586348370386883,0.0120987232351421,28.91256036581499,79.58348350687218,0,1,3,0,BusinessHours,0,0,0.023187028110475495
CHG000151,Medium,Emergency,Staging,-1.0356537528258116,0.01,14.719621574126938,79.59842256477194,0,0,1,0,OffHours,1,0,0.07472313346282215
CHG000152,Medium,Emergency,QA,-1.674682944704357,0.01,17.744503144185334,58.58369992412448,0,0,1,0,BusinessHours,0,0,0.029429053503265818
CHG000153,Medium,Standard,QA,-0.4863079090733309,0.01,30.994758589065956,84.25133473209848,1,0,2,0,OffHours,1,0,0.007904078973836088
CHG000154,Low,Standard,Staging,-0.05378255081832049,0.06991825703190163,15.935459626368626,63.32182795236842,0,0,1,0,BusinessHours,0,0,0.03438957733434466
CHG000155,Low,Normal,Dev,1.767929913579883,0.22127541055098796,17.71869364769777,39.37784260920717,0,1,1,0,BusinessHours,0,1,0.20474773971984553
CHG000156,Medium,Normal,Staging,0.13027452147288585,0.06383010514649501,14.913982894690449,48.896003519351176,0,0,3,0,OffHours,1,0,0.1287774221467549
CHG000157,Critical,Normal,QA,0.9827395110230576,0.08881054364193224,18.634002579915382,48.0705237643765,0,0,4,0,OffHours,1,0,0.2381213899514762
CHG000158,Medium,Standard,Production,-0.49929559853915206,0.08053232360608628,23.0900074201733,58.92800190774047,0,0,2,0,OffHours,1,0,0.13069291052059062
CHG000159,Medium,Normal,Staging,-1.1849437664170246,0.12702968802034587,3.2710151478453233,72.23498049872606,0,0,3,0,Weekend,1,0,0.16353754167996057
CHG000160,Medium,Emergency,QA,-0.9651167622323719,0.027233803086832056,12.898329466284643,53.28860988460147,0,0,1,0,Weekend,1,0,0.07906851814921531
CHG000161,Medium,Emergency,Production,-0.7252260645357532,0.10721333370198702,16.01690328026883,39.51147305501402,0,1,1,1,OffHours,1,0,0.3021224620129688
CHG000162,Low,Standard,Production,2.1284697324351645,0.11164855172222739,39.704594844105,61.79574774514232,0,1,5,0,BusinessHours,0,0,0.09177980601086408
CHG000163,Medium,Emergency,QA,-0.8213866792243861,0.09398413635643527,16.87039605757047,62.87116706181937,0,1,1,0,BusinessHours,0,0,0.04578100841466533
CHG000164,High,Standard,Production,0.838489203736345,0.14358562560442661,11.143698955572301,51.13693079364839,0,1,6,1,Weekend,1,1,0.5422148072756282
CHG000165,High,Normal,QA,-0.9029271780870264,0.0719556607792991,12.123006101383817,70.3808425888663,0,0,2,0,OffHours,1,0,0.11630533294068346
CHG000166,Critical,Standard,QA,0.9315730128742441,0.17562998733648066,1.0,32.206700675241315,0,1,4,0,BusinessHours,0,0,0.42295322307726246
CHG000167,Low,Normal,QA,0.38495096610586316,0.12008816389377724,12.827742435226284,43.43733256270308,0,1,4,0,BusinessHours,0,0,0.1443299301851975
CHG000168,Medium,Standard,Dev,-0.1566378976580904,0.06224219619549659,32.356312647402326,85.20237255047101,1,1,2,0,OffHours,1,0,0.007190940121205656
CHG000169,Medium,Standard,Staging,-0.040762526135434025,0.01,41.13873322946352,79.19743721380246,0,0,4,0,OffHours,1,0,0.01787248345222946
CHG000170,Low,Standard,Staging,-0.6547876954293904,0.01,25.97494110666456,82.48037270194614,1,0,1,0,BusinessHours,0,1,0.009411108273533392
CHG000171,Low,Emergency,Production,0.44607220148208054,0.09760027172744357,23.97445499246981,65.47562379319136,0,1,2,1,BusinessHours,0,0,0.20984189737655834
CHG000172,High,Normal,QA,-0.45498348034078,0.09107071646923591,10.867595788018807,75.76506901047111,0,1,1,0,BusinessHours,0,0,0.06438930721918756
CHG000173,Medium,Normal,Dev,-1.2256057637672482,0.048055105952606536,21.439441450954185,51.67192123247976,0,0,2,0,Weekend,1,0,0.07755400295399115
CHG000174,Medium,Normal,QA,-1.2779375743196193,0.01,32.61771666155951,88.24387626329663,1,0,1,0,BusinessHours,0,0,0.00583526002090982
CHG000175,Medium,Standard,Dev,0.17258791772211948,0.06815205133688147,15.18497213921787,74.78803350332174,0,1,2,0,Weekend,1,0,0.033360404454165715
CHG000176,Medium,Standard,Production,1.579091256410435,0.1009480215604254,34.04895982845996,73.4496255397195,0,1,4,0,OffHours,1,0,0.09776589722167935
CHG000177,Low,Standard,Production,0.15999161357343825,0.05763227190672332,27.90742250259833,75.68199857935686,0,0,1,0,Weekend,1,0,0.047931036503951106
CHG000178,Low,Normal,Production,-0.11863832610988256,0.1278729262783571,5.110008266868371,34.08892978928593,0,1,1,0,Weekend,1,0,0.24280906885340134
CHG000179,Medium,Emergency,Production,0.2858261396025429,0.11478621321471184,13.515156748647822,40.65349584935209,0,0,3,1,BusinessHours,0,1,0.43077059258214484
CHG000180,Medium,Standard,QA,1.3060017417068248,0.12443991812758666,15.295838929788994,50.70059694568683,0,0,3,0,OffHours,1,0,0.40794054478630265
CHG000181,Critical,Normal,Dev,0.21938250136385634,0.06419282450215438,15.26774339044788,45.57522721543503,0,0,5,0,OffHours,1,1,0.23875286476491725
CHG000182,Medium,Normal,QA,-0.41092723083373717,0.0629325098845964,20.350507755190797,77.38884650999947,0,0,1,0,BusinessHours,0,1,0.09113448383186878
CHG000183,Low,Emergency,Production,1.1062887100598888,0.044639071754959785,38.51777629374631,65.71209536702654,0,0,2,1,BusinessHours,0,0,0.07492387284570666
CHG000184,Low,Standard,QA,0.4287564384616135,0.1407546671915327,15.044550604131235,30.27353600070781,0,0,1,0,OffHours,1,0,0.18534646682471015
CHG000185,High,Emergency,Dev,1.535755991995992,0.12730248412762835,25.432109898833694,37.517408683435775,0,1,4,0,Weekend,1,0,0.3494937251102412
CHG000186,Low,Normal,Staging,0.18323443722190613,0.0837417123406707,24.903127387545606,64.41376723670018,0,0,1,0,BusinessHours,0,0,0.06816174331109591
CHG000187,Low,Normal,QA,-1.2244690317205003,0.05948422941352734,16.738938357482873,73.22626377358722,0,0,1,0,BusinessHours,0,0,0.023146142978632933
CHG000188,Medium,Normal,Staging,-1.368159199245665,0.020194866363448027,22.43711118550591,93.7519916632279,1,0,1,0,Weekend,1,0,0.02111512214793793
CHG000189,Medium,Standard,Dev,1.6509279322312496,0.18357466225068314,7.203293032577273,51.420438626164156,0,1,2,0,BusinessHours,0,1,0.16667648415548456
CHG000190,Medium,Normal,Staging,1.723665720783297,0.1415949603865689,21.02459071350377,35.57060226039585,0,1,5,0,Weekend,1,0,0.24642432649987825
CHG000191,Medium,Normal,QA,-0.17951921328260065,0.0549511354040946,23.332115556622846,52.14184706062717,0,0,2,0,BusinessHours,0,0,0.08142724097372189
CHG000192,Low,Normal,Production,-0.38318732113598775,0.05823577608559319,35.77034684249034,67.1569046480902,0,1,2,0,BusinessHours,0,0,0.0713611248350214
CHG000193,High,Normal,Production,1.4614442922422022,0.15541703035340265,18.426344651372915,58.81437532814024,0,1,4,1,BusinessHours,0,0,0.21529821960225504
CHG000194,Medium,Normal,Dev,-1.107045682043488,0.011645463244084525,17.96431342145121,95.65323463051493,1,1,1,0,BusinessHours,0,0,0.002972810665357512
CHG000195,Medium,Standard,Production,-0.8947270189558264,0.0326056116595803,24.307830119786022,99.47530171799636,1,0,1,0,BusinessHours,0,0,0.010819950846552205
CHG000196,Low,Standard,Production,0.6433267946890444,0.09451937605761727,11.992698812261548,81.76311814660949,1,0,1,0,OffHours,1,0,0.09322245912483168
CHG000197,Medium,Normal,Staging,-0.3946051228595896,0.08140504266628057,6.992458880189108,54.64633210364042,0,1,1,0,BusinessHours,0,0,0.11204268028728728
CHG000198,Medium,Normal,Production,-0.005121866720071296,0.10558599239165159,8.711937114115202,72.05555418860499,0,1,2,0,Weekend,1,0,0.22434307764561456
CHG000199,Medium,Normal,Production,-0.16344289852451258,0.10492612489603731,13.720447471989317,69.87766951185726,0,0,2,0,BusinessHours,0,1,0.11317283684958947
CHG000200,Medium,Standard,QA,0.33757454879893356,0.12040069498237023,16.694218355677855,50.97638604472553,0,0,1,0,BusinessHours,0,0,0.07959664969519248
CHG000201,Critical,Normal,QA,1.4074818613137168,0.10159651351221649,20.988095323491287,27.73707783327454,0,0,2,0,OffHours,1,1,0.552656266890226
CHG000202,Low,Normal,QA,0.09058490690174555,0.16062315810346872,12.271487019799908,59.45448626569104,0,0,2,0,BusinessHours,0,0,0.11459568709466492
CHG000203,High,Normal,Staging,0.6439387932768579,0.14974325136963815,15.871674502746767,33.58907078662128,0,1,5,0,OffHours,1,1,0.42648651151112427
CHG000204,High,Standard,Production,-2.0501721010310225,0.06570705601370089,6.992985348407733,59.62561906598611,0,0,2,1,BusinessHours,0,0,0.08140004967566662
CHG000205,Medium,Standard,Staging,-0.04871840193011795,0.050300902848121096,22.763343984624537,55.527098810367335,0,0,1,0,OffHours,1,0,0.1053074481301106
CHG000206,Medium,Normal,QA,-0.8432302702928711,0.08562263571510122,6.731950946251179,64.083200056882,0,0,2,0,BusinessHours,0,0,0.16949110277269677
CHG000207,Medium,Normal,Production,-1.218813060423628,0.07772020644572081,19.96855467945249,83.11427914708675,1,0,1,0,BusinessHours,0,1,0.05812404548234059
CHG000208,Critical,Standard,Production,-0.8781523669287508,0.033196006333809765,19.203625911159236,69.42082732519737,0,1,3,1,OffHours,1,0,0.1837546451597599
CHG000209,Medium,Normal,QA,-0.33412344070081207,0.048946354254359656,5.413555920035812,51.85497619903596,0,0,1,0,BusinessHours,0,0,0.08911435167790145
CHG000210,Medium,Standard,Production,0.9159025423560131,0.11195364308534457,26.13376551753291,35.509441820675875,0,1,3,0,Weekend,1,1,0.15130732057452964
CHG000211,Low,Standard,QA,-1.326392717739564,0.01,26.057276488388027,86.29318578314904,1,0,2,0,BusinessHours,0,0,0.00309338748100911
CHG000212,High,Standard,Staging,0.030631492594417446,0.12653481205457542,14.592045431151238,61.25169707546715,0,1,5,0,BusinessHours,0,0,0.08500106475001191
CHG000213,Low,Standard,Staging,-0.4841694333335785,0.0705456723772646,16.983887958360583,59.21792134828146,0,0,1,0,BusinessHours,0,0,0.04283962455943008
CHG000214,Low,Normal,Production,-0.32767309436196085,0.049035807259699346,28.055686831689247,85.37649432034529,1,0,1,0,BusinessHours,0,0,0.04292889303946909
CHG000215,Medium,Standard,QA,1.0027578253046041,0.15548371604196118,3.700476303800409,37.690324396821815,0,0,1,0,OffHours,1,0,0.24053998319520206
CHG000216,Medium,Normal,QA,0.5381154370039261,0.14567704354000552,11.983426468585371,46.997364072479826,0,0,4,0,BusinessHours,0,0,0.17218024347263727
CHG000217,High,Normal,Staging,1.3373981074427437,0.08342600129893217,32.98534139847814,59.735970949765864,0,1,5,0,OffHours,1,0,0.21823640937581715
CHG000218,High,Standard,Production,-0.15450567924990047,0.06618411586016079,28.31463823481756,65.67915847879704,0,0,3,1,BusinessHours,0,0,0.05881732412779181
CHG000219,Low,Standard,Dev,-0.695942611670703,0.02368111892426198,19.180495071744918,81.38744394317925,1,0,1,0,Weekend,1,0,0.014402750573716814
CHG000220,Medium,Standard,QA,-0.22385881688049952,0.04360674075748883,15.566345118608332,78.83734885069254,0,0,2,0,BusinessHours,0,0,0.019517457630246513
CHG000221,High,Normal,Production,0.2424967912712216,0.1624336282680169,12.686403531040199,61.8307148992684,0,0,5,1,BusinessHours,0,1,0.5686017052884041
CHG000222,Medium,Emergency,Production,0.17657335845371103,0.06335059481191523,29.895274127463388,69.09210640446682,0,0,3,1,BusinessHours,0,0,0.21224487542902107
CHG000223,Low,Normal,QA,-1.0843880722333665,0.031228911741247565,30.706744476415142,75.03505581553296,0,0,3,0,BusinessHours,0,0,0.019689633450288013
CHG000224,Medium,Normal,QA,0.09048978162787422,0.03168504320427892,32.06106482115945,67.27373683020869,0,1,3,0,BusinessHours,0,0,0.0388278603561149
CHG000225,Medium,Normal,Staging,0.22822833013890514,0.040109185647360296,19.129226450146597,71.34763768126712,0,1,1,0,OffHours,1,0,0.08639519427549475
CHG000226,Critical,Normal,Staging,2.5174740375339204,0.1754720969964631,7.884229652022942,42.919008221906815,0,1,6,0,BusinessHours,0,1,0.6085169568344911
CHG000227,Medium,Normal,Staging,1.8768446112816701,0.18275875799632368,15.486779180131316,48.62480544341442,0,0,3,0,BusinessHours,0,0,0.39563888515164636
CHG000228,Low,Normal,Production,-0.8532433505588201,0.0438498834990159,22.750943182578553,80.51215690103034,1,0,1,0,OffHours,1,0,0.03392915993020874
CHG000229,High,Standard,Dev,-0.2873833615491761,0.08269776295277026,19.759316836651596,66.7795018266132,0,1,4,0,BusinessHours,0,0,0.07227740607461475
CHG000230,Medium,Standard,Production,-1.4634420018370031,0.01,21.388615767291522,86.48581072647,1,0,2,0,BusinessHours,0,0,0.004786117046216918
CHG000231,High,Normal,Dev,-0.5907070139634865,0.11014745564746027,8.198379758845842,49.12939933730993,0,0,2,0,OffHours,1,0,0.18415908691741342
CHG000232,Medium,Normal,Production,0.3156050035903405,0.08898965245836359,16.555602643544887,74.88059627336526,0,1,3,0,BusinessHours,0,0,0.1662224792062645
CHG000233,Low,Standard,Dev,1.2058536208882336,0.0824934837645356,41.28835181912132,56.38685915480896,0,0,4,0,OffHours,1,0,0.02813235115266761
CHG000234,Medium,Emergency,Dev,-0.7290838377436085,0.08654518956587041,13.45732122343262,61.720480238351364,0,0,3,0,OffHours,1,1,0.157743235647984
CHG000235,Medium,Standard,Dev,-0.6541464400677965,0.053889343922326895,20.30432719691497,62.732297275484726,0,1,1,0,BusinessHours,0,0,0.019200178117689082
CHG000236,Low,Normal,QA,-2.147289029738655,0.029326019423988842,14.381537278916543,88.98839822977116,1,0,1,0,OffHours,1,0,0.01273648936495501
CHG000237,Medium,Emergency,QA,-0.16266592054490767,0.029087003704228877,27.064698748674648,69.25713721443842,0,0,1,0,BusinessHours,0,0,0.16326123079134958
CHG000238,High,Standard,Staging,-1.062414411859563,0.06319232854930998,10.010328743773,68.32086331056988,0,1,1,0,OffHours,1,0,0.037715645540888444
CHG000239,High,Emergency,Production,-0.5294394273660737,0.06172824573073522,3.1608325811006104,76.59288361067996,0,0,1,1,BusinessHours,0,0,0.2826270141480931
CHG000240,Medium,Normal,Staging,-0.8768607781675882,0.04464423092965397,25.606617235665848,75.70816134192079,0,1,1,0,BusinessHours,0,0,0.01926143544504412
CHG000241,Low,Normal,Staging,-0.09426255425255699,0.093219545250641,13.255061603897644,71.44305917415647,0,1,1,0,BusinessHours,0,0,0.08005237791043497
CHG000242,Medium,Emergency,QA,-1.7577283913566313,0.01,20.52129463471114,65.86733489101762,0,1,1,0,BusinessHours,0,0,0.010399929130475912
CHG000243,Medium,Normal,Production,-1.4670452453909906,0.01,19.037530976293787,87.35165286322112,1,0,1,0,BusinessHours,0,0,0.011890202170480084
CHG000244,Low,Normal,Dev,2.129247112028298,0.08779918734805106,25.56614398196222,44.16119187535922,0,1,4,0,BusinessHours,0,0,0.11562534236492153
CHG000245,High,Normal,QA,-1.287422581274031,0.01977614048529289,20.54994176978642,76.51682277505388,0,0,2,0,OffHours,1,0,0.052040756052765105
CHG000246,Critical,Standard,Dev,-1.0967855784546396,0.01,46.407212052403544,95.84615232159692,1,1,1,0,BusinessHours,0,0,0.0016474900906300212
CHG000247,Low,Standard,QA,1.836913528321314,0.12485728031036028,17.009741890853178,68.22913329735563,0,1,6,0,BusinessHours,0,1,0.05503664942025788
CHG000248,High,Standard,Staging,2.905067169240407,0.18977536814288104,13.831321086228598,35.98460673179955,0,1,5,0,BusinessHours,0,0,0.36774413242074216
CHG000249,Medium,Standard,Dev,-1.1715666288253417,0.04928598322212705,18.640382290332333,100.0,1,0,1,0,OffHours,1,0,0.011854503091863254
CHG000250,Medium,Normal,Dev,-0.36824895678803055,0.06170726398980252,18.27548627536088,50.68153663863941,0,1,2,0,OffHours,1,0,0.053096656200353094
CHG000251,Medium,Emergency,Production,0.34155555094050954,0.028345535839008704,31.398447639832657,65.04723444846023,0,0,2,1,OffHours,1,0,0.21180264866807616
CHG000252,Low,Emergency,Dev,1.7286976444055924,0.05792975399725256,27.009993776683142,56.590649497010716,0,0,2,0,OffHours,1,0,0.12533488589760677
CHG000253,Low,Standard,Staging,-0.9868570784282374,0.01,31.804614465191726,89.7002867857149,1,0,1,0,OffHours,1,0,0.0037517755477867788
CHG000254,Critical,Normal,QA,-0.24527784594210975,0.03172905531046472,24.403183548875788,66.27385729975627,0,0,3,0,BusinessHours,0,1,0.14882869976706462
CHG000255,Medium,Normal,Production,0.777337576061744,0.1703600208113305,6.862057594070611,52.89292379440817,0,1,2,0,OffHours,1,0,0.5254231006148629
CHG000256,Medium,Standard,Production,0.43476607446661863,0.039136114716957444,16.588123690928047,58.158625305025744,0,1,4,0,BusinessHours,0,0,0.11109571963935669
CHG000257,Medium,Normal,Dev,-0.37615607123009925,0.1080162044752718,5.726345318917285,81.79711511880436,1,0,2,0,OffHours,1,0,0.08909002850714834
CHG000258,Critical,Standard,Production,-0.13382296451604114,0.16170096251826005,17.960317793065308,48.03699491209081,0,0,4,1,OffHours,1,1,0.5056015608383675
CHG000259,Medium,Emergency,QA,-1.3748958083699818,0.014172478497533456,20.165916561436134,65.89702760629802,0,0,1,0,BusinessHours,0,0,0.039508438221903086
CHG000260,High,Standard,QA,-0.23817374397466523,0.05472210500928002,28.133693673477882,62.60778207344484,0,1,3,0,BusinessHours,0,0,0.023713397403117783
CHG000261,High,Normal,Staging,-0.2663874900089551,0.05077012284464747,26.245027793909784,63.85156172495678,0,0,2,0,BusinessHours,0,0,0.050976591656379376
CHG000262,Medium,Normal,Production,0.23216988962625595,0.08446309751758196,22.416509787346754,49.80955561772337,0,1,1,0,OffHours,1,0,0.11940392779811732
CHG000263,Medium,Normal,QA,-0.555327218819016,0.03366918494374399,21.072674713953216,81.2285198849679,1,0,1,0,BusinessHours,0,0,0.026483249329564525
CHG000264,Medium,Standard,QA,0.471538522545139,0.10823519425061366,18.850939291410864,46.26130523417811,0,1,2,0,BusinessHours,0,1,0.11238548157859443
CHG000265,High,Standard,Dev,1.0127158178198286,0.13671234920434372,21.02554600367821,46.59763495341001,0,0,5,0,BusinessHours,0,0,0.21545204757633973
CHG000266,Medium,Emergency,Staging,0.15542932766846604,0.09326944892743369,3.995020188825897,31.648719371029003,0,0,3,0,OffHours,1,0,0.47950052585744257
CHG000267,Low,Standard,Production,0.35175640839920347,0.1708158966189822,2.0024968826598637,51.814969730896316,0,1,1,0,OffHours,1,0,0.3165336554541527
CHG000268,Low,Standard,QA,0.053155347577867364,0.05207096212645873,31.304676735139783,70.01935029804257,0,0,3,0,OffHours,1,0,0.04882962310065084
CHG000269,Medium,Emergency,Production,8.439309141418043e-05,0.10265881061912831,1.0,50.04255333765034,0,0,3,1,Weekend,1,0,0.5191203324235827
CHG000270,High,Normal,Dev,-0.7215580335428474,0.014450566169027077,28.53249911822175,67.74362799139202,0,0,3,0,BusinessHours,0,0,0.03862192829032644
CHG000271,High,Normal,Production,0.316494261673308,0.08802699560096365,31.554788000487424,75.44927232779077,0,1,3,1,BusinessHours,0,0,0.16809553460963303
CHG000272,Medium,Standard,Production,-0.09728659841348947,0.09966826995064824,11.29672927514296,53.494886779581684,0,1,1,0,OffHours,1,0,0.11878726889402345
CHG000273,Low,Normal,Staging,2.093168308930595,0.13958263978832186,25.49546029177969,53.22900579129118,0,1,2,0,BusinessHours,0,0,0.280444949436462
CHG000274,Low,Normal,Dev,1.5733549024752425,0.15577084004458402,17.222295495913496,46.1082645133171,0,1,5,0,OffHours,1,0,0.28773310747165376
CHG000275,High,Standard,QA,0.3858465525565008,0.14784708564770735,1.0,28.7302580955494,0,1,2,0,Weekend,1,0,0.20265189429589156
CHG000276,Medium,Standard,Dev,-0.7630572096947675,0.09371723300961113,25.196151250996063,96.31303174532269,1,0,1,0,BusinessHours,0,0,0.01836130689395781
CHG000277,High,Standard,Staging,-1.112411471983418,0.023287990372543404,17.719709562481288,77.50062685625738,0,0,2,0,BusinessHours,0,0,0.04711001452208672
CHG000278,Low,Normal,Production,1.191142953088865,0.1625060320604834,15.714419545722407,54.552706329518486,0,1,1,0,Weekend,1,0,0.2984762122968309
CHG000279,Medium,Standard,QA,0.2627492251471385,0.042611781212318914,36.32738688537525,80.7818387483279,1,0,3,0,BusinessHours,0,0,0.013199072527342362
CHG000280,High,Normal,Dev,0.4801434033916108,0.17577768066588612,11.329106152545304,75.10581576702295,0,1,4,0,BusinessHours,0,1,0.22914749285694913
CHG000281,Low,Standard,QA,-1.7445859869741926,0.01131176236371861,34.64355139162426,95.27918308311867,1,0,1,0,BusinessHours,0,0,0.003723133437249642
CHG000282,Low,Standard,Staging,0.9274384815581808,0.14700901638400615,15.091274116201745,54.80200965063483,0,0,2,0,BusinessHours,0,0,0.2588839821356885
CHG000283,Medium,Emergency,Staging,0.45442033821436295,0.09132952382296239,31.319003718196775,49.22276497171265,0,1,3,0,BusinessHours,0,0,0.08140050841924208
CHG000284,Medium,Emergency,QA,-1.110430684414478,0.031225212025154783,23.355084042716555,59.3659687230533,0,0,3,0,BusinessHours,0,0,0.04838170471456913
CHG000285,Critical,Normal,Production,-0.47152480744994896,0.06485779783870986,32.543011272607274,49.78853237364335,0,1,2,1,BusinessHours,0,0,0.1010198869231357
CHG000286,High,Emergency,Dev,0.2637172043565196,0.14745976597871316,5.110915642310883,41.85664619962832,0,0,4,0,BusinessHours,0,1,0.42750361489207217
CHG000287,High,Standard,Staging,0.05246679835624363,0.10691670880934911,5.188287661352581,67.163210665835,0,0,4,0,OffHours,1,0,0.31943428788113104
CHG000288,Low,Normal,QA,-0.292171185803555,0.03200793771444893,28.18316770703004,81.43166981711977,1,0,1,0,BusinessHours,0,0,0.010435580035761956
CHG000289,Medium,Standard,Dev,-0.10348826806596086,0.01,37.46709269810535,85.61724214498798,1,0,2,0,Weekend,1,0,0.009108638725599458
CHG000290,High,Normal,Staging,-0.25197737820688537,0.06452247850693428,10.969384530233768,64.19360476212269,0,0,3,0,Weekend,1,0,0.10810622199107937
CHG000291,Medium,Normal,Staging,0.15256251210246857,0.09546175392832137,12.803456094566407,64.11007784636806,0,0,1,0,BusinessHours,0,0,0.2166677562521945
CHG000292,Critical,Normal,QA,1.471491972993157,0.12169542396025106,21.80905938650502,65.4908423507502,0,0,4,0,BusinessHours,0,1,0.5192662346501317
CHG000293,Medium,Standard,Production,-2.5666584409312976,0.01,43.14056729725082,75.80212696793409,0,0,1,0,OffHours,1,0,0.003251845739898851
CHG000294,Low,Standard,Staging,-0.23685026450968424,0.07762008746642257,22.963060192353932,71.26483137412727,0,0,1,0,BusinessHours,0,0,0.037914340360176345
CHG000295,Medium,Emergency,QA,0.17651242137244696,0.028162155661511666,22.653617600813774,88.7933958024991,1,0,1,0,BusinessHours,0,0,0.023547582294289746
CHG000296,Medium,Normal,Production,0.2959939896870995,0.08831498231502824,8.6770788655116,53.95216820124389,0,0,2,0,BusinessHours,0,0,0.3599348376207608
CHG000297,Low,Standard,Production,-0.37191458132128985,0.044170489837862786,15.629363226723951,37.418878598688245,0,0,1,0,BusinessHours,0,0,0.05609290011963677
CHG000298,Medium,Standard,Dev,-1.7567217824785826,0.01,28.65124732868128,73.63882447901571,0,0,1,0,BusinessHours,0,0,0.005896147777697465
CHG000299,High,Standard,Production,0.32799548371410964,0.07159395372274299,25.051857626178954,43.38286279448967,0,1,3,1,OffHours,1,1,0.1478284132985228
CHG000300,Low,Standard,Production,1.727350214164185,0.17711472188097224,10.765267149002744,38.20415910838784,0,1,4,0,OffHours,1,1,0.4218429681414021
CHG000301,Medium,Standard,Dev,-1.5338614049161376,0.03969860174340971,14.246596522796676,56.915477265591846,0,0,1,0,BusinessHours,0,0,0.02178793463902727
CHG000302,Medium,Normal,Staging,0.8638280136981883,0.09231080433000187,22.616242360988252,76.17763208118336,0,1,2,0,BusinessHours,0,0,0.062495091858216195
CHG000303,High,Normal,Dev,-0.3285252231228939,0.040124717186414374,39.780600004271264,85.31123513277518,1,1,3,0,BusinessHours,0,0,0.01872137061048375
CHG000304,Medium,Normal,Staging,-0.0613243458288473,0.04699270965175922,34.96893546826057,80.1914496852261,1,1,2,0,BusinessHours,0,0,0.015237650749365245
CHG000305,Critical,Standard,Production,-1.052898510703949,0.01,38.36232874823674,100.0,1,1,3,1,OffHours,1,0,0.014426113791083302
CHG000306,Critical,Standard,QA,-0.33445617235587666,0.04003870258908716,27.96101066250778,61.833429421145894,0,1,4,0,BusinessHours,0,0,0.051547244588668384
CHG000307,Medium,Standard,Staging,1.3000445946989585,0.15243549557399386,22.591622012237586,53.30385505173107,0,1,3,0,OffHours,1,0,0.17638714543964534
CHG000308,Low,Normal,QA,0.582655241987707,0.06700472835541879,30.965559066835507,96.12863650548792,1,1,3,0,BusinessHours,0,0,0.012854426002493344
CHG000309,High,Normal,Staging,1.732311605409944,0.1474390448319406,24.77972942863833,63.156366960476795,0,1,3,0,BusinessHours,0,0,0.18434813236425654
CHG000310,Low,Standard,Production,1.1774118889776937,0.12568978074876777,18.58178000655258,55.69707096450943,0,0,4,0,OffHours,1,0,0.38155167576571897
CHG000311,High,Normal,QA,0.4390866789295762,0.11906944566286139,11.863591087283648,45.04133639939674,0,0,3,0,OffHours,1,0,0.3376279908880201
CHG000312,Medium,Normal,Staging,1.743934526167792,0.12907187627733496,20.190352688298738,49.49314452972533,0,1,2,0,BusinessHours,0,0,0.2128016010165396
CHG000313,Medium,Normal,QA,0.43899315873829875,0.10620924195382397,28.41496508763864,48.211652912272804,0,0,2,0,Weekend,1,0,0.1860164895690892
CHG000314,Medium,Normal,Production,0.8279881767970589,0.11462997320481191,15.108920939642852,78.36203626186492,0,1,2,0,OffHours,1,0,0.2555747219537028
CHG000315,Medium,Emergency,Production,-0.29657095353470836,0.04534271655765147,19.906741542414757,46.181773404089206,0,0,1,1,BusinessHours,0,0,0.09167983875501212
CHG000316,Critical,Standard,Staging,0.06654581585920483,0.05759763906135348,31.036178954564363,80.75056115116736,1,1,3,0,OffHours,1,0,0.02825264811665272
CHG000317,Low,Normal,QA,-0.6974238233002769,0.039653575034529646,26.98275403413406,86.86195734748672,1,1,2,0,OffHours,1,0,0.004065071746166103
CHG000318,Critical,Normal,Staging,0.989583934594853,0.21135362613843842,6.723194569829774,24.322213912291367,0,1,4,0,BusinessHours,0,0,0.6251136732586466
CHG000319,Low,Normal,Staging,-1.1783036231148656,0.01,31.1132375187138,89.90910215641067,1,0,1,0,BusinessHours,0,0,0.013291564812548477
CHG000320,High,Standard,Staging,0.7823503424176613,0.09135558223006096,18.683275903153287,60.49962953662146,0,0,3,0,OffHours,1,1,0.11817901375799646
CHG000321,High,Normal,Staging,-0.19065105750515945,0.13413141890656624,7.582736278042223,39.988457707308,0,1,5,0,BusinessHours,0,1,0.3175537004285271
CHG000322,Medium,Standard,Production,1.1712470934673194,0.15820331261217793,22.17788098467952,55.419541934510164,0,1,2,0,OffHours,1,1,0.37354810541020034
CHG000323,Low,Normal,QA,0.7508689887312598,0.12709244193240427,16.685550818359054,43.2398483879829,0,1,1,0,BusinessHours,0,0,0.11381774485507355
CHG000324,High,Normal,Dev,1.8206461576468016,0.1572721988790103,19.274481001249434,48.127490343547855,0,1,4,0,BusinessHours,0,0,0.3128212784801151
CHG000325,High,Standard,Production,0.7307746911386448,0.028726202292501224,44.96972946784053,64.47977941044914,0,1,5,1,BusinessHours,0,0,0.06705338801627336
CHG000326,Medium,Emergency,Dev,-1.5720402556532407,0.01,35.704128025642405,71.18499671734362,0,0,1,0,BusinessHours,0,0,0.009456295470470007
CHG000327,Medium,Normal,Production,-0.06695317289820084,0.07254442558623014,15.4700722180564,45.5747749486399,0,0,1,0,OffHours,1,0,0.299714384579451
CHG000328,High,Normal,Staging,-1.172007192594816,0.02748257406204651,32.459230483499326,87.62397321366171,1,1,2,0,BusinessHours,0,0,0.016924967110319537
CHG000329,Low,Emergency,Production,-0.5182798423662747,0.020185711779097927,29.37470067407155,66.95633715556492,0,1,1,1,OffHours,1,0,0.11775594506690791
CHG000330,Medium,Normal,Staging,1.5112284332767216,0.13208102768098648,29.709604173230368,58.751497652869354,0,1,4,0,OffHours,1,0,0.25322644457434074
CHG000331,Medium,Standard,Production,0.637533810897696,0.09991587520216208,18.694139593832556,58.3218605266716,0,1,2,0,BusinessHours,0,0,0.11148915795038662
CHG000332,Low,Normal,Production,-0.6989304285787463,0.044447785565178644,28.570813930548677,73.33319926114662,0,0,1,0,BusinessHours,0,0,0.08610019452594384
CHG000333,High,Normal,Staging,-1.013717366440399,0.01,34.34852142132121,76.09008491963979,0,0,3,0,Weekend,1,0,0.025456453650939258
CHG000334,Medium,Normal,QA,0.03278209287626079,0.044029923279536275,25.09083754272724,63.41538549753686,0,1,2,0,BusinessHours,0,0,0.023381677960892515
CHG000335,Critical,Emergency,Dev,-1.2165601493811278,0.08676364431689731,12.628490036412012,77.83427430965625,0,0,3,0,BusinessHours,0,0,0.20895914063535426
CHG000336,Medium,Normal,QA,-0.6711402773965811,0.02079058848048867,27.31700008782889,86.5536783053211,1,0,1,0,BusinessHours,0,0,0.01058265673385425
CHG000337,Medium,Standard,Production,0.31200947155124387,0.06613777976561847,36.47942950870765,62.013109474834195,0,1,3,0,Weekend,1,0,0.05385313619949606
CHG000338,Medium,Normal,QA,1.1553120361066962,0.10562768674053748,24.42621682535532,40.00831375792403,0,0,3,0,Weekend,1,0,0.3231789098531306
CHG000339,Medium,Normal,Production,0.6087614722244398,0.09081626976465705,25.14737099210127,47.636844808224495,0,1,2,0,OffHours,1,1,0.06789538628837057
CHG000340,High,Standard,Staging,-2.2912895085981,0.01,16.447454215056318,77.03672649986775,0,0,2,0,BusinessHours,0,0,0.01532303015615138
CHG000341,Medium,Standard,QA,0.3043667290302598,0.07088115735965006,21.366754514653593,65.26079245120226,0,1,1,0,Weekend,1,0,0.03996141015141565
CHG000342,High,Standard,Production,0.07203357323257792,0.07938663175962689,14.238095703618498,66.69283324358385,0,1,5,1,BusinessHours,0,0,0.11848234251919904
CHG000343,Medium,Normal,Dev,0.41389028537269307,0.15228229635926815,1.0,49.34100396743398,0,1,3,0,OffHours,1,1,0.41945634541236704
CHG000344,Medium,Standard,Staging,1.6162096816512073,0.1749119813011554,18.135856092097583,55.51819835663079,0,1,3,0,Weekend,1,0,0.1864943541229729
CHG000345,Low,Standard,Staging,-2.063238276804743,0.01662423603132672,12.544568634791558,64.36781231952706,0,0,1,0,BusinessHours,0,0,0.00816147306418469
CHG000346,High,Standard,Dev,-0.5911034251911056,0.06429432457051601,14.142954186309165,79.51670964952899,0,0,3,0,Weekend,1,0,0.14130432805077042
CHG000347,Medium,Normal,QA,0.5909063227933546,0.07058836909853904,27.783008190888413,67.9422408425897,0,1,2,0,BusinessHours,0,0,0.033237616246475574
CHG000348,Medium,Standard,Staging,-1.5815943994539423,0.037331747133114365,11.683753925090908,84.72032059174545,1,0,2,0,Weekend,1,0,0.008069142443898955
CHG000349,Medium,Standard,Dev,1.475949048053509,0.1638715121414018,11.332486805785969,45.10914373516554,0,1,3,0,BusinessHours,0,0,0.133385553611589
CHG000350,Medium,Normal,Production,0.3683566127006584,0.08961969186539406,15.392482513674633,61.837395221381584,0,0,1,0,BusinessHours,0,0,0.31772744068732983
CHG000351,Medium,Standard,Staging,0.846583985843404,0.09960370900837187,19.435340326996133,85.22418721867787,1,1,3,0,OffHours,1,0,0.06276344234531836
CHG000352,Medium,Standard,Dev,-0.5709436615217945,0.026805507192307156,21.74813008674962,64.63558052422363,0,1,2,0,BusinessHours,0,0,0.010497215502286867
CHG000353,Critical,Normal,QA,0.8137636899662105,0.1369885457338428,23.17652989707127,39.31399882059339,0,1,6,0,BusinessHours,0,1,0.36632425355600445
CHG000354,Low,Standard,Dev,1.0684715559890383,0.13050295055143663,24.105123628718896,46.044005164911965,0,1,2,0,BusinessHours,0,1,0.06172293579163163
CHG000355,Medium,Standard,Production,0.23287802013716835,0.056391105686892894,26.652396190093107,65.21558743878123,0,1,2,0,OffHours,1,0,0.0585936415035274
CHG000356,Low,Standard,Staging,0.23440089269869593,0.1291435929688553,5.678477179822972,43.315972637490276,0,0,1,0,Weekend,1,0,0.27513513688942415
CHG000357,High,Standard,Dev,0.2703432392817259,0.1115768291736098,18.213736845721847,49.946336858717444,0,1,3,0,OffHours,1,0,0.09946208660178422
CHG000358,Medium,Normal,Staging,-0.8633452647393817,0.035873608881449,10.296592812143459,68.30577475160297,0,0,1,0,BusinessHours,0,0,0.06119084085841847
CHG000359,Medium,Emergency,Staging,-0.14752868024035293,0.06207141770221833,24.08296256991381,73.97711070019523,0,0,1,0,BusinessHours,0,0,0.18623708395087435
CHG000360,High,Standard,Staging,-0.1525225324523588,0.0663523350114402,20.243621954569434,60.91095465906031,0,1,3,0,BusinessHours,0,0,0.08062867421936701
CHG000361,Medium,Normal,Dev,0.3833938643534951,0.10345126512696448,11.214327926298306,61.738952821269265,0,1,2,0,BusinessHours,0,0,0.053047096317622625
CHG000362,Low,Emergency,Dev,0.9998242469102946,0.06441357945202687,36.52118027396052,64.58211065068227,0,0,2,0,OffHours,1,0,0.11093036785775631
CHG000363,Medium,Normal,QA,-1.0585360819784093,0.06504630333281314,19.092781336459403,78.9728086279053,0,0,2,0,BusinessHours,0,0,0.0534235712365012
CHG000364,Low,Normal,Staging,-0.12500903031957764,0.0505444401892716,20.72503192847314,84.52078499341016,1,0,1,0,BusinessHours,0,0,0.03514140783703856
CHG000365,High,Normal,Staging,1.4814555476589732,0.054355567013385925,46.44429804043007,69.9920771988991,0,1,4,0,BusinessHours,0,0,0.08042248801887236
CHG000366,High,Normal,QA,-0.7435882288125641,0.05787891908926956,25.54359870431678,67.06671975591183,0,0,3,0,Weekend,1,0,0.12474987035298021
CHG000367,High,Emergency,QA,-0.8222500172903203,0.01,32.629862965194064,62.38233670433692,0,0,2,0,BusinessHours,0,0,0.04269362516201593
CHG000368,High,Standard,Staging,0.20230619183119358,0.09211448362983582,18.92848800054638,72.29834703694742,0,0,3,0,OffHours,1,0,0.17946336017381687
CHG000369,High,Emergency,Dev,0.8443851904853201,0.026670688177710546,32.55381764987344,50.58399518465982,0,1,5,0,BusinessHours,0,1,0.16137950861466613
CHG000370,Medium,Normal,Staging,0.01142605556065933,0.0675256257397103,22.944947134334075,59.65400975973658,0,0,1,0,BusinessHours,0,0,0.07523739998264416
CHG000371,Low,Normal,QA,1.3289605904369892,0.1060603979742166,17.85306433785714,58.835684320417506,0,0,2,0,OffHours,1,1,0.17822744647840305
CHG000372,Medium,Normal,QA,0.8567939825665268,0.1032923667569087,22.00924010336693,76.18453394957535,0,0,3,0,BusinessHours,0,0,0.17171925896442916
CHG000373,Critical,Standard,Staging,0.8418200668900618,0.15586823649480716,24.814875664594123,62.614633285233765,0,0,5,0,BusinessHours,0,0,0.3052359583901645
CHG000374,Critical,Standard,QA,0.5541165013240933,0.05622697664496917,28.35674184919139,60.6472136002705,0,0,3,0,BusinessHours,0,0,0.15338969086375617
CHG000375,High,Emergency,Staging,2.327653100346085,0.15263532078658174,31.12477664669505,30.881228761300946,0,1,7,0,Weekend,1,1,0.5539522141351442
CHG000376,Low,Normal,Dev,-0.2051616888660442,0.07856144797660804,7.859548962183428,84.8148727467347,1,1,1,0,OffHours,1,0,0.017556873979082368
CHG000377,Low,Normal,QA,-2.003522292066514,0.01,8.144270142543665,78.13286087276589,0,0,1,0,Weekend,1,0,0.029577721241781055
CHG000378,High,Standard,Staging,1.604254361517141,0.14275356406769837,23.314556259054015,46.92801290743254,0,0,5,0,BusinessHours,0,0,0.4560336682138785
CHG000379,Low,Standard,Dev,-0.45769943095682564,0.056338660397261056,36.03668014830853,82.27093509537438,1,0,3,0,OffHours,1,0,0.010692709834890499
CHG000380,Medium,Standard,Staging,0.10788044434303304,0.08681884500014618,32.56996476091273,67.33647793408572,0,1,2,0,BusinessHours,0,0,0.022619004445278236
CHG000381,Medium,Standard,Production,1.309550684860527,0.1736910601451613,13.13489431460175,40.81749513525916,0,1,2,0,BusinessHours,0,1,0.3520014301669715
CHG000382,Medium,Normal,Production,-1.6022595410589253,0.0736846874362771,21.412802187400043,65.25283440168931,0,0,1,0,BusinessHours,0,0,0.08890457599368702
CHG000383,Medium,Emergency,QA,-1.2516472141061394,0.01,26.80284021673145,59.751538903524484,0,0,3,0,BusinessHours,0,0,0.06828873041045046
CHG000384,Critical,Normal,QA,-1.6012779371188537,0.01,37.90748292172484,74.97454309507478,0,0,2,0,BusinessHours,0,0,0.014589393290556718
CHG000385,High,Normal,QA,-0.7941362900254239,0.012802408980147095,19.885076930192675,64.50795162169777,0,0,2,0,Weekend,1,0,0.04296588186753392
CHG000386,Medium,Standard,Production,0.43963660601699356,0.15123820332819052,11.70188186271929,64.3842994122526,0,1,3,0,Weekend,1,0,0.22560776582145856
CHG000387,Medium,Normal,QA,0.524187842812771,0.07179479068992844,26.7602479757319,66.98405903409646,0,0,1,0,OffHours,1,0,0.3631790393626581
CHG000388,High,Normal,QA,0.27627417932855375,0.10043993682729817,15.192413714815727,46.40200736633645,0,0,3,0,BusinessHours,0,0,0.2688449290186172
CHG000389,Medium,Normal,Production,-1.4127658838923665,0.01520683844150561,22.601123482791227,85.0903677218689,1,1,1,0,BusinessHours,0,0,0.027612433202677516
CHG000390,Medium,Normal,Dev,-2.310103436632644,0.01,33.01714452080948,98.42345074034061,1,0,1,0,BusinessHours,0,0,0.0017174421659989134
CHG000391,Medium,Standard,Staging,0.054353585390382264,0.12940455415409755,9.149570421201648,50.72144306887481,0,1,2,0,Weekend,1,1,0.20238836983480188
CHG000392,Low,Standard,Staging,-0.47177603363833576,0.09419170198278537,14.061715365627578,42.732183280289604,0,0,1,0,BusinessHours,0,0,0.11147736503055347
CHG000393,Low,Emergency,Staging,0.45938577171661177,0.12682827942548838,10.022625029996632,49.62239992132792,0,0,2,0,BusinessHours,0,0,0.37060652330215854
CHG000394,High,Normal,Production,0.7019536262212701,0.07656272327630431,18.460289229309016,83.78011176709525,1,1,4,1,OffHours,1,0,0.15756422183424038
CHG000395,Medium,Emergency,QA,0.13824143205868192,0.058378516410811654,22.5749684412691,58.41421076363182,0,1,2,0,BusinessHours,0,0,0.12471034256369931
CHG000396,Low,Standard,Staging,0.7601330853758538,0.07198608531537382,23.616819491240328,73.96491008017239,0,0,1,0,OffHours,1,0,0.11302219651306676
CHG000397,Medium,Normal,Staging,0.22921137411506842,0.05089313631177598,21.35503866917442,68.85549251334336,0,1,3,0,OffHours,1,0,0.04337911055992754
CHG000398,Critical,Standard,Dev,0.5300647056014667,0.13808537087392941,9.550609898026941,59.479902407301225,0,1,6,0,OffHours,1,0,0.3791046311105662
CHG000399,Medium,Emergency,Production,-0.7046732628698824,0.029970473735808086,28.68545787651053,67.15320285341872,0,1,2,1,Weekend,1,0,0.0593418283753463
CHG000400,Medium,Standard,Production,-0.17961141383145854,0.08165466163364511,21.771683740184216,35.38828983709105,0,0,1,0,BusinessHours,0,1,0.0895484178182423
CHG000401,Low,Normal,Production,0.19677609665695725,0.061391359536482414,15.256604845802482,59.88542904171057,0,1,1,0,BusinessHours,0,0,0.06715869213970019
CHG000402,Critical,Standard,Production,0.8205284754174188,0.187886389199485,13.700211718319109,50.758923521393704,0,1,5,1,BusinessHours,0,0,0.41820004906491537
CHG000403,High,Standard,QA,-0.3937411722245721,0.07176741574111775,26.724128295838206,81.17611929034145,1,0,3,0,BusinessHours,0,0,0.031111633451269285
CHG000404,Medium,Standard,QA,0.5211672557321126,0.08639548543897553,24.082905334720753,60.64256146866209,0,1,3,0,BusinessHours,0,1,0.056571623363883355
CHG000405,Medium,Normal,QA,-0.265838791915379,0.02301921025671064,29.39610324082689,75.57475184085125,0,0,2,0,BusinessHours,0,0,0.019522318935185995
CHG000406,Medium,Normal,Dev,-0.11754216732813036,0.09923249986648273,11.643979515822132,47.796331484997225,0,0,1,0,BusinessHours,0,0,0.17001655512682223
CHG000407,High,Emergency,QA,0.829519042024073,0.11094050751582,26.603161681983813,67.3102336562453,0,1,3,0,BusinessHours,0,0,0.3256741493529381
CHG000408,High,Normal,QA,-1.993060371054156,0.03898691473963077,13.932750510079938,91.35611018258614,1,1,1,0,Weekend,1,0,0.020197872063220944
CHG000409,Critical,Normal,Dev,-1.296472328074761,0.01,27.03217425856282,70.79531903956337,0,1,3,0,BusinessHours,0,0,0.013637442826235592
CHG000410,Medium,Normal,Production,-1.4821853974428207,0.01,34.50244166248047,64.10107100568473,0,1,1,0,Weekend,1,0,0.02269792365385329
CHG000411,Medium,Standard,Dev,-2.3336161198483047,0.01,34.103146868298595,70.99274367212873,0,0,1,0,OffHours,1,0,0.004125702198797265
CHG000412,Medium,Normal,Staging,-0.6782644401551767,0.0469566917051731,11.718468701930508,73.92181165812995,0,0,1,0,BusinessHours,0,0,0.08430319844481413
CHG000413,High,Normal,Production,0.7494338997277404,0.08302571113896469,33.751021395048284,67.11776530241247,0,1,3,1,BusinessHours,0,0,0.14877876992338504
CHG000414,Medium,Normal,Staging,-0.28488406638257474,0.03142063057852313,30.268606250618863,67.42384916161932,0,0,3,0,OffHours,1,0,0.04097646121569363
CHG000415,Low,Standard,Dev,0.19779008194185213,0.13476286501467816,7.0204392841701715,55.17705105754473,0,1,3,0,OffHours,1,0,0.1340596079786439
CHG000416,High,Standard,Staging,1.0892174967107926,0.11620183869316142,25.43316149790573,45.80877594308823,0,1,5,0,BusinessHours,0,1,0.09930536390859952
CHG000417,Medium,Standard,Production,1.3276861322676916,0.0926538621259461,32.51242936852021,70.62716822880921,0,1,5,0,BusinessHours,0,1,0.13679597928045537
CHG000418,High,Emergency,Production,-0.06913793472613955,0.08407817699336674,26.674453447181683,49.15430020950922,0,1,4,1,BusinessHours,0,1,0.2513373882664482
CHG000419,Low,Normal,QA,1.3535858895693973,0.1504003712118222,10.435918590362547,32.71838899823353,0,0,3,0,OffHours,1,1,0.5328800988149367
CHG000420,Medium,Normal,Dev,0.09212665843410921,0.0610887877999248,36.19995659943973,66.45950063174553,0,0,2,0,Weekend,1,0,0.050558209179750874
CHG000421,Medium,Normal,Staging,-0.8373982238274621,0.08400749898336078,11.226870943390834,58.48491955539928,0,0,1,0,BusinessHours,0,0,0.0905261386192463
CHG000422,Medium,Normal,QA,-0.5944003521987352,0.03760382917847399,25.58402824252765,72.88744319684854,0,0,2,0,OffHours,1,0,0.0966980706077652
CHG000423,High,Standard,Production,-1.4805365125650163,0.018881073727404118,20.67117289524397,90.555394645132,1,0,1,1,BusinessHours,0,0,0.02747636962953331
CHG000424,Medium,Standard,Staging,-0.8881338537336524,0.022252066834193333,23.26218613134513,90.4834444887503,1,0,1,0,BusinessHours,0,0,0.01204922613172021
CHG000425,Medium,Normal,Production,-0.35801668807442916,0.09009851732680124,24.597442862733505,65.39329080006998,0,0,1,0,OffHours,1,0,0.2612216890541558
CHG000426,Low,Standard,Production,0.8035850193786016,0.13904328157140272,11.583906495475183,51.5329461947566,0,0,3,0,OffHours,1,0,0.2265116036945797
CHG000427,High,Standard,Staging,1.7207698311659838,0.13143961010487246,17.51727843926082,45.10252688930292,0,1,2,0,BusinessHours,0,0,0.21976039868242397
CHG000428,Critical,Normal,Production,-1.38218151537704,0.01,21.770922343236382,61.885946756751565,0,0,4,1,OffHours,1,0,0.0959956825108221
CHG000429,High,Standard,Staging,0.39282746825991893,0.037550712287587495,44.635937601236975,77.63896650208856,0,1,4,0,BusinessHours,0,1,0.02590639641608884
CHG000430,Low,Emergency,Dev,-1.0405439391575344,0.06911108662295236,15.457386898936427,42.55984556107789,0,0,1,0,BusinessHours,0,0,0.09815016573634554
CHG000431,Medium,Normal,Production,0.47469708846320197,0.0666736821046433,24.38838534905976,78.02988213113056,0,1,3,0,OffHours,1,0,0.10132438095596935
CHG000432,Medium,Emergency,Staging,-0.1310866506877266,0.09438955185363482,6.388354109935484,46.03429845035076,0,0,3,0,OffHours,1,0,0.27275751983333624
CHG000433,Low,Emergency,Production,-1.8309058258475304,0.01,28.11659601697932,85.74395723155837,1,0,1,1,BusinessHours,0,0,0.008177018572245518
CHG000434,Low,Standard,QA,0.9282969915684843,0.14944834632349996,10.978546866485614,45.213657315268314,0,1,3,0,Weekend,1,0,0.1351794807506752
CHG000435,Low,Standard,QA,-0.605000712808731,0.0997106164946369,9.450471269121408,57.01167859780673,0,1,1,0,Weekend,1,0,0.04067570162280338
CHG000436,Low,Normal,Production,-0.5339002383735546,0.10475303739549668,12.841375311557584,72.40378910320337,0,0,1,0,BusinessHours,0,0,0.0803376716407943
CHG000437,High,Standard,Dev,-1.06975241128969,0.017709043356482,21.91908674672675,76.35623435509102,0,0,1,0,BusinessHours,0,0,0.02853196757507984
CHG000438,Medium,Emergency,Staging,-0.6542832766875555,0.059868826234341754,19.55973663895204,66.36313655588957,0,1,1,0,BusinessHours,0,0,0.04132300108159656
CHG000439,High,Standard,Staging,0.4278904406949172,0.08429459337704498,25.328280564623558,63.837435165521136,0,1,1,0,Weekend,1,0,0.08787195784452752
CHG000440,Critical,Normal,Dev,-0.18924434093640552,0.024684445826025997,11.072248631831062,75.9462629589868,0,1,4,0,BusinessHours,0,0,0.16234459538691842
CHG000441,Medium,Normal,Dev,0.32866200228248105,0.12639526779147134,17.756777109459506,60.79874125345703,0,0,2,0,BusinessHours,0,1,0.2939029500852062
CHG000442,Medium,Emergency,Production,0.3619218539288437,0.06376962838398216,23.86523130984579,31.07728652475024,0,1,2,1,Weekend,1,1,0.212209801108101
CHG000443,High,Normal,Dev,1.320661655528167,0.15863158405051156,23.927575110565833,50.9745560154539,0,0,5,0,BusinessHours,0,1,0.2746795228767374
CHG000444,Low,Normal,Production,-0.3427861508643793,0.01401742008540273,30.237303427300805,88.05132204982924,1,0,1,0,Weekend,1,0,0.01974717826757496
CHG000445,Medium,Standard,Production,-1.4768578168457318,0.05341913765441412,16.35058035192802,59.6262711837449,0,0,1,0,OffHours,1,0,0.06358039887951035
CHG000446,Medium,Normal,Staging,1.067222416571983,0.16861537178366934,1.5218802138082115,24.93754772563697,0,1,3,0,BusinessHours,0,0,0.29029640935232864
CHG000447,High,Normal,QA,-0.3314881720972547,0.03884507313088284,15.924997057601846,65.74834123779137,0,0,3,0,OffHours,1,0,0.15841301315966502
CHG000448,High,Normal,Dev,1.114592444577377,0.07466141096340635,26.678354436065014,71.4037595681389,0,1,4,0,OffHours,1,0,0.0994366876868914
CHG000449,High,Normal,Production,0.3833771131824704,0.12113944962993135,21.414274223132285,57.5338018711209,0,1,5,1,OffHours,1,0,0.22866214429380144
CHG000450,Medium,Standard,Dev,-0.13113753020334493,0.07727718179303082,25.03341950913896,80.16676676386201,1,1,2,0,OffHours,1,0,0.013288010902130271
CHG000451,Medium,Standard,QA,0.3487758940462951,0.13817878748124643,15.20349805809738,78.24082834647788,0,0,4,0,BusinessHours,0,0,0.14906983285194217
CHG000452,High,Emergency,Production,1.9510125601262995,0.12232859415913089,29.56042987286804,28.595334325376697,0,1,6,1,OffHours,1,0,0.39502454607346454
CHG000453,High,Standard,QA,2.076980529053753,0.1850020219843288,12.199849117228778,36.56900585059692,0,1,6,0,OffHours,1,1,0.46083238943992316
CHG000454,Medium,Normal,QA,0.0693811351327787,0.07886862361095864,13.793676764673297,31.98509405220733,0,1,1,0,Weekend,1,0,0.1391408965435214
CHG000455,Critical,Normal,Production,0.1601905933170753,0.04627023126902306,22.805948064178445,75.64082362641695,0,0,4,1,OffHours,1,0,0.2564685976758032
CHG000456,High,Emergency,Dev,1.0762401574663856,0.20776356784574074,5.074751851807143,25.23966451068835,0,0,3,0,Weekend,1,0,0.7551438712224271
CHG000457,Medium,Standard,Dev,-0.8456610327673472,0.01097058696623018,34.01528492974862,74.9777570824272,0,0,4,0,BusinessHours,0,0,0.012769876874144173
CHG000458,Low,Standard,QA,0.3330703726182551,0.03992059885861803,21.39391282132666,80.4818920901464,1,1,1,0,BusinessHours,0,0,0.009540518273307132
CHG000459,Low,Normal,Production,-0.0258628479538564,0.06866776448312385,25.464393556158836,55.560762491711294,0,1,1,0,BusinessHours,0,0,0.046060938215386885
CHG000460,High,Normal,Production,0.3139082114575536,0.04007579274625535,29.375540110061298,47.44081454575062,0,0,1,1,BusinessHours,0,0,0.21053240441800372
CHG000461,Low,Normal,Production,-0.8333688059494058,0.034976468414115655,21.055825727129037,43.209378603488496,0,0,1,0,Weekend,1,0,0.12194440320020315
CHG000462,Medium,Standard,Production,-1.589567493308969,0.04993764902377473,17.890369386834195,85.52082929197344,1,1,1,0,BusinessHours,0,0,0.023797057717527655
CHG000463,Medium,Standard,Dev,-2.0729834359912918,0.05169130739514368,26.058645058183522,93.0619668884222,1,0,1,0,BusinessHours,0,0,0.004061506471793212
CHG000464,High,Emergency,Staging,-1.1173841129896078,0.0808817464000654,5.3954039050353435,53.58576184730713,0,1,1,0,BusinessHours,0,0,0.12124448033913797
CHG000465,High,Normal,Dev,-0.458675284939333,0.03742053460780212,25.330731418663074,56.76954384163204,0,0,4,0,Weekend,1,0,0.07598278638896928
CHG000466,High,Emergency,Production,-0.2931915866487618,0.044635227537811066,23.914455506625544,73.00215916643431,0,1,3,1,BusinessHours,0,0,0.09147902775537882
CHG000467,Medium,Emergency,Production,1.9372311624295169,0.1315791718932799,25.820873709492275,82.8959180774998,1,1,3,1,Weekend,1,0,0.16350928028333625
CHG000468,Low,Normal,QA,1.1059933699072981,0.14152397139636597,19.028174203928774,55.926175035401826,0,1,3,0,BusinessHours,0,0,0.08202014299033383
CHG000469,Medium,Normal,Production,-0.9620911163416273,0.01,25.892761106647335,64.73390970932952,0,0,2,0,BusinessHours,0,0,0.020083307270310085
CHG000470,Low,Normal,Staging,0.34770845245095694,0.09845034154174047,16.150238676307804,75.03863216674985,0,0,2,0,BusinessHours,0,1,0.10565056734333485
CHG000471,Medium,Normal,Dev,-0.4070782363503251,0.061464214574449026,13.139339454779297,51.31882649107159,0,1,1,0,Weekend,1,0,0.05779866486814735
CHG000472,Critical,Normal,Staging,-0.28436383804009513,0.06771846336612451,23.721168150942056,66.19051978011109,0,1,4,0,BusinessHours,0,0,0.17498514229726025
CHG000473,Medium,Standard,Production,0.18532564941538202,0.119526652013361,29.141448007711276,29.147567215985823,0,1,3,0,BusinessHours,0,0,0.09229621689298448
CHG000474,Medium,Emergency,QA,0.6191711169753933,0.057917572671590915,13.527393335554988,48.29165171652605,0,1,2,0,BusinessHours,0,0,0.1703556477147036
CHG000475,Medium,Normal,Dev,-0.33925848388401536,0.0903293060473696,17.19634707192192,44.94627589264174,0,0,3,0,BusinessHours,0,0,0.11086633806424873
CHG000476,High,Normal,Production,1.0638515327343585,0.1247339713482421,12.85510697346665,65.42378819289016,0,1,2,1,BusinessHours,0,0,0.5041484086531909
CHG000477,Medium,Standard,QA,-1.141938226142404,0.018278331062275516,22.8938801723601,66.86964723605968,0,1,1,0,BusinessHours,0,0,0.007194026793963474
CHG000478,Medium,Normal,QA,0.006339062362268442,0.02889393574325724,17.002470222801023,80.51383356704258,1,0,3,0,BusinessHours,0,0,0.01648525503764908
CHG000479,Low,Normal,Production,2.5976737265958323,0.18707381312177854,15.928567211137484,36.0597517877464,0,1,2,0,OffHours,1,1,0.7826320064227739
CHG000480,Medium,Normal,Staging,0.2230797426252751,0.09127514600403736,18.160076997421463,69.41403575176481,0,1,1,0,BusinessHours,0,0,0.04001435114077934
CHG000481,Medium,Standard,QA,1.4332145066061728,0.14999876774824142,19.877584137824154,56.07178719572181,0,1,4,0,OffHours,1,0,0.31602409980350515
CHG000482,Medium,Standard,Dev,0.09152017817320818,0.08196752859891757,28.838695754571255,63.741935048519906,0,1,3,0,Weekend,1,0,0.04227006613057649
CHG000483,High,Normal,Production,0.5807770953297967,0.06935645387917252,24.921536508359228,62.498741733261795,0,0,5,1,OffHours,1,0,0.15351674949731273
CHG000484,Low,Emergency,Staging,-0.056783194392691534,0.07292043444338306,32.30170079697059,51.36236111253248,0,1,1,0,OffHours,1,0,0.058896768778703125
CHG000485,Medium,Standard,Staging,-0.17040758116420443,0.0409356804612624,26.494172727913217,78.04212312581836,0,0,2,0,BusinessHours,0,0,0.06239610354556058
CHG000486,Low,Standard,Production,-0.7794823967254196,0.01,24.799299708449293,61.776529364609125,0,1,1,0,BusinessHours,0,0,0.006198448748886423
CHG000487,Medium,Normal,Dev,0.4303013589575532,0.11048710404631376,8.344880996863905,76.76840631639108,0,1,1,0,BusinessHours,0,0,0.10483298693562033
CHG000488,Low,Standard,Production,-0.8515371891857679,0.09714493958892823,13.00413341325234,66.49303342229521,0,1,1,0,BusinessHours,0,0,0.06826205813396005
CHG000489,Low,Standard,Production,0.6655852363134291,0.12692437496744566,16.228938066336084,50.571723295626526,0,0,2,0,BusinessHours,0,1,0.24354107585343376
CHG000490,Critical,Normal,Production,1.08528700444591,0.12522454554188797,10.060535294752068,57.72921433731535,0,1,6,1,BusinessHours,0,1,0.595837877958259
CHG000491,Critical,Normal,QA,0.36653140723722993,0.17311570335561,1.3221205539330425,38.45432109407605,0,0,4,0,BusinessHours,0,1,0.687327692546998
CHG000492,High,Standard,QA,-0.28624873355569186,0.11139798175425122,22.45835390816613,63.70141445898975,0,0,4,0,OffHours,1,0,0.08856323723458
CHG000493,Medium,Standard,Staging,0.4539655793086961,0.11598140801443328,20.636311741937234,43.97560545360912,0,1,3,0,BusinessHours,0,1,0.14811518520282302
CHG000494,High,Emergency,Production,-0.3086730555464126,0.03875134026263584,24.205898302853523,67.45673402187492,0,1,4,1,BusinessHours,0,0,0.07357013976495841
CHG000495,High,Normal,Production,0.9355471254651493,0.1457092740081107,25.011698924863197,59.04108867601483,0,1,5,1,BusinessHours,0,0,0.2965812086304255
CHG000496,Medium,Normal,QA,-1.8314060842151236,0.05136068830949997,20.55660391016678,77.6959998857965,0,0,1,0,BusinessHours,0,0,0.02450234712788566
CHG000497,Low,Standard,Staging,-0.3356073681186462,0.07257338004432741,28.981966658996583,89.61226301945595,1,1,1,0,BusinessHours,0,0,0.010810861464369506
CHG000498,High,Normal,Dev,-1.9908119951239978,0.01,30.243290555235774,76.33883672754516,0,0,1,0,OffHours,1,0,0.02934192663262614
CHG000499,Critical,Normal,Staging,-1.495060830227205,0.03125738480277475,14.419166759837475,70.03406110848506,0,0,4,0,OffHours,1,0,0.08327239328089517
CHG000500,Medium,Standard,Production,1.3638622298139094,0.11266212778669281,15.583217271727728,30.82094562568288,0,1,4,0,BusinessHours,0,0,0.33614247752058724
CHG000501,Medium,Normal,Production,0.895184981971686,0.2018666326488919,3.5576623719907223,48.8613642622647,0,1,3,0,BusinessHours,0,1,0.6237416209304427
CHG000502,Medium,Normal,QA,-0.7194802332847904,0.08548053290711902,7.455876610036389,62.91140634775313,0,0,1,0,OffHours,1,0,0.15498898296172334
CHG000503,Medium,Standard,Production,-1.502503456040897,0.01,19.620718481993237,72.03089741540842,0,1,1,0,BusinessHours,0,0,0.02517072759634909
CHG000504,High,Normal,Dev,-2.964528837841651,0.01,12.941306629007723,87.34706020512516,1,0,1,0,BusinessHours,0,0,0.003923487074485721
CHG000505,Medium,Standard,Staging,-0.5434955079326346,0.07987464097876441,9.915387005526123,55.79200719160974,0,1,1,0,BusinessHours,0,0,0.045377730873800155
CHG000506,Critical,Normal,Staging,2.4204150122474024,0.18793855128730014,15.711170020145392,71.99485136017833,0,1,7,0,Weekend,1,1,0.7552459582459892
CHG000507,High,Emergency,Staging,0.4348842714636474,0.10389590536600249,12.54575204202181,43.40221015721231,0,0,4,0,BusinessHours,0,1,0.4446856411796783
CHG000508,Low,Standard,Production,-0.5595722860494895,0.06232766041421074,24.656553763261158,74.23257761218503,0,0,1,0,BusinessHours,0,0,0.0417032937191695
CHG000509,High,Standard,Staging,0.46508020950030626,0.09586717105800169,30.850647543158644,50.58631149673941,0,1,5,0,OffHours,1,0,0.12450988568633534
CHG000510,High,Standard,Dev,-1.5609583529944429,0.01,23.607683356382967,90.92550583663211,1,0,3,0,BusinessHours,0,0,0.005962158952707909
CHG000511,Medium,Emergency,Dev,-0.29732336269763543,0.059371472857230365,16.508959806093948,55.98352937976874,0,0,1,0,BusinessHours,0,0,0.09152756685646787
CHG000512,Medium,Standard,Staging,0.09947747301573849,0.1827406415857464,6.946232370409685,58.76643065388327,0,0,1,0,OffHours,1,0,0.20855223391147407
CHG000513,High,Standard,Staging,-0.08610065182104851,0.07108722912463596,13.443382907807056,72.17713672113888,0,1,4,0,Weekend,1,0,0.13865416704383934
CHG000514,Medium,Normal,Staging,0.7908061216900806,0.10942270519322357,19.341213938299333,54.5755100696323,0,0,2,0,BusinessHours,0,0,0.2489060912022162
CHG000515,Low,Normal,QA,0.34464522623605237,0.12004980319392877,11.43864250859682,51.29584181248901,0,0,1,0,OffHours,1,1,0.125944248378411
CHG000516,Medium,Normal,Dev,0.668326018107997,0.08419480545136213,19.722701138297182,32.24541907019684,0,1,3,0,BusinessHours,0,0,0.07241305858689608
CHG000517,Medium,Emergency,Production,-0.6883722822307594,0.01,39.517641071593246,65.83960479210496,0,0,2,1,OffHours,1,0,0.08166129971415675
CHG000518,Medium,Standard,Staging,0.8978154084105481,0.11418010288447061,27.396030356150156,55.31326707855825,0,1,4,0,OffHours,1,0,0.05964206751973739
CHG000519,Low,Normal,Staging,1.6289369476239914,0.18688684579923828,6.835193782423405,31.339240568893675,0,1,3,0,OffHours,1,1,0.3974787551453605
CHG000520,Medium,Normal,Staging,-0.9701495196514126,0.030524692496930052,23.728299917159493,94.94704748394128,1,0,1,0,BusinessHours,0,0,0.01554942113695323
CHG000521,Medium,Standard,QA,-0.8876956557145598,0.028919599722196883,13.957502553647071,88.37687949379652,1,0,2,0,BusinessHours,0,0,0.009657653978519618
CHG000522,High,Normal,QA,1.3357843363202329,0.14377032971361903,13.25715979972376,26.71318191435145,0,1,4,0,OffHours,1,1,0.3934981099180312
CHG000523,Medium,Normal,Dev,-0.19134398669506028,0.04182684077742495,35.02933418578483,74.31733896935206,0,0,2,0,BusinessHours,0,1,0.04543859506751308
CHG000524,Critical,Standard,Production,1.403821392066557,0.13938265845576345,12.78397207549583,42.83986728848952,0,1,5,1,Weekend,1,1,0.5260226685736112
CHG000525,High,Standard,QA,-0.4425357118921839,0.12152150328785377,1.4401377243141864,63.072138603189416,0,0,5,0,BusinessHours,0,1,0.1858631753902077
CHG000526,Low,Standard,QA,1.4550455762707113,0.13306288862344523,20.375321713344647,46.95029124421285,0,1,5,0,Weekend,1,0,0.10658067449507191
CHG000527,Medium,Normal,Production,0.13148581680545218,0.06019370865294958,26.342276290563753,58.998883407097395,0,0,2,0,BusinessHours,0,0,0.10702820352841953
CHG000528,Low,Standard,QA,0.2582288233226952,0.11295032636366006,26.701766887497698,72.89689870565718,0,0,1,0,BusinessHours,0,0,0.11050971408018812
CHG000529,High,Emergency,Staging,1.5647180216699044,0.11014219241759188,21.941436073198055,52.05217555644941,0,1,3,0,Weekend,1,0,0.5429057416144996
CHG000530,Medium,Standard,QA,-0.36177047744417123,0.08069330829020048,7.817767563339212,80.97432784710941,1,0,2,0,BusinessHours,0,0,0.04075044081431308
CHG000531,Medium,Emergency,QA,-0.9411220959249583,0.01,24.769919667243325,64.19531427985484,0,0,1,0,BusinessHours,0,0,0.03971095709439698
CHG000532,Low,Normal,Dev,-0.44856420802835434,0.04621888182471916,28.599522334380573,50.81641645090272,0,0,1,0,OffHours,1,0,0.04984398671339202
CHG000533,Medium,Standard,Production,0.4523339506431387,0.13163161826807002,19.777087242160103,73.60199485766105,0,1,2,0,BusinessHours,0,0,0.13174715164465567
CHG000534,High,Standard,Staging,-1.5657590721805144,0.01,23.55949792130816,91.15111387651794,1,0,2,0,Weekend,1,0,0.01826417261043934
CHG000535,High,Normal,Production,0.6374709026511215,0.12375252341897498,11.966113104584707,59.35737871543043,0,0,4,1,OffHours,1,0,0.5740879336400516
CHG000536,Low,Standard,Production,-0.5387713176177432,0.09548567337811603,5.116421029108635,54.12517827678337,0,1,1,0,OffHours,1,0,0.12125542334092074
CHG000537,Medium,Standard,Dev,1.1478126607335635,0.18281078501971976,7.310177886171454,27.49826016972176,0,1,3,0,BusinessHours,0,0,0.2586901378494468
CHG000538,Medium,Normal,Staging,-2.3942603049004716,0.01,28.786746815405554,94.53884949376734,1,0,1,0,BusinessHours,0,0,0.002830667717009026
CHG000539,Medium,Emergency,Dev,-0.7865657751041687,0.11349466236194179,1.0,42.17322023510841,0,1,1,0,OffHours,1,0,0.07322933093661582
CHG000540,Low,Normal,Staging,-1.686468151234102,0.021656739807034798,14.407299587320725,75.72405397582735,0,1,1,0,BusinessHours,0,0,0.015036325436127963
CHG000541,Medium,Normal,Production,-0.8262294663639526,0.026447527596109167,18.11940517383852,100.0,1,0,1,0,BusinessHours,0,0,0.026030334810438337
CHG000542,High,Normal,Dev,0.24766590110894313,0.06916166128956631,28.560568942434536,92.78252635658325,1,1,3,0,OffHours,1,0,0.0380208442301558
CHG000543,Medium,Normal,Production,-0.1792266254497549,0.11956356259280763,6.612304338449605,67.51797625135043,0,0,1,0,OffHours,1,1,0.40126904075972814
CHG000544,High,Standard,Staging,-0.25337756894801494,0.08451954110950763,21.48546255115247,58.62368580687483,0,0,2,0,BusinessHours,0,0,0.10491162411294114
CHG000545,Medium,Normal,QA,-0.1591848713800608,0.02393924731837539,32.45336838963178,69.29754514741245,0,0,1,0,OffHours,1,0,0.02464328751637913
CHG000546,Medium,Normal,Dev,0.20338824061994343,0.04391826922641642,34.07037620479023,83.96258390953935,1,0,3,0,Weekend,1,0,0.029606352003468766
CHG000547,Medium,Normal,Staging,-1.0085360419431078,0.017270514309059456,30.378261900125544,97.94343595803015,1,0,2,0,BusinessHours,0,0,0.011029324343421921
CHG000548,Medium,Emergency,Staging,0.7068496408990508,0.09630466039129422,24.06161571755595,45.56803143001475,0,1,3,0,BusinessHours,0,0,0.17236417735080425
CHG000549,Low,Normal,QA,0.6626659703854839,0.12455507835285243,11.864289511401154,47.18131805567461,0,1,1,0,BusinessHours,0,0,0.1274302289690029
CHG000550,Critical,Normal,Staging,0.385037937656101,0.0886947807049458,27.38437514963286,68.0025861505133,0,1,3,0,BusinessHours,0,0,0.09269245698015774
CHG000551,High,Normal,Dev,0.5565334427512632,0.11283788380406193,19.820690555967197,42.77399066988571,0,1,3,0,OffHours,1,0,0.17373318005607924
CHG000552,High,Standard,Production,0.2964180008086595,0.03342127745861603,23.435891345708786,50.251671107048736,0,1,3,1,BusinessHours,0,0,0.0648875854472614
CHG000553,Low,Standard,QA,2.0350733027310675,0.16387152536106878,12.781075335651675,30.17743169315613,0,1,3,0,OffHours,1,0,0.28285007006647617
CHG000554,Low,Emergency,Staging,-0.0870941710525099,0.07209079433776687,28.01874918742372,61.03891945527147,0,0,1,0,OffHours,1,1,0.26275233809431103
CHG000555,Low,Standard,Production,-0.30708321833457675,0.05876962332938126,19.099654421298343,71.86963371777547,0,1,2,0,BusinessHours,0,0,0.04761144108611885
CHG000556,Critical,Normal,Production,-0.7535275803573779,0.06654945243548573,28.805199703752727,86.39556818002248,1,1,3,1,BusinessHours,0,0,0.05070596509534952
CHG000557,High,Normal,Production,-1.0322626705778368,0.08794432981802983,20.52413598234066,55.86781214592486,0,0,1,1,BusinessHours,0,0,0.05498534613751434
CHG000558,Medium,Normal,Production,-1.2444717876010754,0.01,19.417312698673978,52.69845590662513,0,0,1,0,BusinessHours,0,0,0.08372341637475211
CHG000559,Critical,Normal,Dev,-0.8887973132309185,0.090834768226726,18.172515533011595,68.1760455534736,0,0,4,0,BusinessHours,0,0,0.1372363103215932
CHG000560,Low,Standard,QA,-0.07068038165207131,0.029820955942257556,31.3107478848108,66.47458038441938,0,1,1,0,BusinessHours,0,0,0.014798859540138279
CHG000561,Medium,Standard,Staging,0.3342951284977145,0.015084384295754802,36.577072573469266,70.1572447588816,0,1,3,0,BusinessHours,0,0,0.01083805834210514
CHG000562,Low,Normal,Dev,0.051142058552161786,0.07948185191325804,21.433217586225297,79.87582616395193,0,0,1,0,OffHours,1,0,0.046843858308914126
CHG000563,Medium,Standard,Production,-0.765535277429713,0.0920941265563044,9.311225068894839,55.220968119777886,0,0,1,0,BusinessHours,0,0,0.1292620483690096
CHG000564,Critical,Normal,Dev,0.9001845640199633,0.13197455655330909,15.423795757383457,47.15518898234534,0,1,5,0,BusinessHours,0,0,0.2548114217574879
CHG000565,High,Standard,Production,0.7394126723009475,0.09488783309770103,23.87295460425584,59.64743512099071,0,1,4,1,BusinessHours,0,0,0.15056010414295137
CHG000566,Low,Standard,Production,-0.159648307422017,0.04451193264734213,28.629002095443276,73.39195017568491,0,0,1,0,BusinessHours,0,0,0.05136424220029999
CHG000567,Low,Emergency,Staging,-0.652916144664712,0.09949949853995911,20.069584212715007,59.95232383816965,0,0,2,0,OffHours,1,0,0.21645420541223317
CHG000568,Medium,Emergency,QA,0.5484279208297995,0.10943974761105273,18.003143305946324,35.222194120302845,0,0,4,0,BusinessHours,0,0,0.19841735899034324
CHG000569,Low,Normal,Production,0.18797358748610446,0.0699720290110688,18.466949629854142,62.61034383312729,0,1,1,0,OffHours,1,0,0.10198298349552752
CHG000570,Medium,Standard,Production,-1.4481272594150476,0.05252041374932323,31.069183448189772,96.58553062482932,1,1,1,0,BusinessHours,0,0,0.0037968211006015637
CHG000571,Medium,Emergency,Production,-0.0679802559844049,0.09477908881640018,21.48337024226506,78.73165447257111,0,0,1,1,BusinessHours,0,0,0.48535065007743694
CHG000572,Medium,Normal,Production,0.26203581207438104,0.1526451377693557,14.551929353963853,35.67734640354706,0,1,3,0,OffHours,1,0,0.5026922517724228
CHG000573,Medium,Emergency,Dev,-0.8996947864877538,0.015220232699681683,34.608899270869884,70.51801618565304,0,0,2,0,BusinessHours,0,0,0.05894160089446494
CHG000574,Low,Standard,Dev,0.189843392837443,0.057641330641618,30.72972782256273,69.07348520718809,0,0,2,0,BusinessHours,0,0,0.02735622241044225
CHG000575,Critical,Standard,Dev,-1.4548224852577891,0.02791700597805406,17.897997078322497,74.8749098630089,0,0,3,0,OffHours,1,0,0.03874744566088909
CHG000576,Medium,Normal,Staging,1.3361861000121709,0.08305124549299657,13.730735395255554,47.672210724423735,0,0,3,0,OffHours,1,0,0.2820885924657476
CHG000577,Medium,Emergency,Staging,1.2479499850594318,0.1298195210782645,11.514813072843163,50.764614760116714,0,1,1,0,BusinessHours,0,1,0.36335859035501333
CHG000578,Medium,Standard,QA,-0.25251733430296475,0.08056962341134934,14.27662648385733,69.55365821431624,0,0,1,0,OffHours,1,0,0.20551632877423487
CHG000579,High,Standard,Production,0.36345433783907316,0.05173626777078885,22.30669621153197,99.55185189628398,1,1,5,1,BusinessHours,0,0,0.03526256725371051
CHG000580,Low,Normal,Dev,-2.409921965799875,0.01,15.174358009058418,71.1388949113202,0,0,1,0,OffHours,1,0,0.005944047397054699
CHG000581,Low,Emergency,Production,-1.1563476602653329,0.019912156333349113,24.252088269972756,46.708443680991536,0,0,1,1,BusinessHours,0,0,0.05650115764745153
CHG000582,High,Normal,Staging,-0.2937789201521298,0.05113256103204458,35.90071727933497,100.0,1,0,4,0,BusinessHours,0,0,0.027901163920221825
CHG000583,High,Emergency,QA,-1.0721330214268592,0.07136972316716395,10.328871096005484,55.57046407091974,0,1,1,0,BusinessHours,0,0,0.0473698350239462
CHG000584,Medium,Normal,Dev,0.7143964826306588,0.1015112382365707,20.06772786835937,49.93906951621756,0,0,3,0,OffHours,1,0,0.2568075957132852
CHG000585,Medium,Normal,Production,1.997296530747994,0.1345357827009003,24.34638161029792,52.3860577715571,0,0,5,0,BusinessHours,0,0,0.32393644407627475
CHG000586,Critical,Normal,Production,-1.176614719429302,0.04232378537147535,21.23166066340336,53.724495827083345,0,0,2,1,OffHours,1,0,0.2865270983341094
CHG000587,Low,Standard,QA,-0.8374634040851927,0.01,37.13228457415756,81.69198557024757,1,0,1,0,OffHours,1,0,0.004970990007519
CHG000588,Low,Normal,Staging,0.23544836830993032,0.1011290530387339,31.570939436113605,60.84147486879096,0,0,3,0,BusinessHours,0,0,0.09467268045133616
CHG000589,Medium,Normal,Staging,1.6111161484996208,0.2012826075602361,15.718093122544364,58.048686511916785,0,1,3,0,OffHours,1,1,0.3339580615312352
CHG000590,Medium,Normal,QA,-1.2223743125399031,0.017613792988123236,18.226922451957446,85.52355292760066,1,0,1,0,OffHours,1,0,0.033377320204331005
CHG000591,Medium,Standard,Staging,0.24903612230694197,0.08637395990365335,21.67188959906214,75.48407764567106,0,0,2,0,OffHours,1,0,0.10632996646537145
CHG000592,Medium,Normal,QA,1.8212988508131087,0.11623227839221033,35.34372942880699,59.262415199951846,0,0,3,0,BusinessHours,0,0,0.3527133589452334
CHG000593,Medium,Normal,Production,-1.6517591481792673,0.01,18.679002448716545,100.0,1,0,1,0,BusinessHours,0,0,0.02724109534251416
CHG000594,Medium,Standard,Production,-1.281069206845832,0.018714361343821165,30.927476614091834,85.39161525320961,1,0,1,0,Weekend,1,0,0.024578884099382758
CHG000595,Medium,Emergency,Dev,-0.42360660646083825,0.04018087527911883,21.712713172468543,54.23344633534902,0,1,2,0,BusinessHours,0,0,0.03305514934067306
CHG000596,High,Standard,Production,-0.520588412855411,0.04865513007474194,19.629849587060402,58.13645638101735,0,1,4,1,OffHours,1,0,0.10459971400030975
CHG000597,Low,Standard,QA,0.8126012877536446,0.10160479732489527,10.231809270308531,45.12727874651691,0,1,2,0,BusinessHours,0,0,0.1433865973400051
CHG000598,Medium,Standard,Production,0.24165971982083806,0.08229300279782517,15.692080800317665,72.15455155488804,0,1,1,0,OffHours,1,0,0.10451411402851599
CHG000599,Medium,Normal,Staging,-1.7749620596421283,0.040335448489878134,15.940821835124474,60.88838706676054,0,0,1,0,OffHours,1,0,0.036081329843249264
CHG000600,Medium,Standard,Dev,0.5154104029008109,0.06406791327364875,40.033639435205856,74.56674663129574,0,0,3,0,Weekend,1,0,0.0375595130258238
CHG000601,Low,Normal,Production,-0.5775388873556505,0.046472842277549616,27.22765555676045,69.02110112398782,0,0,1,0,OffHours,1,0,0.045869393596181
CHG000602,Medium,Normal,Dev,1.274447216941239,0.09850240561250984,33.12531885891563,44.196845457960265,0,0,4,0,BusinessHours,0,0,0.09982647558791763
CHG000603,High,Normal,Production,-0.6275875364369197,0.06055867811120075,20.16336860801801,59.5699946340452,0,1,2,1,BusinessHours,0,0,0.06357717148853662
CHG000604,Low,Normal,Production,-0.6366152831022357,0.035121507835103115,13.955191810244953,69.1917102871618,0,0,1,0,OffHours,1,0,0.11655760162449814
CHG000605,High,Emergency,Staging,0.5411316108045314,0.15366414928715322,11.179195392128285,51.00837933660426,0,1,3,0,OffHours,1,1,0.5871320352408232
CHG000606,High,Standard,Staging,0.7629264823369366,0.1498859715729452,21.665982152394704,49.27214560347001,0,1,4,0,BusinessHours,0,0,0.16811722133501192
CHG000607,Medium,Standard,Staging,0.4480993639362036,0.10484960361753273,21.751639849844597,37.21327993313674,0,0,3,0,BusinessHours,0,0,0.09363355179354599
CHG000608,Low,Standard,QA,-1.6855973173848082,0.03892864541014262,22.590418773517193,100.0,1,0,1,0,OffHours,1,0,0.0054037312990522345
CHG000609,High,Normal,Dev,0.5380344399282511,0.07546064662513556,31.771091990833305,77.39603998076241,0,0,4,0,BusinessHours,0,0,0.10805719202381683
CHG000610,Low,Standard,Production,-1.034308051674399,0.01,27.845214320482114,90.91112652065776,1,0,1,0,OffHours,1,0,0.011128806256306384
CHG000611,High,Normal,QA,0.2352761115882635,0.09186199271084132,12.110733499412529,77.8072559364823,0,0,3,0,Weekend,1,1,0.34553562051047115
CHG000612,High,Normal,QA,-1.4237344353990602,0.04423868776941653,8.870547426079685,72.71678439189351,0,0,2,0,BusinessHours,0,0,0.12844800610467488
CHG000613,Low,Normal,Dev,0.44632214754306365,0.059720661918189574,37.97503188509696,69.9654059608041,0,1,1,0,BusinessHours,0,0,0.014991258119875653
CHG000614,High,Standard,Production,-0.8065989043073726,0.025127297404558536,24.039462598074298,93.11915925427336,1,1,1,1,Weekend,1,0,0.029437752040530188
CHG000615,Medium,Standard,Production,-1.2826346502605217,0.030934963307460442,15.23331752149991,88.71419240661103,1,0,1,0,BusinessHours,0,0,0.026701009437913866
CHG000616,Medium,Standard,QA,0.7138201364823995,0.10195482531373577,24.40170767372964,65.92120199683808,0,1,3,0,OffHours,1,0,0.06642889726479255
CHG000617,Medium,Normal,QA,0.2416445216767513,0.09965061110698445,29.449027400487374,72.93782052772688,0,0,4,0,BusinessHours,0,0,0.11921041611740843
CHG000618,Medium,Normal,Production,-0.6139768013928971,0.05130796566883934,21.50925254740512,55.267566502752516,0,0,1,0,BusinessHours,0,0,0.09201485846694094
CHG000619,High,Normal,QA,1.4511788490210642,0.10083060109030678,23.096473372585642,53.60971555059072,0,0,5,0,BusinessHours,0,0,0.2962326667838854
CHG000620,High,Normal,Production,-0.44065242156974244,0.01,40.25167959293313,100.0,1,1,1,1,BusinessHours,0,0,0.013429936323690697
CHG000621,Medium,Normal,Production,0.03210767397093466,0.06368184038534026,19.24036106561806,75.7235655573325,0,1,2,0,Weekend,1,1,0.202382440905651
CHG000622,Medium,Standard,Production,0.2689134476786009,0.04323321866005728,23.521548375060352,49.94262928503362,0,0,1,0,OffHours,1,0,0.1593229755604704
CHG000623,Medium,Standard,Dev,-0.6196659341286136,0.08909626404997172,4.755740196997031,51.778757709423985,0,0,1,0,BusinessHours,0,0,0.10035167944210045
CHG000624,Medium,Standard,Production,0.47113629339992935,0.10492634649948346,20.674440447790964,76.32809047966997,0,1,3,0,BusinessHours,0,0,0.15850750324866494
CHG000625,Medium,Standard,Production,-0.5334523471647244,0.018875472574102225,29.389667058895874,83.33192960111822,1,1,1,0,OffHours,1,0,0.023054022468201017
CHG000626,Medium,Standard,QA,-0.4116383222162092,0.038144888732368015,30.015085193899633,73.29198612843733,0,0,5,0,BusinessHours,0,0,0.025339902440562185
CHG000627,High,Normal,Production,1.362642639803341,0.3100031653013088,1.0,25.918588763981177,0,0,4,1,BusinessHours,0,1,0.9686710595127908
CHG000628,Medium,Standard,QA,-1.040586052512433,0.01,23.55703986381657,77.04011411853341,0,0,2,0,OffHours,1,0,0.015030533434975568
CHG000629,Low,Standard,Production,-2.41278033092949,0.01,41.73469017756284,91.43847856937752,1,0,1,0,BusinessHours,0,0,0.0008228942118245867
CHG000630,Medium,Standard,Staging,1.6109369950118944,0.20106334719021338,4.140489409173325,28.138085600634092,0,1,4,0,BusinessHours,0,0,0.5265573291189299
CHG000631,Medium,Standard,Dev,2.549327952607003,0.12324096000810289,31.522930069682914,67.36498497767558,0,1,3,0,BusinessHours,0,0,0.06936622013678978
CHG000632,Low,Standard,Staging,-0.40526926544933184,0.15869941850863,1.0,51.689009425493424,0,0,1,0,BusinessHours,0,0,0.21044939917073116
CHG000633,Low,Standard,Dev,-1.9368380406201853,0.01,34.837239126319,95.54533414012036,1,0,1,0,BusinessHours,0,0,0.0026847635973092153
CHG000634,Medium,Standard,QA,-0.31048397619594376,0.05170080600374073,21.46119965083902,73.98359917181756,0,1,1,0,BusinessHours,0,0,0.024661346383946382
CHG000635,Critical,Emergency,Production,-0.2862229498406692,0.17484641650868388,7.44765022266065,57.744582675376705,0,1,5,1,BusinessHours,0,0,0.7495874729224972
CHG000636,Medium,Standard,QA,-0.18992384102225704,0.015129710616550725,22.395980607123562,75.09806566442069,0,0,1,0,Weekend,1,0,0.026844233325388062
CHG000637,Low,Standard,Production,-1.1133880419218483,0.01,34.65373752935987,91.84629781219776,1,0,1,0,BusinessHours,0,0,0.009714663324982315
CHG000638,High,Normal,Dev,0.5795611424764774,0.0960672679942944,24.09952021268733,64.91811636089439,0,0,5,0,OffHours,1,0,0.12582890585888187
CHG000639,Medium,Standard,Staging,0.5245073752860862,0.1115959165632068,29.091499406379366,53.52840815428962,0,1,2,0,BusinessHours,0,0,0.05090153371879777
CHG000640,Critical,Normal,Production,-1.4944056198193065,0.024605440620489916,21.539822284687325,71.36610828555727,0,1,1,1,BusinessHours,0,0,0.08455032580093001
CHG000641,Medium,Standard,Staging,0.6991967316948878,0.2170298668111262,1.0,53.455729450753076,0,1,3,0,BusinessHours,0,0,0.2530444942509456
CHG000642,Low,Normal,Production,2.052684981945891,0.15653385983468865,25.89470021061683,61.553641114359706,0,1,3,0,OffHours,1,0,0.29440890941280756
CHG000643,Medium,Emergency,Production,0.17196033243705985,0.01,38.784021118322975,83.28493033544927,1,1,1,1,BusinessHours,0,0,0.021768042307578277
CHG000644,Medium,Normal,Staging,-0.33732516206850605,0.01,34.619073682505615,70.08662258996127,0,1,1,0,BusinessHours,0,0,0.039932780713504215
CHG000645,High,Standard,Production,-0.1420032144075213,0.13869482632757496,10.364165747152196,54.9328736930603,0,0,5,1,OffHours,1,1,0.37396769121714063
CHG000646,Low,Normal,Dev,0.6152567669685612,0.1271797777479319,8.40448336782499,47.923825966476926,0,0,2,0,BusinessHours,0,0,0.1801909475798987
CHG000647,High,Standard,QA,-1.7306716055072182,0.04710883292646568,20.93330577126848,92.41534915450117,1,1,3,0,Weekend,1,0,0.014707260788198711
CHG000648,High,Normal,QA,0.16439070297730224,0.1252902959922003,3.9701635416810905,57.05142932022503,0,1,2,0,BusinessHours,0,1,0.22513054584661313
CHG000649,High,Standard,Production,-0.3904639494628101,0.039135216357232605,12.879693507993196,73.18017158885442,0,0,3,1,OffHours,1,0,0.17642252918951595
CHG000650,High,Normal,Staging,1.8478250129560454,0.12281873888393581,21.7592719721828,52.543393760159205,0,1,5,0,OffHours,1,0,0.3515075658536577
CHG000651,Low,Standard,Staging,-0.17417273380495787,0.13297896124666653,14.537185155793338,53.68078388905377,0,1,1,0,BusinessHours,0,0,0.08425182200458599
CHG000652,Medium,Normal,Production,1.6678876111195198,0.08294257978835883,20.7859918185788,39.71276151397028,0,1,4,0,BusinessHours,0,1,0.24628161409564173
CHG000653,High,Standard,Dev,-1.1037406977820072,0.03872275027143056,17.45954148777134,62.90322794379955,0,1,1,0,Weekend,1,0,0.022269860622547058
CHG000654,Medium,Standard,Production,0.5872591668027922,0.14142587787358032,7.012182061860955,58.61094633427873,0,1,4,0,BusinessHours,0,0,0.1447900089308268
CHG000655,Low,Normal,Dev,0.3194002637912288,0.09132353405527756,22.299545533086356,61.8869338545063,0,0,2,0,BusinessHours,0,0,0.05451043163783015
CHG000656,Medium,Normal,QA,-0.8690472478647824,0.07564329249818738,1.0,60.516850806841404,0,0,1,0,BusinessHours,0,0,0.12784260024510347
CHG000657,Low,Standard,Staging,0.17739611463694044,0.10818099345607109,20.08705437978833,72.55166702315202,0,1,2,0,BusinessHours,0,0,0.076099125531992
CHG000658,High,Standard,QA,1.2125188368316004,0.11855201790582943,18.41864687484172,56.46681342550636,0,1,4,0,BusinessHours,0,0,0.17953747606970122
CHG000659,Medium,Normal,Staging,-0.3237917042866007,0.03168355035694889,17.496989843586142,64.59182992871263,0,0,1,0,BusinessHours,0,0,0.07039357312070224
CHG000660,Medium,Normal,Production,-1.6919626491697632,0.03913799123152547,18.037403669041574,78.66812497055844,0,1,1,0,Weekend,1,0,0.025840196333482567
CHG000661,Critical,Normal,Production,-0.01756282647744591,0.05428196872554265,22.985388149229305,69.77707647953089,0,1,4,1,BusinessHours,0,0,0.16023707172489868
CHG000662,Medium,Normal,Dev,-0.9024230947925126,0.022390369391668007,14.11446135063701,65.80895500515679,0,0,1,0,OffHours,1,0,0.06908484188850489
CHG000663,High,Normal,Dev,-0.3423409386638824,0.06342153057296662,22.264695491964538,82.51481471457345,1,0,3,0,Weekend,1,0,0.04986901121218003
CHG000664,Low,Normal,Dev,-0.08158776968512098,0.045318580687614435,30.023287880348057,72.53163867594364,0,0,2,0,BusinessHours,0,0,0.026121783613341804
CHG000665,Low,Standard,Staging,-1.7056522160155172,0.0443626209435362,22.299321584344057,80.99667900810107,1,0,1,0,OffHours,1,0,0.011284903403445885
CHG000666,Low,Normal,Dev,-1.615658339320678,0.01,27.21236118568512,70.34962776800818,0,0,1,0,BusinessHours,0,0,0.016571388959950053
CHG000667,Medium,Normal,QA,0.48206683552552526,0.09746867896691085,19.33427322512267,72.61877943162649,0,0,3,0,BusinessHours,0,1,0.12221462361270263
CHG000668,Medium,Standard,Production,-0.5227186961696804,0.08519858429152316,9.575478406615431,81.92202525249091,1,1,2,0,BusinessHours,0,0,0.02743725404113719
CHG000669,Medium,Normal,Production,-2.564744341820567,0.01,26.511674009942205,72.82034683708801,0,0,1,0,BusinessHours,0,0,0.026237258417462012
CHG000670,Low,Standard,Production,0.7848440366081351,0.13265129408751153,18.839210657981376,59.645335070935616,0,1,1,0,BusinessHours,0,1,0.1754971091083911
CHG000671,Low,Standard,Dev,0.27236975527423984,0.08474941312389203,22.181379055127135,64.22913742848418,0,0,1,0,BusinessHours,0,0,0.06271599277190541
CHG000672,Medium,Normal,Staging,-0.713874824036484,0.05388967179114972,18.78652733000769,74.3172162183705,0,0,2,0,BusinessHours,0,0,0.07910603403416745
CHG000673,Low,Normal,Dev,-1.3168302110582415,0.02811517254083825,29.94440951465897,78.83222279995262,0,0,2,0,Weekend,1,0,0.034073604774383655
CHG000674,High,Standard,QA,0.8358078963143372,0.13993015275235132,10.909601501309314,29.197067424654673,0,1,4,0,Weekend,1,0,0.10725615110211537
CHG000675,Critical,Normal,QA,0.3493506225604296,0.10201970661909675,18.403403920388943,67.76218952621541,0,1,3,0,OffHours,1,0,0.19212692592423758
CHG000676,High,Standard,Production,2.3826022826840734,0.2407651324220825,12.063747855203637,47.767346447128645,0,1,8,1,BusinessHours,0,1,0.7992317562992998
CHG000677,Medium,Normal,Staging,0.42018859872493736,0.1130759328597178,21.356834555179177,79.01641614043596,0,1,2,0,Weekend,1,0,0.08156011655907697
CHG000678,Medium,Normal,QA,0.3877031412620148,0.0750109035453922,21.009790842722428,52.183736961368474,0,1,2,0,Weekend,1,1,0.089673516421105
CHG000679,Medium,Normal,Staging,-0.16692793010856513,0.09592244359558477,24.79002886594208,71.91144217866547,0,0,1,0,OffHours,1,0,0.09263307607305359
CHG000680,Critical,Standard,Production,0.816775867200791,0.11436248365372378,15.749456345866042,48.2786049153793,0,1,4,1,OffHours,1,1,0.3983872109869092
CHG000681,Critical,Standard,Dev,0.6250852012481537,0.0340341357125904,39.66053181724941,50.28405476252781,0,1,6,0,BusinessHours,0,0,0.03716342813610824
CHG000682,Medium,Normal,Production,1.251725008565195,0.15226089540797302,15.971072647694108,44.881601704603476,0,1,2,0,Weekend,1,1,0.48719130564101926
CHG000683,Medium,Standard,QA,-0.5213229186372847,0.09423162060824432,28.552083557757626,50.0355181781662,0,0,2,0,BusinessHours,0,0,0.11002159111955571
CHG000684,High,Standard,Dev,-0.4354074729439623,0.09383055318772172,9.786832678544624,65.54178133810844,0,0,3,0,OffHours,1,0,0.12750717693670852
CHG000685,Low,Standard,Production,-0.4791031709119801,0.1292185670199544,13.016196602490993,37.11799368019639,0,0,1,0,BusinessHours,0,0,0.228771407205872
CHG000686,Medium,Normal,Dev,0.7908017211789892,0.07070583292543164,34.98064745100863,57.647399459831604,0,0,2,0,BusinessHours,0,0,0.04272248983241122
CHG000687,Medium,Standard,Production,1.498374440296732,0.14011779583881243,31.51090473186617,56.376906570644366,0,1,3,0,Weekend,1,0,0.13905352068872298
CHG000688,High,Normal,Dev,-0.45884049314930064,0.042559517030024155,32.15976677486605,82.11786278157173,1,1,3,0,OffHours,1,0,0.025242171407206315
CHG000689,Medium,Standard,Staging,-0.42477372779309125,0.07280184268982519,4.830908309509766,95.45886751199973,1,0,1,0,OffHours,1,0,0.059152925324607565
CHG000690,Medium,Normal,Staging,0.3140772238697992,0.027190872570784296,36.616033744805875,78.80333543799009,0,1,2,0,BusinessHours,0,0,0.027603179891920005
CHG000691,Low,Emergency,Production,-0.24576150001290142,0.09014760247972409,13.60434701618598,42.11872819561055,0,0,1,1,BusinessHours,0,0,0.15305918058174606
CHG000692,Medium,Standard,Production,0.95205365313989,0.13587195479550374,15.667853674660908,47.35119232474004,0,1,5,0,BusinessHours,0,1,0.18309700221473382
CHG000693,High,Normal,Staging,-2.2517772906190467,0.01,29.083061183308573,100.0,1,0,2,0,OffHours,1,0,0.0034869893729982558
CHG000694,High,Normal,QA,-0.8267050469168946,0.010174409147480867,20.45216321023494,60.07396074129086,0,0,3,0,BusinessHours,0,0,0.043720793383583846
CHG000695,Medium,Standard,Dev,-0.7824163339614458,0.01,29.345924194920016,99.82768425865609,1,0,1,0,BusinessHours,0,0,0.0028520677769185536
CHG000696,Medium,Normal,Staging,-2.320356012386145,0.018463904828749166,23.93369926017897,88.58481977684751,1,0,1,0,BusinessHours,0,0,0.007776385508863791
CHG000697,High,Normal,Staging,-0.9636384443688041,0.05394989265051535,16.49440418630648,68.42903379869765,0,1,2,0,BusinessHours,0,0,0.045990362701229394
CHG000698,High,Normal,Dev,-0.9151561158459262,0.09796000073283936,13.60260436248735,47.81998066525597,0,0,2,0,BusinessHours,0,1,0.08839319222704836
CHG000699,Medium,Emergency,Production,-0.20110465451883033,0.1446908190638059,9.01990402287381,54.72450946033453,0,1,1,1,OffHours,1,1,0.49570341283496316
CHG000700,Medium,Normal,QA,1.1129658916602636,0.17725025234353003,20.030907927303,45.00660857051943,0,0,3,0,OffHours,1,1,0.3057782590892881
CHG000701,Low,Normal,Dev,-0.24506065119070236,0.045312655598921385,27.822564437726,76.8169453451846,0,0,3,0,BusinessHours,0,0,0.025393446639276417
CHG000702,High,Standard,Production,-1.0308137202711538,0.02353448752492935,40.04529179238554,75.55242589920432,0,1,2,1,BusinessHours,0,0,0.033055525060139875
CHG000703,Medium,Emergency,Staging,-0.056954541213528984,0.09396060281423935,25.252407631852815,36.59219244207058,0,1,2,0,Weekend,1,0,0.07271722161271989
CHG000704,Medium,Normal,Production,1.0491736214413494,0.14314327818535838,24.26452799001557,46.873843224713475,0,1,3,0,BusinessHours,0,0,0.32170930311630364
CHG000705,High,Standard,Dev,-0.9759588161149049,0.042297804572214465,19.7402095230685,59.87237394471016,0,0,2,0,OffHours,1,1,0.06885914444251652
CHG000706,Medium,Normal,QA,-0.9105748839214486,0.03980692241967898,29.351005246713918,71.55006296897498,0,0,1,0,BusinessHours,0,0,0.026813292971100185
CHG000707,Critical,Normal,Staging,0.5585489592742234,0.10581058979124626,17.254407740906554,68.73999650529322,0,1,4,0,BusinessHours,0,1,0.14563052155623554
CHG000708,Medium,Emergency,QA,-0.22153611573080054,0.06551734712033336,19.681489783239577,66.36895488326408,0,0,3,0,BusinessHours,0,0,0.12941863551143323
CHG000709,Medium,Normal,Production,0.6474846907094743,0.13381642910877975,10.704542400585103,54.02245658753005,0,1,4,0,BusinessHours,0,0,0.31949366200959206
CHG000710,Critical,Normal,QA,-0.013646791795296761,0.06859220953086347,41.914980746180284,60.572130727812024,0,1,6,0,BusinessHours,0,0,0.10461446551006247
CHG000711,Critical,Normal,QA,0.701663648089567,0.21651262268170562,1.0,29.69442058557042,0,1,5,0,BusinessHours,0,1,0.67195367024654
CHG000712,Critical,Normal,Dev,-1.0350781140406409,0.04211279183499065,21.892596586879048,67.98327318371983,0,1,3,0,BusinessHours,0,0,0.027428299282281934
CHG000713,High,Normal,QA,-0.01208465078826744,0.01,33.29422431324482,57.44415798386175,0,1,4,0,OffHours,1,0,0.017996334639392746
CHG000714,Medium,Standard,QA,-0.21069001436315682,0.10033270825667163,10.601629740139554,57.006028543826226,0,0,1,0,BusinessHours,0,1,0.12076804995032099
CHG000715,Low,Standard,Production,-1.2158909241041307,0.02530238940075424,13.56791731193822,53.044638606433764,0,0,1,0,BusinessHours,0,0,0.02968883652095288
CHG000716,Medium,Emergency,Staging,-1.5634779478686884,0.026921547084464488,24.529440724133867,68.36679516098219,0,0,1,0,BusinessHours,0,0,0.05492085136678877
CHG000717,Critical,Emergency,Dev,0.6857490352746618,0.1379366342228651,7.357714449808261,28.762704859352986,0,0,6,0,BusinessHours,0,0,0.4096692831117028
CHG000718,Medium,Emergency,Staging,-0.3509523822179781,0.048909401914808276,27.682877489978363,50.58718568349647,0,0,3,0,BusinessHours,0,0,0.07176128138486804
CHG000719,High,Standard,QA,-1.0222802816473295,0.011430923976426395,14.550608612739822,84.508786920962,1,0,1,0,BusinessHours,0,0,0.024149156409103353
CHG000720,Critical,Standard,QA,-0.09617893692333225,0.06856048396699455,18.76583819661989,67.13036682145153,0,0,3,0,OffHours,1,0,0.10060329552671346
CHG000721,Critical,Emergency,Production,1.1280188573493026,0.07771700417116852,24.942116235935295,28.938648814089134,0,0,5,1,BusinessHours,0,1,0.5444264919676178
CHG000722,Critical,Standard,Production,-2.280737845371923,0.01,17.138848350956323,76.6575854544933,0,0,1,1,BusinessHours,0,0,0.02264145960709799
CHG000723,Medium,Normal,Staging,-1.4966386899033264,0.01,42.93783458163495,100.0,1,0,1,0,BusinessHours,0,0,0.002227209293515066
CHG000724,Medium,Standard,QA,-0.9228864418952676,0.06570726160853267,26.066616816040693,66.0110325985983,0,1,2,0,BusinessHours,0,0,0.023411328437666405
CHG000725,Critical,Normal,Dev,1.461178866720329,0.13458477172821828,32.43452838063134,50.55972270192167,0,1,6,0,OffHours,1,0,0.2646500852319989
CHG000726,Low,Normal,Production,0.2825869829192965,0.18078022938144397,8.012791611211565,53.694897231920294,0,1,2,0,Weekend,1,0,0.28554822023970267
CHG000727,Low,Standard,Staging,0.7673172404612268,0.12371412001409456,11.352179426487563,55.593748560116516,0,1,3,0,BusinessHours,0,0,0.12357695945235465
CHG000728,Critical,Normal,Staging,-1.1401609191262305,0.01,29.49940865096206,70.24585561021024,0,1,3,0,BusinessHours,0,0,0.024088079093469564
CHG000729,Medium,Standard,Production,-1.1195358752705262,0.05546213267959216,7.544999366744867,64.87571655296465,0,0,1,0,OffHours,1,1,0.18578782592659213
CHG000730,Medium,Normal,QA,0.4478137167227104,0.1556943842312253,7.18650692857381,42.866456337902115,0,0,1,0,OffHours,1,1,0.38764386188557315
CHG000731,Low,Normal,Production,0.05827433093544655,0.057562744429402415,21.69782990369939,85.44943427053911,1,0,1,0,OffHours,1,0,0.10841259040572418
CHG000732,Medium,Normal,Staging,0.5487388188641266,0.029920471844633697,23.076981319240105,68.96830761139388,0,1,3,0,OffHours,1,0,0.11360869090255986
CHG000733,Critical,Standard,QA,-0.18767099092845213,0.047763097824213355,25.828727268190953,68.41770865190847,0,0,4,0,BusinessHours,0,1,0.11497052847269262
CHG000734,Medium,Standard,Dev,0.278143726454627,0.10291498893629633,22.14520587674376,63.53941300295966,0,0,2,0,OffHours,1,0,0.0882291908547176
CHG000735,Medium,Standard,Staging,0.15811908490510918,0.12734527592372147,12.607240015911518,46.85797554818154,0,0,2,0,BusinessHours,0,1,0.21927745514156513
CHG000736,Medium,Emergency,QA,0.7777673890849254,0.0875456155350884,21.035828477463454,43.30456555356356,0,0,2,0,BusinessHours,0,0,0.20339745378457189
CHG000737,High,Standard,Staging,0.8070082819444706,0.10063948940578073,26.79506975563992,68.6900718473177,0,0,3,0,Weekend,1,0,0.20689134810497334
CHG000738,High,Normal,Production,-1.6198719943917699,0.037681127746932774,1.0,71.10219737669266,0,0,2,1,OffHours,1,1,0.1612783469294334
CHG000739,Medium,Standard,Staging,-2.2472685553408556,0.01,28.820035549395264,100.0,1,0,1,0,BusinessHours,0,0,0.002151043089164704
CHG000740,Medium,Emergency,Staging,1.0017453976515072,0.11406045884887793,28.1104908951321,61.254890307958206,0,1,2,0,BusinessHours,0,0,0.1758195112495546
CHG000741,Medium,Normal,Staging,1.1877250932619365,0.11223071527564848,25.878248683569467,72.5357624393609,0,1,3,0,BusinessHours,0,0,0.1458634340402315
CHG000742,Medium,Standard,Staging,-1.0206230195133374,0.032000667459533005,26.37990064182773,85.86248457932342,1,0,2,0,OffHours,1,0,0.023010673928987826
CHG000743,Low,Normal,Production,-1.8598354065456286,0.01,26.069462141149714,76.17059318732599,0,0,1,0,Weekend,1,1,0.020214950348403118
CHG000744,Medium,Normal,Dev,0.09903482100720092,0.05586498794969493,21.91658490611259,52.7570817062805,0,0,3,0,OffHours,1,0,0.05636545051659866
CHG000745,Medium,Normal,Production,0.9308382263505294,0.08953218434417619,33.935135602365726,51.58948875830163,0,1,4,0,OffHours,1,0,0.16964673024268823
CHG000746,Medium,Emergency,Dev,1.7975945224343146,0.2395357785295565,4.2777240015039,36.14360503335483,0,0,4,0,OffHours,1,1,0.7847817799615598
CHG000747,Medium,Normal,QA,0.516297572101451,0.15114500994364194,8.655768154417999,67.4217220437715,0,1,2,0,BusinessHours,0,1,0.30179753041542123
CHG000748,Low,Normal,Production,-0.37171669658569495,0.08507393173578011,6.777420552321178,71.62971153993048,0,0,2,0,BusinessHours,0,1,0.12870628487381078
CHG000749,Low,Normal,Dev,-0.8931306215848627,0.059443235642727354,21.557393986808602,69.23308311819059,0,0,1,0,BusinessHours,0,0,0.02254046513508451
CHG000750,High,Standard,QA,0.011451291670654416,0.06980842894472687,20.720626844417804,87.74544245941466,1,1,3,0,BusinessHours,0,0,0.023548030149982246
CHG000751,Low,Normal,Dev,-0.2992647038852564,0.06280482126130357,27.383508073206844,64.34303604012985,0,0,1,0,BusinessHours,0,0,0.03361310697824739
CHG000752,Low,Normal,Production,-1.0150679057288161,0.01,22.38111531398394,67.16244459394439,0,0,1,0,Weekend,1,1,0.028873682425189375
CHG000753,Critical,Standard,Staging,2.0487556508632867,0.11919661199562685,31.341447143606413,59.68532494713072,0,1,6,0,BusinessHours,0,0,0.19301211530964735
CHG000754,Medium,Normal,Dev,1.785168402072131,0.19749829453563025,2.1106381745894875,60.11428311481712,0,1,3,0,BusinessHours,0,1,0.2555330092715314
CHG000755,High,Standard,Staging,1.1360486835554284,0.07927767023284887,24.987949372307092,47.456041764503,0,0,4,0,Weekend,1,0,0.3161651768058776
CHG000756,Medium,Standard,QA,-0.9208503978091276,0.07817296525425518,12.343334414366732,45.97445687075672,0,0,1,0,OffHours,1,0,0.07003966417935857
CHG000757,High,Normal,Production,0.8550193242972788,0.1103131243924728,20.49079123890891,57.29456952196733,0,1,2,1,BusinessHours,0,1,0.26312847842212334
CHG000758,Medium,Standard,Dev,0.6396264094979018,0.057827066031846515,19.57351835423352,71.39277109692743,0,0,3,0,BusinessHours,0,0,0.09248955520923308
CHG000759,Low,Normal,Staging,0.44254562420405297,0.18047099881326453,1.0,2.023853853262125,0,1,1,0,OffHours,1,0,0.41863214299558377
CHG000760,High,Standard,Staging,1.2496652670437771,0.05692836770660319,37.11743674366898,83.6098055954139,1,1,4,0,BusinessHours,0,0,0.018973234785853985
CHG000761,High,Normal,Staging,0.6353711428612774,0.09045216997593467,25.49132938035586,47.480326007757995,0,1,4,0,BusinessHours,0,0,0.13586747176547223
CHG000762,Medium,Emergency,Production,0.7400142363043355,0.14227175682484453,18.117227124996916,53.60792032384704,0,1,2,1,OffHours,1,1,0.5288079298281921
CHG000763,High,Normal,QA,0.6369062833722101,0.0638155233688805,36.93817617574107,49.43592582979052,0,0,4,0,BusinessHours,0,0,0.05827199555095239
CHG000764,Medium,Normal,Production,0.3407914080021059,0.07312029217012567,12.536746643597002,42.14342810966697,0,1,3,0,BusinessHours,0,0,0.22743093134613152
CHG000765,High,Standard,QA,-1.7836111297141835,0.012230044963618743,30.24855217627126,87.62114574115668,1,0,1,0,BusinessHours,0,0,0.007365672043335142
CHG000766,High,Standard,Staging,0.08362107741055723,0.11252919687680656,17.767143881416487,75.51045496176755,0,1,4,0,Weekend,1,0,0.16835627378509013
CHG000767,Low,Normal,QA,-0.5561919588491252,0.012571018941376081,30.104112156673704,80.90378300645014,1,0,1,0,Weekend,1,0,0.014595799274123753
CHG000768,High,Normal,QA,-1.2798409576400205,0.042004732587710064,21.281223375385377,100.0,1,0,1,0,BusinessHours,0,1,0.01855384645152208
CHG000769,Critical,Normal,Dev,1.681816619300824,0.1041377256203864,22.47580920094193,40.32070492752314,0,1,5,0,BusinessHours,0,0,0.3239727459097602
CHG000770,High,Normal,Dev,1.7289953408857035,0.09324204925634864,28.753591043513932,47.17010079697497,0,1,3,0,BusinessHours,0,0,0.1659833685948883
CHG000771,Low,Standard,Production,1.359220600295612,0.14413558033563453,23.21717241203136,54.59561476633997,0,1,3,0,OffHours,1,0,0.10530934559171298
CHG000772,High,Standard,Production,0.2552134168558746,0.08624481218542839,24.489571622626617,58.38016418234254,0,1,4,1,BusinessHours,0,0,0.15283746610003024
CHG000773,Medium,Emergency,QA,1.3506251209526567,0.14517535396209907,37.52236593617362,55.36952193367459,0,1,3,0,OffHours,1,1,0.16360638394723967
CHG000774,Medium,Normal,Staging,0.012053180601825543,0.01,30.12784699964294,73.7586941720089,0,0,1,0,Weekend,1,0,0.021269853485130698
CHG000775,High,Normal,Production,0.20279727689777938,0.10986502243457877,28.691961470310627,72.40962154023492,0,1,3,1,BusinessHours,0,0,0.13509232803015792
CHG000776,Medium,Normal,QA,-1.093471370461983,0.020544230285650805,21.033728320013616,81.08839983958907,1,0,2,0,BusinessHours,0,0,0.014419023760794597
CHG000777,High,Emergency,QA,0.39699130449884,0.10800955933034832,22.548469388090776,72.37903240705876,0,1,5,0,BusinessHours,0,0,0.2223644538825574
CHG000778,Medium,Normal,Production,0.0603859284244171,0.03719490380219502,37.24164765706963,67.80459510428423,0,0,3,0,BusinessHours,0,0,0.07424591196155811
CHG000779,Medium,Standard,QA,-1.3026521168344645,0.04818341033571465,1.932373658611219,75.27048389995954,0,0,3,0,Weekend,1,0,0.07658125462997274
CHG000780,Critical,Normal,Staging,-0.051197111816596905,0.09821250846705097,21.847406568578585,70.73145896033591,0,0,5,0,BusinessHours,0,0,0.20553025417779974
CHG000781,Medium,Standard,QA,-0.07972956385680847,0.1106670406907295,14.112941715658973,54.78898266202461,0,0,3,0,OffHours,1,0,0.21697515752512772
CHG000782,Medium,Standard,Dev,1.79756116664464,0.20344061044248068,7.0859733956294635,39.79243893769657,0,0,4,0,BusinessHours,0,0,0.3825621740636135
CHG000783,Medium,Normal,Staging,0.8942133285134095,0.12598505828704515,8.887834813148313,29.45656858505641,0,0,3,0,BusinessHours,0,0,0.21829985659111445
CHG000784,Low,Standard,Production,0.011445439091466015,0.08569692605974508,27.752148128418263,65.51759909103562,0,1,2,0,BusinessHours,0,0,0.09084082982979279
CHG000785,Medium,Standard,Production,0.248787309801083,0.01,25.370707927152573,82.53926737644606,1,0,1,0,OffHours,1,0,0.027690647607884204
CHG000786,Medium,Normal,Dev,0.044212378104198057,0.05894200548793902,26.381191416300908,67.7044590495289,0,1,2,0,OffHours,1,0,0.03806353067925665
CHG000787,Critical,Emergency,Production,-0.20291398479554773,0.12451663568090476,17.818913650438628,40.85146133559812,0,1,3,1,BusinessHours,0,0,0.43678714867594004
CHG000788,Critical,Standard,Production,-1.0824271973882869,0.07243587040776601,16.15915114333509,48.41297309208366,0,1,3,1,OffHours,1,0,0.15257128987687654
CHG000789,High,Normal,Staging,-0.15105187760692926,0.050446376685677696,33.821152415812506,81.26835100234406,1,1,3,0,BusinessHours,0,0,0.014877304608551566
CHG000790,Low,Normal,Production,-0.7460982566525134,0.017424112832252116,27.687784766160192,79.25262183003017,0,0,1,0,BusinessHours,0,1,0.03213923066539883
CHG000791,High,Standard,Production,-1.2503155389231464,0.06266837119416949,22.538802741205725,91.87898832618774,1,0,2,1,BusinessHours,0,0,0.0375833063486814
CHG000792,Low,Normal,Production,0.5112218145475347,0.11949344087944172,12.9174452964211,40.41977574082757,0,0,2,0,BusinessHours,0,0,0.24220858839891374
CHG000793,High,Normal,Production,0.39126465993323495,0.04870059968202259,26.10474041766417,64.1007093804736,0,0,4,1,OffHours,1,1,0.22113521640331374
CHG000794,Medium,Normal,Staging,-1.786707511368078,0.05543433084916969,12.23111180706236,56.484687654303265,0,0,1,0,BusinessHours,0,1,0.045134437916557774
CHG000795,Critical,Normal,Staging,-0.12268463749512722,0.08178366974823742,15.43702385870493,81.02951847341728,1,1,4,0,OffHours,1,0,0.0412214136945046
CHG000796,Medium,Emergency,Production,0.9957013858999235,0.06424011020454604,41.06647249345592,77.81144096030663,0,1,3,1,Weekend,1,0,0.11202053748328962
CHG000797,Medium,Normal,Production,1.0592237388963208,0.10814960133904232,9.239153587363196,81.03470271121591,1,1,3,0,BusinessHours,0,0,0.09808930639660214
CHG000798,Critical,Standard,Dev,1.0258368428852387,0.14993120153465575,15.609201492773568,57.62113430684066,0,0,4,0,OffHours,1,1,0.38307351250563654
CHG000799,Medium,Normal,QA,0.0389132069014598,0.09711196441590683,25.567309375740454,77.03250587816879,0,0,3,0,Weekend,1,0,0.08112646896243493
CHG000800,High,Normal,QA,-0.8450453279691511,0.06984944834161913,12.267328365638235,73.70330667905779,0,0,2,0,BusinessHours,0,0,0.09792926422254172
CHG000801,High,Standard,Production,-1.0836988273580606,0.04892027148443619,2.6772425550180046,70.78804898203836,0,1,3,1,BusinessHours,0,1,0.09854805751054505
CHG000802,Medium,Normal,QA,0.3446049047503575,0.06017784113446083,23.567439604794366,67.73933162056244,0,1,1,0,BusinessHours,0,0,0.0661169816288351
CHG000803,Medium,Normal,QA,0.379280034365163,0.048130862552930344,32.14106154814061,77.21653585180827,0,1,2,0,BusinessHours,0,0,0.048965619402384884
CHG000804,Medium,Standard,Staging,1.2873311116050654,0.12573397638876482,19.241242200370326,78.20492101258498,0,0,3,0,Weekend,1,1,0.24395840374576777
CHG000805,High,Standard,Dev,1.0999796503420836,0.09309057019167048,11.424449062779779,56.18366581229466,0,1,5,0,BusinessHours,0,0,0.2177230715857723
CHG000806,Critical,Normal,Production,-0.1322286565311721,0.14136936602809724,12.83588234091514,59.61495284318204,0,0,2,1,BusinessHours,0,1,0.35368294480782814
CHG000807,Medium,Standard,Staging,-1.2442058788608694,0.017204080599401473,20.110299137313994,76.28099418390023,0,1,1,0,BusinessHours,0,0,0.01362505838669928
CHG000808,High,Normal,Dev,-0.31910659701089783,0.06802782141639956,16.598903337432166,61.82717154747803,0,0,2,0,BusinessHours,0,0,0.16562850865834525
CHG000809,Medium,Standard,QA,0.21723119481052466,0.08018605929230901,6.9787819217762825,59.14198748898514,0,0,3,0,Weekend,1,0,0.15388357776436062
CHG000810,Medium,Normal,Production,-0.2020832453894041,0.03248018496630864,35.91586429439249,77.6658727094602,0,0,1,0,OffHours,1,0,0.052797686676390815
CHG000811,High,Normal,Staging,-0.5778941080776558,0.041072154116622656,28.320667593455767,86.6163956452974,1,0,3,0,OffHours,1,0,0.033150152961335826
CHG000812,High,Standard,Staging,0.2528848149698989,0.06592526725625741,27.263969460110133,79.51240688591166,0,1,3,0,BusinessHours,0,0,0.057709621535197556
CHG000813,Medium,Normal,QA,-0.5039577414106104,0.027379676226658444,29.124596125996618,100.0,1,1,1,0,Weekend,1,0,0.01317004778657088
CHG000814,Medium,Standard,Production,-0.628066083725374,0.043502357993530014,34.381702572597966,75.13930230522686,0,0,2,0,Weekend,1,0,0.04509896784067834
CHG000815,Medium,Standard,Production,0.31145283430343956,0.09525098174253724,17.534076022820194,63.080253674323615,0,1,3,0,Weekend,1,0,0.13416108691338083
CHG000816,Low,Normal,Production,-0.4019925801292048,0.01596569685200292,17.970875629043604,73.08748609604076,0,1,1,0,Weekend,1,0,0.06295633926529515
CHG000817,Medium,Standard,QA,0.24410438897835213,0.07200437126735336,13.654046898600232,63.55906712913497,0,0,2,0,OffHours,1,0,0.15123147149831276
CHG000818,High,Normal,Production,0.2732040228521227,0.05090482263607149,24.38784488292526,79.44353581189657,0,0,3,1,OffHours,1,0,0.20857650165717234
CHG000819,Medium,Normal,Production,-1.1394290010915746,0.02967847020580384,15.545810234943563,57.00745653378618,0,1,1,0,BusinessHours,0,0,0.015783028852562633
CHG000820,Medium,Standard,QA,-0.4812411238654122,0.09083054368197253,15.383803549437797,71.6998117197317,0,0,3,0,BusinessHours,0,0,0.07774419125650753
CHG000821,High,Standard,Production,1.4377769399164624,0.20670615188171548,11.686478474775033,68.14192485042027,0,1,4,1,OffHours,1,1,0.5416565982520424
CHG000822,Low,Normal,Production,-1.1620795127342871,0.01,27.025621469564385,91.67564825869488,1,0,1,0,BusinessHours,0,0,0.017460892072665126
CHG000823,Medium,Standard,Production,-2.116654448970531,0.013867308520449456,10.645775361205324,95.48615066412361,1,0,1,0,OffHours,1,0,0.010926130396190769
CHG000824,Critical,Normal,Production,-1.8618451532425115,0.04993593745747385,5.37241011317381,76.76688750475446,0,0,2,1,OffHours,1,0,0.19140505859537074
CHG000825,Low,Standard,QA,0.029109946576669203,0.1244037063527161,23.720113584016357,61.171375864101265,0,0,2,0,OffHours,1,0,0.040016045410165825
CHG000826,Medium,Emergency,Staging,0.03091727803269891,0.07994751036704945,27.910265403354842,52.51194320395923,0,0,2,0,BusinessHours,0,0,0.09692600316349825
CHG000827,Medium,Standard,Dev,-0.11761085542512094,0.033482779769416444,40.934679329602446,74.7350260631302,0,0,2,0,Weekend,1,0,0.012430117875316352
CHG000828,Low,Normal,Staging,1.2141898289285016,0.15635231466169267,16.712084987888833,38.886641461149416,0,0,3,0,BusinessHours,0,0,0.23908653477263703
CHG000829,Medium,Normal,QA,-2.672834433102938,0.01,22.65134958026777,93.97099517700948,1,0,1,0,OffHours,1,0,0.003986427092356395
CHG000830,Low,Standard,QA,0.3959338744308236,0.12106832647633178,17.34461533862998,71.68694082411889,0,0,3,0,BusinessHours,0,0,0.09549864773663659
CHG000831,Medium,Normal,Production,1.5614382018035733,0.12421185466102928,32.38558119474817,59.18210779684374,0,1,4,0,OffHours,1,0,0.43386257148937707
CHG000832,High,Standard,Dev,-1.127780764891714,0.012817122248427848,21.56568444731072,85.09589703437314,1,0,2,0,OffHours,1,0,0.012509587453812792
CHG000833,Medium,Standard,Production,-0.3798065117898951,0.10149814273324671,11.456182024267,65.88100389941309,0,1,2,0,Weekend,1,0,0.13122468292937534
CHG000834,Medium,Standard,QA,-0.7528919172286209,0.08634027575434301,13.761750903021166,76.6237392241937,0,1,2,0,BusinessHours,0,0,0.019856127484326525
CHG000835,Medium,Normal,Dev,-0.8943460460775288,0.09644997134911847,1.5734835416270974,32.89951101943703,0,0,1,0,OffHours,1,0,0.20004773470622728
CHG000836,Critical,Normal,Dev,-0.32626200502304,0.024711241164421787,30.983869646440766,77.87085589847781,0,1,4,0,BusinessHours,0,0,0.043009422885457796
CHG000837,Low,Standard,QA,1.4274852836845047,0.13054972103469556,18.177191364925555,43.078884750681596,0,1,5,0,BusinessHours,0,0,0.11494585059313077
CHG000838,High,Normal,Staging,1.8373866754875203,0.1594289909297605,23.100322911869906,49.576390364579176,0,1,5,0,BusinessHours,0,0,0.3179138975392235
CHG000839,Medium,Normal,QA,-0.3359392250401477,0.13394858325765785,5.264114218555343,60.40983640130961,0,1,1,0,OffHours,1,0,0.09880321832921281
CHG000840,Critical,Standard,Staging,1.9050602140644701,0.19925956300082243,12.045796667030668,37.09583313067301,0,1,5,0,Weekend,1,1,0.6072916557066476
CHG000841,Medium,Standard,Staging,0.035576476984624864,0.11737956849004871,27.545590992412443,49.850931501819254,0,1,3,0,OffHours,1,1,0.05572974630042945
CHG000842,Low,Standard,Dev,1.753691026701081,0.1587944987367701,15.749708302102949,41.940031671663775,0,1,2,0,BusinessHours,0,0,0.10390656245502689
CHG000843,Medium,Standard,QA,-0.09329864965349177,0.06367985129478307,30.920483457304265,51.72450271323123,0,0,1,0,BusinessHours,0,0,0.04213370909808353
CHG000844,Low,Normal,Dev,0.1310578260461443,0.06771510577755424,33.53548090901605,60.162580603135275,0,0,1,0,BusinessHours,0,0,0.02704592835945207
CHG000845,High,Normal,Dev,0.36547447264283456,0.0504364253795807,22.198692846635808,54.990485014584145,0,1,3,0,BusinessHours,0,0,0.05666415115600429
CHG000846,Medium,Standard,QA,3.1788536793675353,0.16947231234960697,21.77488854479079,29.083320904086026,0,1,7,0,OffHours,1,0,0.23772300165160637
CHG000847,Medium,Normal,Production,0.8512855748447891,0.10488526130284304,28.124235802832942,74.65774971194125,0,1,2,0,BusinessHours,0,0,0.061910502766108245
CHG000848,Low,Standard,Staging,-0.7072645299514636,0.013126071894430772,26.64582112235565,63.840112197691354,0,0,1,0,OffHours,1,0,0.020214702007422026
CHG000849,High,Normal,Production,0.9689978702758579,0.11917196802364867,15.158202464844045,34.63296897698632,0,1,4,1,BusinessHours,0,1,0.16985218411208317
CHG000850,Medium,Normal,Production,-0.3618325370843415,0.04787995344312917,35.844947058607275,70.14340714384221,0,0,1,0,BusinessHours,0,0,0.07158775401032724
CHG000851,Critical,Standard,Staging,-0.48975018290120914,0.029873685211598354,27.54477194468937,63.07039537336314,0,0,4,0,BusinessHours,0,0,0.057310544389721746
CHG000852,High,Normal,QA,0.9086013598921112,0.1198754293890978,28.690758995779664,79.78014183433643,0,1,2,0,BusinessHours,0,0,0.0955398117414664
CHG000853,Medium,Standard,Dev,0.031085587771152785,0.15539581479876707,11.461534681901778,56.163894786419924,0,0,4,0,OffHours,1,0,0.23282567858865502
CHG000854,High,Emergency,Staging,0.2785759145118061,0.12598012757889507,21.377822678402453,29.235413210207977,0,0,4,0,OffHours,1,1,0.4944553530319407
CHG000855,Medium,Standard,QA,0.013985221865292462,0.11660628651067477,15.61131542368501,69.78850123779617,0,0,3,0,Weekend,1,0,0.12230636387474049
CHG000856,Medium,Normal,QA,0.3365831266054347,0.05150118515286403,26.767379502280985,68.78439065070809,0,0,2,0,BusinessHours,0,0,0.09363480118470609
CHG000857,Low,Emergency,Production,0.4249658974361492,0.09448824377517692,12.822256179815533,48.587538403511495,0,0,2,1,BusinessHours,0,1,0.26060308625296436
CHG000858,Medium,Normal,Dev,-1.9369669327054153,0.01651908728680703,29.610690159553677,100.0,1,0,1,0,BusinessHours,0,0,0.0017300511414420805
CHG000859,Medium,Normal,Dev,0.6665726686095336,0.10606441630548086,36.22195084535056,57.16782455226375,0,0,3,0,OffHours,1,0,0.0779136346083186
CHG000860,Low,Normal,Production,-0.9820194198303006,0.01,30.690722209485457,93.67210251262401,1,0,1,0,OffHours,1,0,0.01754450747051884
CHG000861,High,Standard,QA,-1.4422991355594112,0.01,41.20767221388173,80.06291541169637,1,0,1,0,Weekend,1,0,0.006073574902280924
CHG000862,Low,Emergency,QA,-0.05841124385868244,0.1114948599158821,14.302598339585,47.98805505879003,0,0,1,0,BusinessHours,0,1,0.21781787884393922
CHG000863,Medium,Normal,Dev,0.08398100331445427,0.07721068924391965,21.15902197888959,58.70868598497245,0,0,2,0,OffHours,1,0,0.0772106136054066
CHG000864,Low,Normal,QA,-0.6935061645722808,0.09596647787995466,17.418591412387524,58.06244980948769,0,0,1,0,OffHours,1,0,0.05760200355432988
CHG000865,Medium,Normal,Production,0.8310318576679744,0.19949644590625043,1.0,41.57580660034769,0,1,2,0,BusinessHours,0,0,0.44085580849440253
CHG000866,High,Standard,Staging,-1.342175166370907,0.03568545081874029,13.70532624010146,50.91592822305488,0,0,2,0,BusinessHours,0,0,0.03843881199436152
CHG000867,Low,Standard,Staging,-0.40694374877255896,0.04641985701288815,24.512849698588724,81.68849900388201,1,0,1,0,BusinessHours,0,0,0.008915184938622091
CHG000868,Medium,Standard,QA,-0.5848741349330007,0.05574669596124979,23.76649052673583,74.28291396995601,0,0,1,0,BusinessHours,0,0,0.023988308770348493
CHG000869,Medium,Standard,QA,-0.04658727033933937,0.017179612478024367,35.83985908109874,61.52488167063356,0,0,3,0,BusinessHours,0,0,0.012768850978452944
CHG000870,High,Normal,Staging,0.2788642846472388,0.05187450354055187,27.44338941349318,71.92913296395535,0,0,4,0,OffHours,1,0,0.1474925068785354
CHG000871,Low,Standard,QA,-1.0078929496235447,0.01,39.0870795876508,100.0,1,0,1,0,BusinessHours,0,0,0.0033728072274541113
CHG000872,High,Emergency,Dev,0.7242826774562282,0.11574954457711123,16.407570870420592,42.47416034112383,0,0,2,0,OffHours,1,0,0.30191793307959536
CHG000873,Medium,Standard,Staging,0.06300236833469973,0.08963747045104278,27.976430947669858,55.23610227907939,0,0,1,0,BusinessHours,0,0,0.05851428383711055
CHG000874,Medium,Normal,Production,-1.8919462533119105,0.02307853440487623,1.0,84.54079176467359,1,0,1,0,BusinessHours,0,0,0.04582030344905943
CHG000875,Medium,Standard,Production,-1.958591440397031,0.01,29.07682971690643,93.28168827857826,1,0,1,0,OffHours,1,0,0.0062802337795069925
CHG000876,Medium,Standard,Production,-0.012319292929311235,0.09762041980001915,17.071036425958866,59.95259366267366,0,0,3,0,BusinessHours,0,0,0.1714848613979883
CHG000877,Medium,Normal,Staging,-0.2209673177863541,0.06774522496115008,14.772181193884656,72.01315074063989,0,0,3,0,BusinessHours,0,0,0.16662901871160507
CHG000878,Low,Standard,Production,-0.1034201135746335,0.01137987094804949,32.75030391205148,78.08529898335075,0,0,3,0,OffHours,1,0,0.05782226630273413
CHG000879,Medium,Normal,Production,-0.02798245653021798,0.05768346968419058,29.81923243977115,90.47342433147132,1,0,2,0,BusinessHours,0,0,0.02750845614516051
CHG000880,Medium,Normal,Dev,0.22555983951018072,0.06920584735889243,31.554710787490407,70.91882804599649,0,0,3,0,BusinessHours,0,0,0.04717984899201378
CHG000881,Medium,Standard,QA,0.9476496098482997,0.11951151528264845,14.091374448695122,60.001132213623045,0,0,2,0,BusinessHours,0,0,0.11432606988052217
CHG000882,Low,Normal,QA,-1.1111049009175582,0.04633758314906111,12.296931055604743,86.70874585915493,1,1,1,0,BusinessHours,0,0,0.00803144108815048
CHG000883,Medium,Standard,Production,-1.1719715929007948,0.048268895065597284,19.289398392586374,44.58284485009379,0,0,1,0,OffHours,1,0,0.06650364125758089
CHG000884,Medium,Standard,Production,-1.0933238578873825,0.015590004684271169,21.12752206533535,92.83519502132853,1,1,1,0,BusinessHours,0,0,0.0061795111339804
CHG000885,Medium,Normal,Production,0.2889166671687069,0.030922904213033953,28.785893139349273,67.50234982931862,0,0,5,0,BusinessHours,0,1,0.13964890599842444
CHG000886,High,Standard,QA,1.2449473786464456,0.13798061747325152,28.75257864668805,63.61681685449891,0,0,4,0,OffHours,1,1,0.2419824947252751
CHG000887,Medium,Standard,Production,-0.4313394382395105,0.02025231611952268,43.58911766043266,100.0,1,1,1,0,Weekend,1,0,0.0047553092936434335
CHG000888,Medium,Normal,Dev,-2.5016998441596545,0.01,32.89108588041646,87.62317188504036,1,0,1,0,BusinessHours,0,0,0.0027925743249170723
CHG000889,Low,Normal,Dev,-1.7039928626103755,0.01,22.908512700616257,71.52212844274368,0,0,1,0,OffHours,1,0,0.03867288232240669
CHG000890,Critical,Emergency,Staging,-0.8330367227960116,0.01,26.929446995004326,66.8083578414591,0,0,3,0,BusinessHours,0,0,0.058372869626384924
CHG000891,Medium,Normal,Production,-0.5577288874952148,0.01,38.724742099040675,63.97592909361282,0,0,2,0,BusinessHours,0,0,0.04141630610819562
CHG000892,Medium,Normal,Production,-0.4083886272547264,0.02230720794186005,37.764406622922124,100.0,1,1,1,0,OffHours,1,0,0.009256270390299937
CHG000893,Low,Normal,QA,0.038581122980917065,0.06674396220050224,39.23258299741534,72.48939133892182,0,1,3,0,BusinessHours,0,0,0.021408821305342954
CHG000894,Low,Standard,QA,-0.3117463308224471,0.078447549839361,15.614889789604401,87.42077742537467,1,0,2,0,BusinessHours,0,0,0.011875910596620328
CHG000895,High,Standard,Staging,1.0493396105434072,0.11946529848114479,21.62949581352212,51.0899404246872,0,1,4,0,BusinessHours,0,0,0.239056514634359
CHG000896,Low,Normal,Dev,-0.6760173056813688,0.01959307466601992,18.287092915244735,74.84869202736824,0,0,2,0,BusinessHours,0,0,0.020488481339126844
CHG000897,Medium,Standard,Production,-0.862317959475543,0.01,36.78353976283225,94.94753510228776,1,0,1,0,Weekend,1,0,0.01507166889539554
CHG000898,Low,Standard,QA,0.4788755385204616,0.08599426804855108,14.874623728730235,50.978804325841224,0,1,3,0,Weekend,1,0,0.03351946600218481
CHG000899,Critical,Normal,Dev,-1.5356420699261193,0.02708426691086453,17.568540792409536,79.23625704209036,0,0,3,0,BusinessHours,0,0,0.029248971264119464
CHG000900,High,Normal,QA,0.3896917053200022,0.08445144465686481,13.998063750903963,73.12387946310116,0,1,3,0,OffHours,1,1,0.0817064756975609
CHG000901,Critical,Normal,Production,0.10255318372626686,0.08600587369550053,18.637531504239313,59.32792965351342,0,1,3,1,BusinessHours,0,1,0.42828157234433734
CHG000902,High,Standard,Production,-0.1474424899181674,0.12006615760804618,20.475549733030036,59.247709512675,0,1,5,1,BusinessHours,0,1,0.17460915511125194
CHG000903,High,Emergency,QA,1.5882761071492624,0.1704927094563422,33.33580285563695,56.62451008243552,0,1,6,0,BusinessHours,0,0,0.5642504539667957
CHG000904,Medium,Standard,Dev,-0.6222074452947179,0.01,33.288347397630815,98.81774548234718,1,1,2,0,OffHours,1,0,0.005865846239193883
CHG000905,Low,Emergency,Production,2.0602981705240784,0.19897837815582775,21.944988299130827,55.56121707279887,0,0,3,1,OffHours,1,1,0.6670332091213369
CHG000906,Medium,Standard,Staging,-0.2254314492280993,0.04696674482215637,21.225246908124433,59.071840405347366,0,1,2,0,Weekend,1,0,0.05054807589976164
CHG000907,Medium,Emergency,QA,-1.2770164449702281,0.04619949769719427,16.521469016576166,52.206695932970874,0,1,1,0,OffHours,1,0,0.08658070498283464
CHG000908,High,Emergency,Dev,0.0699195809948253,0.05489298128920141,26.451365943987586,53.798100928582805,0,0,5,0,BusinessHours,0,0,0.14107647620772185
CHG000909,Low,Standard,Production,-1.0762452003187681,0.01,36.43151779095548,91.79896287734896,1,0,1,0,Weekend,1,0,0.005858719461361812
CHG000910,Low,Normal,Production,-0.7517558478135002,0.013589957452709859,27.73261518970795,68.0239579973807,0,1,1,0,BusinessHours,0,0,0.010277460368990651
CHG000911,Medium,Standard,QA,0.39703330001549114,0.09190986262546683,9.389549835727106,49.563249618085045,0,1,3,0,Weekend,1,0,0.044525374803474606
CHG000912,Low,Standard,Dev,0.5555820886501248,0.0972872021353353,26.681849876628892,56.003766049556006,0,1,2,0,BusinessHours,0,1,0.025087378370295683
CHG000913,Low,Standard,Dev,-0.6221677002542582,0.051682984403725825,9.74621074634308,57.64381890022446,0,0,1,0,BusinessHours,0,0,0.0234661529571883
CHG000914,Low,Normal,QA,0.9874051450464006,0.1111400978898253,30.782841086549276,71.40921325898606,0,1,4,0,Weekend,1,0,0.08496286392894775
CHG000915,Medium,Standard,Dev,1.157507758021134,0.11846069251543358,19.771125964510098,67.74135768883085,0,0,4,0,BusinessHours,0,0,0.12103641753615427
CHG000916,Low,Normal,QA,1.436301756563291,0.10793753715627172,15.274931084230307,48.13726188209506,0,1,2,0,Weekend,1,0,0.12752981960189477
CHG000917,Low,Emergency,Dev,0.5294134071257222,0.10670412969053635,34.6046299313492,49.4025680414165,0,0,3,0,BusinessHours,0,0,0.11142490589431672
CHG000918,Low,Normal,QA,1.3634287120856987,0.1229005873513442,23.5231281940598,26.779228233906622,0,0,2,0,OffHours,1,0,0.16419301203588613
CHG000919,High,Standard,Staging,-1.8807984279740577,0.01,16.596251219806067,72.49818830453171,0,1,1,0,OffHours,1,0,0.029280199696371332
CHG000920,Low,Normal,Staging,-0.31790654862846257,0.06606179924861405,21.799902634925882,80.77321695924041,1,0,1,0,BusinessHours,0,0,0.04042192858464835
CHG000921,Low,Standard,Production,-0.8670052563234263,0.01,37.73621672284348,77.74573668420132,0,0,1,0,OffHours,1,0,0.01791571506240154
CHG000922,High,Standard,QA,0.11922586112739209,0.01,47.38000757773236,69.90989647561716,0,0,3,0,BusinessHours,0,1,0.012993048763466707
CHG000923,High,Emergency,Production,-0.5714492191967373,0.12845220210079325,3.7001969115142934,67.65572614198852,0,0,5,1,Weekend,1,1,0.47773991940936916
CHG000924,Low,Emergency,Production,-0.16615784194973238,0.15294291123294032,12.604764273675194,34.139202010104974,0,1,1,1,Weekend,1,0,0.24969555473173652
CHG000925,Medium,Standard,Production,1.8821748802040494,0.12948080637551093,10.876847155497204,61.79525373430698,0,1,7,0,OffHours,1,0,0.4655320794441278
CHG000926,Low,Standard,Dev,-0.1697197964203783,0.08607334853081897,14.568550291918758,100.0,1,1,1,0,Weekend,1,1,0.016309348548998837
CHG000927,High,Standard,QA,0.4137923171902139,0.08877730472667465,27.406808328308657,66.64759767724003,0,1,4,0,OffHours,1,0,0.05172508865210593
CHG000928,Medium,Standard,Staging,-0.2322693299242352,0.04865010298133313,15.673812517427104,85.9222638703677,1,0,2,0,Weekend,1,0,0.025716402227502766
CHG000929,Critical,Standard,Dev,0.07571328795683367,0.0964293991104954,25.990904029389917,45.571306313295246,0,0,4,0,OffHours,1,0,0.11473649849066225
CHG000930,High,Standard,Dev,0.006016680436071459,0.09745595458296084,22.778104732970366,48.099118324507245,0,1,3,0,OffHours,1,0,0.033018597446945554
CHG000931,Medium,Standard,Dev,0.4483240659731595,0.09125870753409576,12.075805966957914,47.0080747197656,0,0,4,0,Weekend,1,0,0.1283867126084485
CHG000932,Low,Standard,Staging,1.165307535547177,0.13661122229896547,17.358624504178632,63.83771905663757,0,1,2,0,BusinessHours,0,0,0.10167164330062176
CHG000933,High,Normal,Production,1.6473939976033294,0.1856335398976682,19.00165982327518,51.701114865447536,0,1,5,1,BusinessHours,0,0,0.4236558040709518
CHG000934,High,Normal,QA,0.30962008190916684,0.11515598742255767,13.029678445541638,49.196703566945224,0,1,4,0,Weekend,1,0,0.2326756455768601
CHG000935,High,Normal,Production,0.5895468860356021,0.13611653476067104,5.230952248232836,36.66442466727903,0,1,5,1,OffHours,1,0,0.42182745238215424
CHG000936,Low,Standard,Production,-1.150864509185567,0.05864445594902519,9.116440553856878,64.82775452264765,0,0,1,0,BusinessHours,0,0,0.08650106106350991
CHG000937,High,Normal,Dev,-0.08787674241562057,0.07459953839445535,25.03008243953183,63.32842965502097,0,1,2,0,BusinessHours,0,0,0.048672307139096635
CHG000938,High,Standard,QA,0.940289464883589,0.1340758490820969,16.637044470004778,48.12521982185993,0,0,4,0,OffHours,1,0,0.18918343301148882
CHG000939,Critical,Normal,Dev,0.8659686384171532,0.09955345669733882,25.6850568337679,50.2613397873526,0,0,6,0,BusinessHours,0,0,0.14902183404300123
CHG000940,Medium,Standard,Production,0.21160973279505021,0.14429822494407957,1.6633936093005923,52.73280782479772,0,0,2,0,BusinessHours,0,0,0.3608509317911207
CHG000941,Medium,Emergency,Production,0.8863939595679524,0.12557980205384006,1.1100564898334113,28.879954898113045,0,1,4,1,BusinessHours,0,0,0.6402744179273677
CHG000942,Medium,Standard,Staging,0.49076670899381886,0.10819425557494997,27.936860554886653,65.63816543620392,0,1,4,0,BusinessHours,0,0,0.07603727075830384
CHG000943,High,Normal,Staging,1.2003062582593216,0.20430901327321652,5.507018264992596,14.718696877025017,0,1,4,0,Weekend,1,1,0.7365564679027282
CHG000944,Critical,Standard,QA,0.2893591569571111,0.05198898438116329,30.03913864750232,77.29519473849123,0,1,4,0,BusinessHours,0,0,0.03472871357691564
CHG000945,Medium,Normal,Production,-0.35569831557103465,0.13990357773523354,4.897035349701398,57.970926604425884,0,1,2,0,Weekend,1,1,0.31880296690871296
CHG000946,Low,Normal,Production,0.33584125693302364,0.07208529702921734,26.124381331872634,65.44025311211931,0,1,2,0,BusinessHours,0,0,0.06976194741142133
CHG000947,Low,Standard,Production,-2.9305943758527757,0.01,10.31156862165395,84.16286613594667,1,0,1,0,Weekend,1,0,0.007447548441399583
CHG000948,Medium,Normal,Staging,0.38288573638504947,0.075916520719564,34.24171682780206,80.4892594854089,1,0,2,0,OffHours,1,0,0.04147927400874181
CHG000949,High,Standard,Dev,-3.6484128252147836,0.01,46.13553610307581,99.2587086901409,1,0,1,0,BusinessHours,0,0,0.0001081443125517975
CHG000950,Low,Normal,Dev,-1.723463407405418,0.0854656471768217,1.0,63.67581365111733,0,0,1,0,BusinessHours,0,0,0.07463948943989003
CHG000951,Medium,Standard,Dev,0.45176860094098414,0.054753974670291694,31.557786955984888,50.59181730262806,0,1,3,0,Weekend,1,0,0.05258974454935012
CHG000952,Critical,Normal,Staging,0.47752933726679525,0.15036645230849685,10.30387287142931,49.573926040288825,0,1,3,0,OffHours,1,0,0.5118721181581796
CHG000953,Medium,Normal,Production,-1.1624287801399305,0.04238072212648457,26.42215633096724,74.18056436097858,0,0,1,0,BusinessHours,0,0,0.07643772782554618
CHG000954,Low,Normal,Production,-0.7121020418789388,0.03974628218355947,4.568788141199837,68.95047174935918,0,1,1,0,Weekend,1,0,0.07009149906150695
CHG000955,Medium,Normal,Dev,1.370540988614132,0.11662264829674755,21.023516966258725,65.12510470465936,0,1,3,0,BusinessHours,0,0,0.13945217187138748
CHG000956,Medium,Emergency,QA,-0.48403013157267616,0.07039689727935866,17.17364970039312,62.31255506242757,0,0,2,0,BusinessHours,0,1,0.1356022338765024
CHG000957,Low,Normal,Dev,2.242920312402985,0.14936819114934546,28.141825834046184,65.56093412501319,0,1,2,0,BusinessHours,0,0,0.09553149601810224
CHG000958,Medium,Standard,Production,-0.001919853176346149,0.1514245180674789,9.43889405078096,50.120320287796204,0,0,2,0,Weekend,1,0,0.27458849914699884
CHG000959,Medium,Normal,Production,0.4080361768812668,0.07001552907584975,34.41066152346682,78.86521990288233,0,1,3,0,BusinessHours,0,0,0.075767943806846
CHG000960,Medium,Standard,Staging,1.6168743984986076,0.11341323354105545,17.422539019754765,55.27991205623439,0,1,2,0,OffHours,1,1,0.4407144672288795
CHG000961,Medium,Normal,Staging,0.13102711619341956,0.14029430497264722,14.796596504615913,49.67843777786233,0,0,1,0,BusinessHours,0,0,0.28091580879519584
CHG000962,Low,Standard,Staging,-1.0023439806908012,0.01,33.5682784948028,85.58974309953375,1,0,2,0,BusinessHours,0,0,0.004628477594946798
CHG000963,Low,Normal,QA,-0.10972745169429012,0.0878188285660239,19.872179159280606,63.82018606591316,0,0,1,0,BusinessHours,0,0,0.05417745532772223
CHG000964,Low,Normal,Dev,-0.03561073619009093,0.018356487932435304,39.723156206446276,95.37697302741611,1,0,2,0,Weekend,1,0,0.010304680118538526
CHG000965,Low,Normal,QA,-1.3647416522015654,0.01,27.777914378022263,94.19002263108175,1,0,1,0,BusinessHours,0,0,0.004633386697150422
CHG000966,High,Standard,QA,-0.25583207134082336,0.09228165645711427,8.128623601134718,57.42925122870575,0,0,3,0,Weekend,1,0,0.1229065729368414
CHG000967,Low,Standard,Staging,-0.7421920939974367,0.0440326082607074,19.339088415035096,65.47729470028467,0,1,1,0,BusinessHours,0,0,0.031158162007421917
CHG000968,Medium,Normal,QA,0.9243577571874341,0.11949747106203136,23.9201761400979,69.94378662438018,0,0,1,0,Weekend,1,1,0.2136570888613287
CHG000969,Low,Normal,Production,0.03461187418525562,0.017875278028240522,36.83723826429845,91.4868592788568,1,0,1,0,BusinessHours,0,0,0.03180983013857616
CHG000970,Low,Emergency,Staging,-0.28279574914757005,0.03306724154365684,28.15463931527392,64.11141086237535,0,1,1,0,BusinessHours,0,0,0.05689960689273912
CHG000971,Low,Normal,Staging,-0.10618193062257626,0.08510558109173935,21.067100096467108,74.9863710272713,0,0,2,0,BusinessHours,0,0,0.06426072882566243
CHG000972,Medium,Standard,Production,0.22312201840616613,0.11709805837652446,17.544113026001664,77.45344456072154,0,1,2,0,BusinessHours,0,0,0.08138635913236707
CHG000973,Medium,Normal,QA,0.6168141996897798,0.11779043492156008,16.634963990689673,57.61415836868753,0,1,2,0,Weekend,1,0,0.12189720888534503
CHG000974,High,Normal,Staging,-0.9997122286693814,0.01,31.686116955328487,83.13148999566796,1,0,3,0,BusinessHours,0,0,0.022675225410597265
CHG000975,Low,Standard,Dev,-1.0415876326212719,0.023423935470895378,11.824022775113988,79.19937826911266,0,0,1,0,Weekend,1,0,0.015679086838329505
CHG000976,Medium,Normal,Production,1.10467921540253,0.12238730209149158,16.953818011943298,48.249605296803225,0,1,2,0,OffHours,1,1,0.4038632094971982
CHG000977,High,Standard,Staging,-0.4123368722047306,0.09824963867522998,29.732346099779654,84.73568465856518,1,1,2,0,OffHours,1,0,0.04396910801386046
CHG000978,Medium,Standard,QA,-1.416842092596874,0.023438293748379604,8.050561707366931,67.20234892746139,0,0,1,0,BusinessHours,0,0,0.03258819998955961
CHG000979,Low,Standard,Dev,0.44381270938310463,0.15749619844919574,9.567410069779378,52.37026204304215,0,0,1,0,Weekend,1,0,0.1843664765404834
CHG000980,Low,Normal,Production,0.4633698060326869,0.13378411464025122,15.886176485699636,79.03692749547241,0,1,2,0,OffHours,1,0,0.1655234664192206
CHG000981,Low,Normal,Staging,-1.5307152572567064,0.01,34.519687419372964,65.393355705356,0,0,1,0,Weekend,1,0,0.011130964947725584
CHG000982,High,Standard,Staging,0.2294817154636063,0.11664030801533083,13.513990763430424,64.30945308747762,0,0,3,0,BusinessHours,0,0,0.2574764449940553
CHG000983,Medium,Normal,QA,0.7355830924283736,0.09914408528607699,28.213226903795135,56.1194244410672,0,0,2,0,BusinessHours,0,0,0.11932688048619003
CHG000984,Medium,Normal,Staging,0.37438645170626306,0.13996452993793984,1.0,44.655644557574355,0,1,3,0,OffHours,1,1,0.5225337763320086
CHG000985,High,Standard,Staging,0.6319814837613953,0.1004324875986176,17.408573167604082,49.451767492119835,0,1,4,0,OffHours,1,0,0.11921696919254585
CHG000986,Medium,Standard,QA,-1.404269098090749,0.030979285048090617,23.468964906696364,70.65414164787225,0,0,1,0,BusinessHours,0,0,0.026741652612051952
CHG000987,Medium,Standard,Staging,0.3310401549961956,0.10021973211109117,19.47155386378352,59.27892470106151,0,0,3,0,BusinessHours,0,0,0.11299926971066247
CHG000988,Low,Standard,Staging,-0.30261975947044656,0.08971089585323837,16.61486737957537,71.54751850415091,0,0,1,0,BusinessHours,0,1,0.03858809461268805
CHG000989,Medium,Emergency,Production,-0.4827901587246448,0.07253643787518049,13.314410583796022,66.13927991167151,0,1,2,1,OffHours,1,1,0.24537917465415207
CHG000990,Low,Normal,QA,0.8705556094197265,0.16794949363444492,1.0,15.282356364010504,0,1,1,0,BusinessHours,0,0,0.3005170485416029
CHG000991,Low,Standard,QA,1.47927451067423,0.13398466555035043,19.16006033451416,58.11110666589781,0,0,3,0,BusinessHours,0,0,0.1221123013793083
CHG000992,Medium,Normal,Production,1.794370054600359,0.13638242153801247,25.75628917901863,50.2498592230903,0,1,5,0,BusinessHours,0,0,0.2756302279758602
CHG000993,High,Standard,Production,1.314807871505905,0.1304207240902179,21.48805240340987,51.51260003987217,0,1,4,1,BusinessHours,0,1,0.33419541628037425
CHG000994,Medium,Standard,QA,-0.10973418163018368,0.08205311185228935,10.607469198568875,59.501882867974416,0,1,4,0,BusinessHours,0,0,0.06722667516293578
CHG000995,High,Standard,Production,0.35272016302634307,0.12180101157602094,8.10051206315695,41.92781936258715,0,0,4,1,BusinessHours,0,0,0.6172355850445547
CHG000996,Low,Standard,Dev,0.7668228717842437,0.08926834684767473,22.36463151266026,41.86870595986275,0,0,4,0,OffHours,1,0,0.07491581608295671
CHG000997,Critical,Standard,Production,0.12117794929946196,0.048864839611526774,34.129486974840084,77.92993639423457,0,1,6,1,Weekend,1,0,0.07912595405963761
CHG000998,Low,Standard,Dev,0.13076418791154437,0.05875412710719109,14.887685816743756,53.44503188014048,0,1,1,0,BusinessHours,0,0,0.01403663498164721
CHG000999,High,Standard,QA,0.823753131876182,0.1172761959397955,11.380130147374402,53.563539548643305,0,1,5,0,Weekend,1,0,0.2495456642406746
CHG001000,High,Normal,Production,-0.059282646025932216,0.0769397883590404,15.923397511065222,55.80365964099592,0,1,4,1,OffHours,1,0,0.17376024400666754
CHG001001,Medium,Normal,Dev,-0.7292869363736615,0.03974978556916953,22.980132369265664,78.7735585514413,0,0,2,0,Weekend,1,0,0.05175040060385994
CHG001002,Medium,Standard,Production,-0.4144730658358585,0.03717443022681415,21.58794815708477,73.71062095477282,0,1,1,0,BusinessHours,0,0,0.027086736334819964
CHG001003,High,Normal,Staging,0.6339103777337424,0.11280273930232254,18.353321675967308,64.35534474072495,0,1,3,0,OffHours,1,0,0.14286600782622527
CHG001004,High,Standard,Dev,0.002993291199955732,0.17112530259446923,1.0,41.11915774581969,0,0,2,0,BusinessHours,0,0,0.39586173294841126
CHG001005,Low,Emergency,Production,0.34020997686833787,0.10744355525033664,24.109411514341677,51.21474917834649,0,1,4,1,Weekend,1,0,0.10074903513365127
CHG001006,High,Standard,Staging,0.6700792422021898,0.13554461455256997,12.490897937233502,49.81921012869471,0,0,4,0,BusinessHours,0,0,0.314206857248652
CHG001007,Low,Normal,Production,-0.3748414628976096,0.12779733335468677,4.162491405918012,72.22643438959776,0,0,1,0,BusinessHours,0,0,0.2029530264296042
CHG001008,Medium,Standard,Production,0.7562481636298061,0.10495558421465623,19.506301313151273,39.2182276038877,0,1,2,0,Weekend,1,1,0.2409457171012949
CHG001009,Medium,Standard,Dev,0.37884260345839443,0.08497838387514682,24.772727273692194,57.06842087826023,0,0,1,0,BusinessHours,0,0,0.0706874366957969
CHG001010,High,Normal,QA,-1.2348130869114786,0.06117015477973646,12.702689644993491,76.07328870344892,0,1,3,0,Weekend,1,0,0.05460705957607825
CHG001011,Medium,Normal,QA,1.4423047911862443,0.10027091699069535,26.561774945644984,68.23087631341546,0,0,3,0,BusinessHours,0,0,0.15768942041952191
CHG001012,Low,Emergency,Staging,-0.5007447437569161,0.03257671623132558,23.109750007804713,80.47169433450401,1,0,1,0,BusinessHours,0,1,0.04768054099180349
CHG001013,Medium,Normal,Dev,-1.6550953431851838,0.01,13.640498540991432,77.85868828884624,0,0,1,0,BusinessHours,0,0,0.023876512712177424
CHG001014,Medium,Standard,QA,-1.0450437095863023,0.06741415995813667,5.407706405644135,51.467490636070636,0,0,2,0,OffHours,1,1,0.06811921111274069
CHG001015,Medium,Normal,Production,-1.021045160678322,0.06248433405465492,13.779866621169685,53.018613810440414,0,0,1,0,OffHours,1,0,0.14255915918668152
CHG001016,Medium,Standard,Dev,0.05217331865753347,0.056000567421233466,32.173451405236946,68.17960467848002,0,0,2,0,Weekend,1,0,0.04397483059472177
CHG001017,High,Normal,Production,-0.2738505055462372,0.08811884068251744,3.459116285301949,65.7406055030605,0,1,3,1,OffHours,1,0,0.2529007903654962
CHG001018,Low,Normal,Staging,-0.33683196764059287,0.04862725368282276,29.792081676894128,72.08980669980677,0,0,1,0,OffHours,1,0,0.03462108148635102
CHG001019,Low,Standard,Dev,0.6197019654824789,0.14369632670264013,17.807313324297052,54.90581185632601,0,1,1,0,OffHours,1,0,0.06893420917757857
CHG001020,Medium,Normal,Dev,0.3398753611927038,0.1262007114221125,22.824661680667717,66.373375728671,0,1,2,0,BusinessHours,0,0,0.08668938214632563
CHG001021,Low,Standard,Dev,0.31604787064428624,0.18196267657886905,10.665682915527814,50.84766068605624,0,0,2,0,OffHours,1,0,0.20021087353632733
CHG001022,Low,Standard,Staging,0.40982845732869266,0.10164325708866809,7.495203742470235,55.40729862941121,0,1,3,0,Weekend,1,0,0.08390918012374679
CHG001023,Medium,Emergency,Dev,0.6161346680022383,0.07919126417301628,30.06935761890702,42.34786589966927,0,0,3,0,Weekend,1,1,0.18607273746497552
CHG001024,Medium,Standard,Production,-2.107953341777443,0.045525839761862454,10.569704112793596,83.87219332212865,1,0,1,0,BusinessHours,0,0,0.020109522539788066
CHG001025,Medium,Standard,Production,-0.3644382522644612,0.04569899850861426,21.332307034811944,83.97971580472282,1,1,2,0,BusinessHours,0,0,0.027791757002328943
CHG001026,Medium,Normal,Dev,-2.180210064489474,0.01,18.19478384253997,70.37252387652417,0,0,1,0,OffHours,1,0,0.02462421498821148
CHG001027,High,Standard,Production,0.03605992679779541,0.11714105576133398,15.00869211021897,55.373915145380984,0,1,3,1,OffHours,1,0,0.19906401662244358
CHG001028,Medium,Standard,Production,-0.00463297222434532,0.04948645092477416,24.31864074576764,79.02344901087073,0,0,4,0,BusinessHours,0,0,0.04586864891997166
CHG001029,Medium,Standard,Dev,1.0455322747896802,0.1585419385460469,1.0,27.56799902560047,0,0,3,0,Weekend,1,1,0.4457349994744177
CHG001030,Low,Normal,Production,1.1876343927211208,0.10693930794142162,19.2344577244679,62.30781960461207,0,0,3,0,BusinessHours,0,0,0.24829023621909377
CHG001031,Low,Standard,QA,0.20277504825236733,0.03529474413788872,27.754671512987926,70.79594188761114,0,1,1,0,BusinessHours,0,0,0.00640594528947964
CHG001032,Medium,Normal,Staging,-0.5003610773968998,0.017023913095848848,38.2523873456047,64.48140351164884,0,0,3,0,OffHours,1,0,0.05382228817507779
CHG001033,Medium,Standard,Dev,0.48516111254573785,0.08818914283122435,23.397977840660428,85.17546518192401,1,1,2,0,OffHours,1,1,0.020679698806383002
CHG001034,Low,Emergency,Production,-0.5279176373243135,0.09531411269284329,28.850769250703266,53.01436392989098,0,0,1,1,Weekend,1,0,0.1594959460721678
CHG001035,Low,Standard,Production,-0.001392651443348899,0.07324756085604694,16.768961399410685,66.85221187873285,0,0,2,0,BusinessHours,0,0,0.11526457436214813
CHG001036,Medium,Standard,Production,0.9861363169607678,0.1254903430375978,20.521134919294582,41.53637042914723,0,1,2,0,BusinessHours,0,0,0.17189532504698715
CHG001037,Medium,Emergency,Production,-0.5577713459894236,0.0237956518713445,19.042431648555098,81.89689867900614,1,1,2,1,Weekend,1,0,0.0513850736383547
CHG001038,Critical,Normal,Dev,0.8056786392425009,0.1615678247583496,12.451004874980075,76.27250075979657,0,1,3,0,BusinessHours,0,0,0.3400835832165596
CHG001039,Low,Standard,Staging,0.6774013686923024,0.07314425807806814,26.422847080657327,46.8566072582885,0,1,1,0,BusinessHours,0,0,0.05908526974726104
CHG001040,Low,Standard,QA,-0.9547918171308215,0.01,33.879040948449266,85.59573353121199,1,0,1,0,OffHours,1,0,0.0037012953810368274
CHG001041,Medium,Normal,Dev,0.973894128217401,0.14180616948974545,17.180928986250095,72.7103332844543,0,1,5,0,Weekend,1,0,0.11680808649204305
CHG001042,Low,Standard,Dev,0.6985663453715051,0.17476999436223678,11.345580735629479,44.37951936383173,0,0,2,0,Weekend,1,0,0.1989411489645149
CHG001043,Low,Standard,Production,0.10192588737265744,0.15387184864200765,11.440841020763159,59.68296667441871,0,1,2,0,Weekend,1,0,0.1801186130807331
CHG001044,Medium,Normal,Staging,-0.7623234580276522,0.01,19.527798035931493,56.37039962463976,0,0,2,0,BusinessHours,0,0,0.039258970077031566
CHG001045,Medium,Normal,Dev,-0.85920601857557,0.05708242667955139,20.940735075532693,61.99579572904484,0,0,1,0,Weekend,1,0,0.05761231537761054
CHG001046,Low,Normal,Production,-0.5376625769030224,0.03759090893539141,29.779723080740542,79.0996416998138,0,0,1,0,BusinessHours,0,0,0.04589841938646464
CHG001047,Medium,Normal,Production,0.54259446329196,0.1166882830955246,12.779541806016248,49.850262127973195,0,0,4,0,BusinessHours,0,1,0.3049047429508507
CHG001048,Medium,Emergency,QA,-0.9556251674013979,0.01818764909972958,23.185419376777613,64.13294278605342,0,0,2,0,BusinessHours,0,0,0.05374413374374499
CHG001049,Low,Standard,Staging,0.4375122486198699,0.12796494392745392,20.9409523127237,42.204917530940335,0,0,1,0,BusinessHours,0,0,0.08986643809811992
CHG001050,High,Normal,Production,-1.2417555288783926,0.0730766850454751,1.274530783479186,77.65531199710891,0,0,2,1,BusinessHours,0,1,0.17397044586862023
CHG001051,Medium,Standard,Staging,-0.20406858443884895,0.10180547551963762,16.802434522116386,47.75062018143304,0,0,3,0,Weekend,1,0,0.13136669277014604
CHG001052,Critical,Normal,Staging,0.10964775457400863,0.1244358248153066,18.595704679675613,74.23175782395165,0,1,4,0,Weekend,1,1,0.4582084175514044
CHG001053,Critical,Normal,Staging,2.4451301450589167,0.1635362346132362,22.933079899341834,51.17217504695428,0,1,6,0,BusinessHours,0,0,0.2856492699867631
CHG001054,Medium,Standard,Dev,-1.3773156555203674,0.01978637130618038,23.3433198248929,84.952289924339,1,0,3,0,BusinessHours,0,0,0.012505410005700515
CHG001055,Low,Normal,Staging,1.4720145664901334,0.08722593166065103,27.87822494829901,66.16193492863601,0,0,1,0,BusinessHours,0,0,0.17116464143988178
CHG001056,High,Normal,QA,0.14984241398728004,0.09679489024854321,8.514542790991936,48.22223735564343,0,1,4,0,OffHours,1,1,0.1937777060657613
CHG001057,Medium,Normal,QA,0.41117191801596314,0.12915946627714658,14.187021712277232,47.4380438804219,0,0,1,0,Weekend,1,1,0.3375811763709062
CHG001058,Low,Standard,QA,0.11834791338820451,0.11781401381742335,23.136055393144506,56.92679162470121,0,0,3,0,OffHours,1,0,0.05935824053883213
CHG001059,Medium,Standard,Staging,0.444726818195233,0.054533735456110635,22.92645427105896,64.47469549726519,0,1,3,0,BusinessHours,0,0,0.031724964328610494
CHG001060,Medium,Normal,QA,-0.15368510436201774,0.09929915104804928,12.29802397531343,47.012338885473085,0,1,1,0,Weekend,1,0,0.08060424067024768
CHG001061,High,Normal,QA,1.4540501814574582,0.13473308095259934,13.166279771369737,53.68030561106269,0,1,3,0,BusinessHours,0,0,0.4038952282417784
CHG001062,High,Standard,Dev,-0.4564711442247224,0.07870558495855073,26.132064687447002,61.47504578918643,0,0,2,0,OffHours,1,0,0.052677034961447156
CHG001063,High,Standard,Production,1.1322345721792477,0.11168509315475582,21.286588795517183,58.065192997956714,0,1,4,1,BusinessHours,0,0,0.1964958310228554
CHG001064,High,Normal,QA,-0.6443671202130229,0.01,32.93233168562922,93.73111607755003,1,1,4,0,OffHours,1,0,0.010526201275815356
CHG001065,Medium,Standard,QA,-0.06025184640128695,0.10961046027457287,19.505534938128463,74.81983328894701,0,1,1,0,BusinessHours,0,0,0.02886929260389504
CHG001066,Medium,Standard,Dev,-1.0719625522902192,0.039199859144656304,25.274729570966922,70.62797892647181,0,0,1,0,BusinessHours,0,0,0.01405918421555384
CHG001067,Critical,Standard,Production,0.4550237203475199,0.05582585413543403,30.987592967750928,78.88592367837674,0,1,4,1,OffHours,1,0,0.13485618992909015
CHG001068,Critical,Normal,QA,1.4451259569265338,0.17020766424191977,11.30536113138601,53.354361947744366,0,1,4,0,BusinessHours,0,1,0.4648250082659755
CHG001069,High,Emergency,QA,-0.07735617982085408,0.16053210572133852,10.50604746329154,40.40538792767427,0,0,2,0,OffHours,1,0,0.31361719625197587
CHG001070,High,Normal,Production,-0.19688569870390954,0.1442177964708377,11.16504619931213,52.81923776763225,0,0,2,1,OffHours,1,0,0.2799197522490922
CHG001071,Medium,Standard,Production,-1.1146169630679268,0.09383895675371623,5.339706160427188,76.59796490266679,0,1,1,0,BusinessHours,0,0,0.05707805845511435
CHG001072,Medium,Normal,Staging,-0.2292926535523081,0.010023534872717989,21.391718644983968,81.7466742222964,1,1,1,0,BusinessHours,0,0,0.020602204988458134
CHG001073,High,Standard,Staging,-1.5927942597215277,0.034229732300827403,28.33749087998106,61.74192170184847,0,0,1,0,OffHours,1,0,0.029145890087633762
CHG001074,Low,Emergency,Production,-0.9128779867188273,0.028396295383137947,28.824516549701897,50.79238479621911,0,0,1,1,BusinessHours,0,0,0.09333465535019196
CHG001075,Low,Standard,Production,0.22678604610913541,0.19332329599003378,1.0,53.3812459474991,0,0,1,0,BusinessHours,0,1,0.3816855711443421
CHG001076,Medium,Emergency,Production,1.3190131977413961,0.056642852439998906,39.35446234160929,44.7437378154167,0,1,4,1,BusinessHours,0,0,0.22757478908618745
CHG001077,Medium,Normal,Production,2.809210861229503,0.2289731854983808,17.140491324224975,45.9256631336793,0,1,5,0,BusinessHours,0,1,0.7491237730733324
CHG001078,Medium,Normal,Production,-0.5865850850709007,0.01,30.35607638776669,100.0,1,0,2,0,BusinessHours,0,0,0.010510638518343007
CHG001079,Low,Standard,Production,1.43530015664544,0.17362364451436804,6.047292432579949,47.85238359150612,0,1,3,0,OffHours,1,1,0.3564480463806601
CHG001080,Low,Normal,Dev,0.2437524804016479,0.12656606669492113,10.61555943960333,46.28731185435138,0,0,1,0,OffHours,1,0,0.23005801167890522
CHG001081,Low,Normal,Production,-0.15124764674637586,0.11365760713867681,11.881938741999543,52.90810426193254,0,0,1,0,BusinessHours,0,1,0.2739448620182203
CHG001082,Medium,Standard,Production,0.4325944517261522,0.13388838947235657,31.159250889454757,76.48947547851978,0,1,3,0,BusinessHours,0,0,0.06707092263435481
CHG001083,Low,Normal,Staging,0.06191648367995918,0.09496993462729454,6.584061368663177,57.982795482910525,0,0,1,0,Weekend,1,0,0.17921928688951663
CHG001084,Medium,Normal,QA,0.11039572561221853,0.09494282912632496,4.119758211992973,62.41187097304845,0,0,4,0,OffHours,1,0,0.23686322264092421
CHG001085,Low,Emergency,QA,-0.4083331628266692,0.11734477536073763,12.884771071434516,39.066109736165686,0,0,1,0,BusinessHours,0,0,0.21412726619016692
CHG001086,Medium,Normal,Production,-1.3981096597988507,0.02659378445836149,28.9385781025563,72.94232104379827,0,0,1,0,OffHours,1,0,0.039471113936913424
CHG001087,Medium,Standard,Staging,-1.5436252025220816,0.01,31.91167671850354,93.20193077708493,1,0,2,0,Weekend,1,0,0.0068496709424636475
CHG001088,Medium,Normal,QA,0.653244883281227,0.030339394250463465,29.20089826939747,63.91353136672298,0,0,2,0,Weekend,1,0,0.04271065317367817
CHG001089,High,Standard,Staging,-0.2767000900857134,0.0710556168550051,18.132052133827663,31.37921706690496,0,0,3,0,BusinessHours,0,0,0.21890672557914506
CHG001090,Low,Standard,Dev,-0.5960888996561666,0.02899147146236956,18.09175886184932,67.62445590329378,0,0,1,0,OffHours,1,0,0.028190357738692485
CHG001091,Medium,Normal,Staging,0.008505626723153567,0.12518387359495825,12.801135905817862,59.676961072725604,0,0,1,0,OffHours,1,1,0.32529859209598244
CHG001092,Medium,Normal,Staging,0.7949322529156275,0.12044873839702103,17.134091149752937,68.99739603170343,0,0,3,0,OffHours,1,1,0.2567674996143395
CHG001093,Low,Normal,Staging,0.1803639430263982,0.1112965692975976,25.352327508594954,79.67447856781628,0,0,2,0,Weekend,1,0,0.15794317459192947
CHG001094,High,Normal,Dev,-0.6560549366409674,0.04712169236164705,25.952568137463654,74.51598849574718,0,0,4,0,BusinessHours,0,0,0.06890016358139098
CHG001095,Critical,Standard,Dev,1.2262929556489497,0.1150273097999523,26.566202884333116,70.2122150289564,0,1,6,0,BusinessHours,0,0,0.0531605664762252
CHG001096,Medium,Normal,QA,1.579185502981632,0.10523653899693196,28.618200563456956,60.75149901666976,0,1,2,0,OffHours,1,0,0.18191451705834627
CHG001097,Critical,Standard,Staging,0.4945566553228533,0.11030253960195399,12.754909537802037,59.3927026248193,0,1,6,0,Weekend,1,0,0.2691308620897401
CHG001098,Medium,Emergency,Production,0.9736635113440901,0.09211838468242477,22.215561550307292,51.95765316821879,0,0,2,1,Weekend,1,0,0.3663668444339268
CHG001099,Medium,Emergency,Production,1.241959996813811,0.12990115379778877,29.27177967475751,49.393021773713215,0,1,4,1,BusinessHours,0,1,0.5245039303720865
CHG001100,Low,Normal,Production,1.1300993164045137,0.14000091982028215,25.396823445843516,44.92795326447586,0,0,2,0,Weekend,1,1,0.35227921024951614
CHG001101,Low,Normal,QA,0.6140991771126236,0.11158505286854792,13.450390785246654,78.88865221447674,0,0,5,0,BusinessHours,0,0,0.08932079914408332
CHG001102,Low,Normal,Dev,0.5983470470748828,0.13357630150289115,19.019917304848367,27.59894267220503,0,1,1,0,Weekend,1,0,0.08651554304303678
CHG001103,Medium,Normal,Production,0.5196605733465026,0.02494954197075749,44.19565747777966,79.88955195072096,0,1,2,0,OffHours,1,0,0.06862220478552382
CHG001104,Medium,Normal,Staging,-1.0973376745470436,0.018076476835392225,28.643767728875844,79.76515697087618,0,0,1,0,BusinessHours,0,0,0.0590746692639069
CHG001105,Low,Standard,Dev,0.7007231568595857,0.12537139751467424,19.85993774127357,65.07187897712267,0,0,2,0,BusinessHours,0,0,0.05797453354856609
CHG001106,Medium,Normal,Staging,-1.355813971126554,0.011008547730589822,17.462239033212136,59.81697481173772,0,0,1,0,BusinessHours,0,0,0.06709166104329888
CHG001107,Low,Standard,Staging,-0.7945994551250549,0.01,30.9801566553013,68.34089846434709,0,1,3,0,BusinessHours,0,0,0.0017355276080276488
CHG001108,Medium,Normal,QA,1.3035650678080875,0.06481030058469847,34.31394312682916,70.97585375215968,0,1,3,0,BusinessHours,0,0,0.06905015647794155
CHG001109,Low,Normal,Dev,0.8402201626941975,0.10353615246574838,20.445729251972676,69.322815716766,0,1,1,0,Weekend,1,0,0.19977679661952927
CHG001110,Medium,Normal,Staging,1.4873982896858626,0.11782713802805142,24.05961039331322,53.828258247944106,0,1,3,0,BusinessHours,0,0,0.33255524123057373
CHG001111,Medium,Normal,Dev,-0.27167438368729224,0.07789648429854634,21.791244994009592,75.33692038516996,0,0,2,0,Weekend,1,0,0.052610106499979666
CHG001112,High,Normal,QA,-1.1522488412767675,0.04412580200930988,22.92870889206376,69.74135948826353,0,0,1,0,BusinessHours,0,0,0.03801029481819337
CHG001113,Low,Emergency,Production,-0.24043719707034283,0.11727117397391082,9.40113080563453,55.99380033900254,0,1,2,1,OffHours,1,0,0.20309626344776072
CHG001114,Medium,Standard,Production,0.1020312972405742,0.09517417133150777,25.109079899007817,81.96338418312452,1,0,2,0,OffHours,1,0,0.047671588409860306
CHG001115,Critical,Standard,QA,0.07898871634000969,0.056850876390866154,28.458395095478927,70.77013760780997,0,1,4,0,BusinessHours,0,0,0.04721915531483265
CHG001116,Low,Standard,Dev,1.1336804787567016,0.14812039338323657,12.116872265402737,60.96377662915327,0,1,3,0,BusinessHours,0,0,0.15626500414414762
CHG001117,Medium,Normal,Staging,-0.36127042500344553,0.08258351443342611,7.155495138982195,40.378269007556675,0,0,1,0,OffHours,1,0,0.14445761840673815
CHG001118,Low,Normal,QA,0.35203447180292424,0.1243319819614269,18.72881170242113,51.44557810557357,0,0,1,0,BusinessHours,0,0,0.14594683687675486
CHG001119,Low,Normal,Production,-0.9886271494346061,0.0819849496253387,23.12125258539642,76.40244177415681,0,0,1,0,BusinessHours,0,0,0.08394581013187012
CHG001120,Medium,Standard,Production,0.450317278043813,0.017435897281167942,37.873485284981854,98.22045102475849,1,0,3,0,OffHours,1,0,0.01948535364947692
CHG001121,Low,Standard,QA,0.003108550185636745,0.07595305219476245,29.65596746174693,72.15838311979115,0,0,1,0,BusinessHours,0,0,0.018970870729012664
CHG001122,Medium,Normal,Production,-0.7498133382845175,0.01,32.119713301092276,65.20175259528597,0,0,1,0,BusinessHours,0,0,0.03881493806408618
CHG001123,Critical,Normal,QA,-0.2358293621748528,0.08629629819711437,26.736747721012378,87.59702123955412,1,1,1,0,BusinessHours,0,0,0.08649401467171809
CHG001124,Low,Standard,Staging,-0.18417574651522164,0.07914622698747788,17.173072224486816,62.955511969141625,0,0,1,0,OffHours,1,0,0.07434241696597041
CHG001125,Low,Standard,Production,-0.2701551293370962,0.1086611623427386,10.991466733457823,64.97664962462065,0,0,1,0,Weekend,1,0,0.11714483065539019
CHG001126,High,Standard,QA,1.7713412422676835,0.12802686546326672,33.81008471947554,52.28835418636419,0,1,3,0,BusinessHours,0,0,0.11670238978041625
CHG001127,Medium,Normal,QA,-0.09844600230787963,0.04425591801859263,27.274881120467093,70.93226106685921,0,1,2,0,BusinessHours,0,0,0.050806958533578854
CHG001128,High,Normal,Production,-0.24389611017733773,0.04058579668366593,20.276092511582373,69.20774479687744,0,1,6,1,BusinessHours,0,0,0.05058609205147763
CHG001129,Medium,Normal,Staging,-2.0974509576101417,0.01,14.735269562818594,100.0,1,0,1,0,Weekend,1,0,0.009300495590555664
CHG001130,Medium,Normal,QA,-0.8942073519794773,0.0671913099535656,22.62097733264901,85.45598606768223,1,0,1,0,Weekend,1,0,0.02714414817340307
CHG001131,Critical,Normal,Dev,-0.26307342445635284,0.09618350509816934,19.359500950327504,89.51238121218992,1,1,3,0,BusinessHours,0,0,0.04736245193554137
CHG001132,Low,Standard,QA,-0.6858526761766428,0.028347303941884058,34.33695398584753,67.26856250899485,0,1,1,0,BusinessHours,0,0,0.017657837668343397
CHG001133,High,Standard,Staging,1.381707593377797,0.1630004050772671,17.527895091422835,21.75454921642942,0,0,6,0,OffHours,1,1,0.6095207709687417
CHG001134,Medium,Standard,QA,-0.16493777539621862,0.028562822425585603,22.937223239487714,67.95644326776262,0,1,1,0,OffHours,1,0,0.03239544284470053
CHG001135,High,Emergency,QA,1.2884442493182524,0.16611767320111145,14.673522150533714,74.74664113912789,0,0,2,0,OffHours,1,1,0.5284415080068079
CHG001136,Low,Normal,QA,0.061704634050368024,0.14563476321331606,9.724990109640167,53.233424706006886,0,1,2,0,BusinessHours,0,0,0.10454299783874259
CHG001137,Medium,Normal,Staging,0.037227836421576635,0.16177471824614795,1.2285677194269038,62.73139393415781,0,1,2,0,BusinessHours,0,0,0.2150461568523295
CHG001138,Low,Normal,Production,-0.08879644771250095,0.0817394314903821,26.588651744365052,52.456926629272616,0,0,2,0,BusinessHours,0,0,0.1808084257507653
CHG001139,Critical,Standard,Staging,0.0037962516214591325,0.05302377177260563,26.405031774788227,65.15553722047956,0,1,5,0,OffHours,1,0,0.04279888844097858
CHG001140,Low,Standard,Staging,1.7187950030498593,0.12460056774094558,37.109628360305415,62.01492542366095,0,1,3,0,BusinessHours,0,0,0.03972649018069032
CHG001141,Low,Normal,Production,-2.3196107267512183,0.01,29.78219938709671,100.0,1,1,1,0,BusinessHours,0,0,0.0032457625142302943
CHG001142,High,Emergency,Dev,-2.001545744438679,0.01,39.7921474604855,97.94919967087623,1,1,2,0,Weekend,1,0,0.00447259416549132
CHG001143,Medium,Standard,QA,-0.5431708310561139,0.03743668850797556,21.838747691589113,44.40653202865635,0,1,4,0,Weekend,1,0,0.027964318368485817
CHG001144,Medium,Normal,Dev,0.014527881937568883,0.049400776215671814,26.815372474576023,79.55767126088665,0,0,4,0,OffHours,1,0,0.0824713841782435
CHG001145,Medium,Emergency,QA,0.6901044247640123,0.15202657458780233,25.635036048056662,32.53573015867963,0,1,2,0,OffHours,1,1,0.3162244642111765
CHG001146,Medium,Normal,Production,0.4730871980274752,0.13593240886811164,14.656930993869993,49.434372116447555,0,1,3,0,OffHours,1,0,0.30670955645028336
CHG001147,Low,Normal,QA,-0.3842459128805702,0.08765557301939533,19.321348652317514,69.45608834801845,0,0,3,0,BusinessHours,0,0,0.07194568928670614
CHG001148,Medium,Standard,Production,1.0190436932417624,0.12871295381017372,2.722092417705266,59.205176350487704,0,1,4,0,BusinessHours,0,0,0.41170428432020545
CHG001149,Medium,Standard,Dev,1.030195403152731,0.06947919561895657,21.088222664230496,81.95926989272765,1,1,3,0,OffHours,1,0,0.022011975437485048
CHG001150,Medium,Standard,Staging,0.18405783127156553,0.1086594057223252,13.518726932779927,63.01490988814967,0,1,2,0,BusinessHours,0,0,0.06468516424649909
CHG001151,Medium,Standard,QA,0.9626575724868413,0.1382311978984931,12.807070613747298,55.836077381786886,0,1,3,0,BusinessHours,0,0,0.17352074031321912
CHG001152,Low,Normal,QA,0.2726452634321288,0.12696041261143162,9.843250799217493,70.71358090331186,0,0,1,0,OffHours,1,1,0.27618579286102635
CHG001153,High,Normal,QA,-0.5614830267828836,0.06852326044963457,15.06357409763078,49.15481955309251,0,1,3,0,BusinessHours,0,0,0.054172326993639025
CHG001154,Low,Normal,Staging,0.6978168390000047,0.04433428906134797,37.23679024387949,93.69017340796317,1,1,3,0,OffHours,1,0,0.023904819543795326
CHG001155,Medium,Standard,Staging,0.11061312257867771,0.0214605403822416,40.43567821829698,69.93976695043675,0,1,2,0,BusinessHours,0,0,0.014490037214048658
CHG001156,Medium,Standard,Production,0.001339846754486929,0.1268907324009051,5.183970446008362,56.49057686486373,0,0,2,0,Weekend,1,0,0.41792118168734
CHG001157,Medium,Normal,Production,1.4729535721895743,0.13548752941384712,15.593338440694048,44.780199044710045,0,1,2,0,Weekend,1,0,0.5515299247495803
CHG001158,High,Standard,Staging,-2.4508721285400865,0.04992260120160763,6.471696526145972,63.4943610505126,0,0,1,0,OffHours,1,0,0.044907190508829534
CHG001159,Medium,Standard,Production,-1.4176841701595697,0.01,29.178513602376718,88.79892327420517,1,0,1,0,BusinessHours,0,0,0.0080449220172205
CHG001160,High,Standard,Dev,-1.18707042637437,0.01,29.18234535434049,79.34114656911039,0,1,1,0,BusinessHours,0,0,0.021515141021128295
CHG001161,Medium,Standard,QA,-0.3632606475688056,0.12023197112036257,21.800531042210597,62.185383418099036,0,1,5,0,Weekend,1,0,0.06024819578221234
CHG001162,High,Standard,QA,-0.2546081697660301,0.05071296110147945,17.584839036069788,65.71289015326181,0,1,1,0,BusinessHours,0,0,0.044378217280658445
CHG001163,High,Standard,Staging,-1.5073256477730475,0.0520276997141901,26.13660986387383,92.0280395286007,1,0,1,0,OffHours,1,0,0.022635693016022227
CHG001164,Low,Normal,Staging,-0.9851580323108263,0.01,31.10311175054633,100.0,1,0,1,0,BusinessHours,0,0,0.006076166427396486
CHG001165,Critical,Standard,Staging,-0.8608416785235702,0.040543110120432754,19.29597762777984,90.75028089323207,1,1,4,0,Weekend,1,0,0.027489331700044327
CHG001166,High,Normal,Production,2.457424092075892,0.15723931385563844,18.549355814241572,53.35827390014495,0,1,5,1,BusinessHours,0,0,0.43618990307243033
CHG001167,Medium,Normal,QA,1.8017419477471466,0.2520838189971463,1.0,12.27044053493183,0,1,3,0,OffHours,1,0,0.6584430656742555
CHG001168,Low,Normal,Production,-0.4117494176846493,0.06125959889138548,21.1344396516479,75.35234295388177,0,1,1,0,BusinessHours,0,0,0.043110953771857245
CHG001169,Low,Normal,Staging,-0.3635832903067989,0.01,35.37836704863401,90.54782726732198,1,0,1,0,Weekend,1,0,0.012882640466562702
CHG001170,Medium,Standard,Staging,-1.1492039971882941,0.01,27.448993195637176,92.73253062062453,1,1,1,0,OffHours,1,0,0.0051015123900541946
CHG001171,Medium,Standard,QA,-1.9081304132252668,0.05143763641925797,1.0,53.64364489397215,0,1,1,0,OffHours,1,0,0.05406368986386112
CHG001172,Medium,Normal,QA,-0.11688018640852403,0.04614411045619011,12.062006054760886,73.94182825214989,0,0,2,0,BusinessHours,0,0,0.09099939833042142
CHG001173,Medium,Emergency,QA,-0.9978519832440257,0.0641014900549303,5.938500249518431,73.31121391743704,0,1,2,0,OffHours,1,0,0.0891696971004542
CHG001174,Medium,Standard,Production,-0.08485053166200977,0.08264831144314239,38.76578084216867,65.86504758644209,0,0,2,0,BusinessHours,0,0,0.052797890913822886
CHG001175,Low,Normal,Staging,-1.6002058490434774,0.01,30.970908835573308,87.72748234042459,1,0,1,0,BusinessHours,0,0,0.00709098515156205
CHG001176,Low,Emergency,Dev,-0.7619744583102578,0.07737588491995141,23.18343687124547,45.97990707094957,0,0,1,0,BusinessHours,0,0,0.10474675986718485
CHG001177,Low,Normal,Production,0.14862709530283086,0.08006242494055808,23.708698189298154,62.79885274330846,0,1,2,0,BusinessHours,0,0,0.0629490554150026
CHG001178,High,Normal,Staging,0.3662095977839374,0.20959774768703682,1.0,32.43447008591314,0,1,4,0,OffHours,1,1,0.5912119109214384
CHG001179,Medium,Normal,Production,0.41747195874201454,0.10702695116886513,7.98124213760341,49.856947466046684,0,1,3,0,BusinessHours,0,0,0.26429897743369507
CHG001180,Critical,Normal,Staging,-1.3204889841570373,0.02811319758453353,24.072248942535992,71.70351405469572,0,0,3,0,Weekend,1,0,0.06116091784910778
CHG001181,High,Normal,Staging,0.8546857301355617,0.1025411218290254,25.533611936338016,69.02954108691114,0,1,2,0,BusinessHours,0,0,0.2066606391976566
CHG001182,High,Normal,Staging,-0.8002116966018503,0.10264506236095021,6.529069764894533,68.49679469946565,0,0,2,0,BusinessHours,0,1,0.2196389185778089
CHG001183,Medium,Normal,Staging,0.6328579146073064,0.10139791472677236,26.60294746688631,71.86318090392749,0,1,3,0,OffHours,1,0,0.15392026780116144
CHG001184,High,Standard,QA,-0.010638676618193147,0.04883995744143422,29.161628800928476,64.32931719550123,0,1,4,0,Weekend,1,0,0.03316085795869506
CHG001185,Critical,Emergency,Dev,-1.3763874990779479,0.06229817489083361,19.777630660246082,60.16934887310008,0,0,3,0,BusinessHours,0,0,0.11340080492432032
CHG001186,High,Emergency,Production,-0.31619770458118795,0.05423055676102277,16.199088595000102,45.95588869459306,0,1,3,1,OffHours,1,0,0.1941678425581551
CHG001187,Low,Normal,Production,0.3653637420637676,0.11124956152046067,22.764908060026862,61.21065513886546,0,1,1,0,OffHours,1,0,0.11169123493018762
CHG001188,Medium,Standard,Staging,0.612965380474599,0.061146197273745,35.28372516565304,72.60982943658983,0,0,4,0,OffHours,1,0,0.07039068733649353
CHG001189,Low,Normal,Staging,-0.14098789744441861,0.0922999074418584,13.238504098501869,53.44650754741684,0,1,1,0,Weekend,1,0,0.08083818077396158
CHG001190,Low,Standard,Production,1.5317788906010528,0.15302509723195265,22.6354729408354,58.253833701826174,0,1,4,0,BusinessHours,0,0,0.152953755206698
CHG001191,Medium,Normal,Dev,1.007510770986559,0.11384924623616292,34.493727997906824,61.055576709627005,0,1,4,0,OffHours,1,0,0.0725797436855363
CHG001192,High,Standard,QA,-0.25665411639975283,0.13560948939696965,20.402559741760708,59.621222656227296,0,1,3,0,Weekend,1,1,0.2467859614046951
CHG001193,Low,Normal,Dev,0.7501218121369445,0.11089710397807616,20.28938363369447,72.1469453749035,0,0,1,0,BusinessHours,0,0,0.0994065762731551
CHG001194,Low,Emergency,Dev,1.9337934851881868,0.18741286785022543,6.853665803204999,31.207456729074053,0,0,2,0,OffHours,1,1,0.5881888161115573
CHG001195,High,Standard,Dev,1.960484600783027,0.1366629725010053,21.273654278332042,58.546119782844016,0,1,4,0,BusinessHours,0,0,0.22229247082504175
CHG001196,Low,Normal,Production,-1.2279998808224974,0.01,30.497049499171457,98.0773825420739,1,0,1,0,BusinessHours,0,0,0.008924435153209384
CHG001197,Low,Normal,QA,-0.9265331111571506,0.06284193168015657,23.2573618926091,92.87063730621094,1,0,1,0,BusinessHours,0,0,0.009063872674254484
CHG001198,High,Standard,Production,1.484918786733851,0.15519005192054458,15.086137908937815,45.622251191374964,0,1,4,1,BusinessHours,0,1,0.5477598221842598
CHG001199,High,Standard,Production,-1.0582810508376372,0.03861723866593852,18.67646200387324,62.75119668828644,0,1,1,1,OffHours,1,0,0.03394930033908005
CHG001200,Medium,Standard,Dev,-1.322541133291679,0.01,31.255054873352524,77.49424046891943,0,0,1,0,Weekend,1,0,0.009316362834796648
CHG001201,Medium,Normal,Production,-0.4861941306990469,0.06006633146399558,18.436509336184677,44.02980275488228,0,1,2,0,BusinessHours,0,0,0.16801133773846316
CHG001202,Medium,Normal,Staging,0.42022670947458574,0.07819518713576486,28.106452944184284,70.88657836035945,0,1,2,0,BusinessHours,0,0,0.08324839166288692
CHG001203,Low,Standard,Production,-0.10239670661109637,0.0945569066401501,12.10116997481971,73.44407796353045,0,1,1,0,BusinessHours,0,0,0.0767151958173486
CHG001204,High,Standard,Staging,-0.6505636204055921,0.04553674964663016,16.93934795114921,71.17225766063862,0,0,1,0,OffHours,1,0,0.10919544014300905
CHG001205,High,Normal,QA,-0.674212461724509,0.09523542120047411,1.0,42.46546575224214,0,0,4,0,BusinessHours,0,0,0.17547609978331183
CHG001206,Medium,Standard,QA,-0.7123370644127087,0.01,40.47772412858866,76.19062470570816,0,1,1,0,OffHours,1,0,0.008214718471182063
CHG001207,Medium,Normal,Production,-0.8795096286589426,0.09136593366649445,18.159082390340128,83.17872356499456,1,1,1,0,BusinessHours,0,0,0.04086724922084384
CHG001208,Medium,Standard,QA,2.2816328772760617,0.15785375616811775,18.203558761632358,61.24540857602804,0,0,4,0,OffHours,1,0,0.2568645289334345
CHG001209,Low,Normal,Production,0.2975110711855549,0.10085877613360862,14.706313323322606,67.6668535328692,0,1,2,0,OffHours,1,1,0.17247323280705165
CHG001210,Medium,Normal,Dev,0.8867590544047386,0.14791782704086967,13.578667424083068,93.22410690374917,1,1,3,0,OffHours,1,1,0.11872608501038094
CHG001211,Low,Normal,Staging,-0.4890774681189237,0.019138463719698712,25.925291282736186,81.34137849609552,1,0,1,0,OffHours,1,0,0.01235221780752156
CHG001212,High,Standard,Staging,-0.18595667718604886,0.03599420990069913,33.132463413005375,47.54099661941614,0,0,4,0,Weekend,1,0,0.049899009394679686
CHG001213,Medium,Normal,Dev,-0.713553981370355,0.04420364828229337,26.736261404080544,58.95589372335731,0,0,2,0,BusinessHours,0,0,0.03743195144226292
CHG001214,Medium,Normal,Dev,-2.651708334919202,0.01,27.436462446859043,95.20838842195437,1,0,1,0,OffHours,1,0,0.002986097701138677
CHG001215,Medium,Normal,QA,-1.3780092768478662,0.015692222035897433,14.483315550349861,74.22907389681062,0,0,1,0,BusinessHours,0,1,0.051924495522109405
CHG001216,High,Standard,Production,-1.8106186799803947,0.01787417398336407,16.76681883191576,77.36252365274427,0,0,1,1,Weekend,1,0,0.0522821815413502
CHG001217,Critical,Standard,Production,-2.2497837779516074,0.05981380011852141,14.92663861379895,76.51371898028324,0,0,1,1,BusinessHours,0,0,0.06245353954973329
CHG001218,Medium,Normal,QA,-1.1953589742981028,0.01,24.946837807403973,71.47810197431045,0,0,1,0,OffHours,1,0,0.02141170140268351
CHG001219,Low,Normal,Staging,1.3249556793816308,0.15451498894914886,14.42358608007579,54.03223390519923,0,0,2,0,Weekend,1,0,0.36967200056151905
CHG001220,High,Emergency,Dev,-0.04443616770435442,0.03198450953181328,34.67165624042096,82.48391287626339,1,1,4,0,BusinessHours,0,0,0.018886014319173354
CHG001221,Low,Normal,Production,1.290563762321174,0.1506618087758202,9.805684337273396,73.25271454632266,0,1,2,0,BusinessHours,0,1,0.27436905624580127
CHG001222,Low,Normal,Production,0.4109825769008753,0.06361596885742171,16.373147091203652,82.30350125857905,1,1,2,0,BusinessHours,0,0,0.059479837850811186
CHG001223,Low,Emergency,Production,0.7825588257151592,0.12256219853334005,25.901359361141026,42.579025490704566,0,1,2,1,BusinessHours,0,1,0.16141263658877888
CHG001224,High,Normal,Production,-0.9008969953045751,0.0628719266382099,28.017639855635053,72.132123170449,0,1,2,1,OffHours,1,0,0.08880663230061193
CHG001225,Low,Standard,QA,0.5239509541926708,0.09700497016632587,21.843401235753777,54.95695323581441,0,1,1,0,BusinessHours,0,0,0.059373414370986866
CHG001226,Medium,Standard,QA,0.7287142340743459,0.11068021739964196,19.741892289612842,66.0637995569574,0,1,3,0,BusinessHours,0,0,0.1238915217833879
CHG001227,Medium,Normal,Production,-0.5766472922336929,0.018972593707289355,29.162090364035304,74.87755017157335,0,0,1,0,BusinessHours,0,0,0.061666950742670514
CHG001228,Medium,Standard,Dev,0.5595403706161663,0.12825188196658807,14.189662884330232,53.17618162419788,0,1,1,0,BusinessHours,0,0,0.10088833144346278
CHG001229,Medium,Emergency,Dev,0.5661877585748329,0.1076616378309585,24.376222811060533,67.04179034395713,0,0,3,0,BusinessHours,0,0,0.23841230470837108
CHG001230,High,Standard,QA,-0.5495526211300829,0.06228196445437085,22.25105957567279,70.64896914077369,0,0,2,0,OffHours,1,0,0.07148720944232352
CHG001231,High,Standard,Production,-1.122768432270995,0.01,33.31068278613759,81.52444732143276,1,1,2,1,BusinessHours,0,0,0.013194949645855332
CHG001232,Medium,Normal,Staging,-1.1841283318982723,0.025999357820100346,12.42454359700461,78.73296718946789,0,1,1,0,Weekend,1,0,0.03734196538591964
CHG001233,Medium,Normal,Production,0.08650554192146179,0.05213240710005037,30.435440055494137,85.08037455863928,1,1,2,0,BusinessHours,0,0,0.011855448033618392
CHG001234,High,Normal,QA,0.3270098687893148,0.08710072490307409,20.12054806145646,69.47162146202062,0,1,1,0,BusinessHours,0,0,0.11301517084462875
CHG001235,High,Standard,QA,-0.7925258304579145,0.01,20.566086836102,88.30206928241199,1,1,2,0,BusinessHours,0,0,0.03202014588023074
CHG001236,Medium,Standard,QA,0.02658534132609864,0.08318176959793598,30.63343527708335,48.16270013610953,0,0,1,0,BusinessHours,0,0,0.10098723168358431
CHG001237,Medium,Normal,Production,0.5705370361384854,0.1905505465145177,1.0,55.11276198860287,0,0,1,0,Weekend,1,0,0.4838737984801542
CHG001238,Low,Emergency,QA,0.6181907146653008,0.15280698724500485,11.54080896411144,41.56883279295257,0,0,3,0,OffHours,1,0,0.4340266149981275
CHG001239,Low,Standard,Production,1.5518801201224885,0.14631229537819657,15.365054936263576,45.25974588683476,0,1,3,0,BusinessHours,0,0,0.26968253654418906
CHG001240,Low,Normal,Staging,1.2769808321980434,0.09599230228032612,30.275831852903053,71.82832982388445,0,0,2,0,Weekend,1,0,0.2256628084774215
CHG001241,Low,Standard,Production,-1.001291432756544,0.05453931187045784,28.401294631546463,88.33696429404448,1,0,1,0,OffHours,1,0,0.02194877707626582
CHG001242,Low,Normal,Production,1.6835862095380225,0.12675773851178931,20.504224554766687,41.03768872737344,0,1,4,0,OffHours,1,1,0.4407351022610659
CHG001243,High,Standard,Staging,-0.5309765045557148,0.01,21.792206357190945,98.07680530920678,1,1,2,0,BusinessHours,0,0,0.007879553554034607
CHG001244,High,Emergency,Production,1.0448728124544275,0.0832265360180042,40.07821429952246,40.31948562956973,0,1,6,1,BusinessHours,0,0,0.2115249688932796
CHG001245,High,Standard,QA,0.06798662605108885,0.07694772269102866,37.57237480931625,80.32692147986623,1,1,4,0,BusinessHours,0,0,0.006060230476311837
CHG001246,Medium,Normal,Production,-0.4121493784569676,0.08032026114529427,14.490652858113082,51.6373353911513,0,1,3,0,BusinessHours,0,0,0.14113933069786774
CHG001247,Medium,Normal,Production,-1.8076968597749328,0.0538899316667637,7.949184799059923,68.29357108931917,0,0,1,0,Weekend,1,0,0.08400033160722946
CHG001248,Low,Standard,Staging,-0.1715645102163482,0.01,33.75179368424957,79.78962260956084,0,0,1,0,BusinessHours,0,0,0.02421303009443135
CHG001249,Medium,Standard,QA,-1.559383235305609,0.01,24.272757475550456,74.37716866647136,0,0,1,0,BusinessHours,0,0,0.016175480460319497
CHG001250,Medium,Normal,Production,0.9672992358427723,0.14159699818559168,22.841738547852053,21.02889688694355,0,1,3,0,OffHours,1,1,0.2866501378937474
CHG001251,Medium,Normal,Production,1.516792657139248,0.12992924630586,16.89454473440223,65.23172921005198,0,0,4,0,OffHours,1,0,0.3112754969374639
CHG001252,Critical,Normal,Staging,-0.7969109892966902,0.032628274076747316,24.21286980052657,87.78350840300466,1,1,3,0,BusinessHours,0,0,0.0162237554618195
CHG001253,High,Normal,Production,0.30197074251927114,0.12316441427008547,20.91848548978075,56.65132611865112,0,1,3,1,BusinessHours,0,0,0.18276015826000233
CHG001254,Low,Standard,Staging,-0.7253915220079754,0.048236141449644845,29.264345022347214,69.46354926046772,0,0,2,0,BusinessHours,0,0,0.025037855550264027
CHG001255,High,Emergency,QA,-0.6284847301367896,0.02188750505475108,29.565117717052164,62.03911720423381,0,1,2,0,BusinessHours,0,0,0.035164478514694585
CHG001256,Low,Standard,Staging,0.7744947038653713,0.14137463498680594,16.460263900422536,30.14444911231745,0,0,1,0,OffHours,1,0,0.23148914817913266
CHG001257,Low,Normal,Dev,-0.03853826184341251,0.06888007777006015,22.37517001444072,43.587265207693484,0,0,1,0,BusinessHours,0,0,0.05393004990975241
CHG001258,Low,Emergency,Staging,1.7396480419310116,0.1750097959966229,15.900306566164051,42.92566863072786,0,1,4,0,Weekend,1,0,0.6093467006344301
CHG001259,Low,Emergency,Staging,-0.482232478702921,0.05399742061450568,12.856967400247814,64.74920478624409,0,0,1,0,BusinessHours,0,0,0.11498107291648332
CHG001260,Medium,Standard,Dev,0.9993363324744892,0.11258029668473482,17.894942096248652,60.225562977331734,0,1,3,0,Weekend,1,0,0.1313173796107704
CHG001261,Medium,Standard,QA,0.09741341295778198,0.0663145244194087,17.708063336120162,72.11157363180709,0,1,2,0,Weekend,1,0,0.05114918698360212
CHG001262,Low,Normal,Production,0.7957780097442332,0.07667445963536004,21.034505300757782,65.77225230555567,0,1,1,0,OffHours,1,1,0.31035517147895864
CHG001263,Critical,Standard,Production,-0.4471576573299467,0.041409440995467235,8.55089076082659,72.631657172245,0,1,2,1,OffHours,1,0,0.17786941127507758
CHG001264,Medium,Normal,Production,-0.04955883755158271,0.0697853661289533,24.01751683650261,56.335495460590906,0,1,2,0,BusinessHours,0,0,0.17776953338194276
CHG001265,Medium,Normal,QA,-0.11549887929893475,0.10722230834993524,8.629382988960371,60.56478083773549,0,0,2,0,BusinessHours,0,0,0.2057089349266271
CHG001266,Medium,Standard,Production,-0.8360571148457872,0.02742651187052813,25.280367262490795,71.13720704206634,0,0,1,0,OffHours,1,0,0.053956407770187655
CHG001267,Medium,Standard,Dev,0.6620815345817527,0.02494351189745911,24.28711049263154,64.22870188249263,0,0,2,0,BusinessHours,0,0,0.06279244863237363
CHG001268,Medium,Normal,Dev,0.6502490055783642,0.13943398591825346,16.848326735061153,72.92603552499884,0,1,2,0,OffHours,1,0,0.10234275523956196
CHG001269,Medium,Normal,Production,0.5935546949055667,0.08109704423766884,20.218662650500526,77.72895628418638,0,0,4,0,BusinessHours,0,1,0.21445008816884895
CHG001270,High,Standard,QA,1.5369656539176446,0.11391219415073545,26.759180991979626,27.16224887392577,0,0,2,0,BusinessHours,0,0,0.2974485275220036
CHG001271,Medium,Standard,Production,1.4493448012363035,0.17359251491840808,9.241200535142472,36.1450645737743,0,1,1,0,BusinessHours,0,1,0.5874756802869635
CHG001272,Medium,Standard,QA,-0.37494468984913537,0.07487830596908876,18.544171333583435,68.06803917026434,0,1,3,0,Weekend,1,0,0.03626539876102461
CHG001273,Low,Normal,QA,0.37305231843417824,0.010293921065831142,37.309422331518526,97.66644139900068,1,1,1,0,OffHours,1,0,0.006437026334893884
CHG001274,High,Normal,Staging,-0.6236006892582127,0.049271396640142504,14.142058571549889,51.72556585005563,0,1,2,0,OffHours,1,1,0.1528689593560006
CHG001275,Medium,Normal,Dev,0.023355316114555456,0.07363484573737739,13.718958616793213,28.104346097970513,0,0,1,0,OffHours,1,0,0.07303185441183074
CHG001276,Medium,Emergency,QA,-0.5997494491188647,0.03729367671381059,33.78300064419196,74.85446580269632,0,0,1,0,OffHours,1,0,0.06807462678644638
CHG001277,Critical,Normal,Dev,1.620070309136051,0.07051174629501909,39.863701830485056,75.11197343454401,0,0,5,0,BusinessHours,0,1,0.17945662752281596
CHG001278,Medium,Normal,QA,0.3636981503429628,0.07291367872361967,22.816659089551628,47.50713578147469,0,0,4,0,Weekend,1,1,0.11762284107613036
CHG001279,Low,Standard,Production,-0.21802912810442213,0.12497414448529626,11.306690401749142,50.1621642882843,0,1,2,0,BusinessHours,0,1,0.19694832642230567
CHG001280,Medium,Normal,Dev,1.193618571856377,0.12123556138330735,30.90968391888123,77.75702015053301,0,1,2,0,OffHours,1,0,0.1639748867727478
CHG001281,Medium,Normal,Staging,-2.1706154097954116,0.01,32.42742687186147,87.43190773674907,1,0,1,0,OffHours,1,0,0.0019676153981621485
CHG001282,Critical,Normal,Staging,-2.0141025948652898,0.01,19.82836672384032,86.68252733857526,1,0,2,0,Weekend,1,0,0.016399898918797055
CHG001283,Medium,Normal,Staging,0.7958386552197739,0.10541737322316673,2.4668854323590637,56.646624772170554,0,0,2,0,BusinessHours,0,1,0.4179222248441885
CHG001284,Low,Standard,Staging,0.06046844811736806,0.06902734442327912,21.821728768330342,49.35748095978035,0,0,1,0,BusinessHours,0,0,0.05496768548004667
CHG001285,Medium,Normal,Staging,0.25044630026076065,0.09944900856287932,9.841562609555957,47.26551667392154,0,1,3,0,BusinessHours,0,0,0.21905361068814738
CHG001286,Medium,Normal,Production,-1.3263961033185487,0.01,29.94012874965155,63.95075823595626,0,1,1,0,BusinessHours,0,0,0.01850289960203311
CHG001287,Low,Emergency,Dev,-0.023233710850366202,0.10261569186922337,2.2193023290570313,46.52031060523707,0,1,1,0,OffHours,1,0,0.1649748892056254
CHG001288,High,Normal,Production,2.003509410401342,0.14615316977769535,13.457754406858076,39.99970968782105,0,1,6,1,OffHours,1,0,0.6470303099009338
CHG001289,Low,Emergency,Dev,0.8241996197958629,0.1127901392414008,14.438534363190985,44.89417148272484,0,1,1,0,BusinessHours,0,0,0.2154750719194398
CHG001290,High,Normal,Staging,0.1697065451428121,0.12691748711279682,18.73952797036673,67.4351137880277,0,0,5,0,BusinessHours,0,0,0.2584829444065084
CHG001291,High,Normal,Staging,-0.43905391010493766,0.01,21.79014868573408,95.5790314044016,1,0,2,0,OffHours,1,0,0.02031788620582093
CHG001292,Low,Standard,Dev,-0.39457285186939384,0.10818038825405019,14.421997229985765,96.86815212262806,1,0,1,0,BusinessHours,0,0,0.016913026545796416
CHG001293,High,Normal,Dev,-2.1291978892000176,0.01230675083290107,20.638445909792196,80.61156400544732,1,0,1,0,BusinessHours,0,0,0.021850375095427383
CHG001294,High,Normal,Dev,0.2576404209211606,0.13169424319714423,4.716410146715532,51.12343899411509,0,0,1,0,OffHours,1,0,0.21465374666102044
CHG001295,Medium,Normal,Dev,0.8454831084818539,0.17075461281886453,4.952892279784996,40.63824298278529,0,1,2,0,BusinessHours,0,0,0.34375968737825235
CHG001296,Medium,Emergency,Staging,-1.5756193271706151,0.0613450805158595,3.392038026457765,47.267594357958515,0,0,1,0,Weekend,1,0,0.13753069444868443
CHG001297,Low,Standard,Dev,-0.661416892306816,0.07203829372562562,25.053083700854963,76.45290607090902,0,1,1,0,OffHours,1,0,0.016159555953002128
CHG001298,Low,Normal,Production,-1.157464632233422,0.02637892826389207,17.756957347514046,75.18286237534438,0,0,1,0,BusinessHours,0,0,0.029324075309855847
CHG001299,High,Standard,Production,-0.9653511948087635,0.022864342737195044,13.994893031682889,75.0169760407872,0,0,2,1,BusinessHours,0,1,0.10475395084690398
CHG001300,Low,Normal,QA,0.05348162682190022,0.0521329050435794,37.265880946643904,64.3696339068419,0,1,2,0,BusinessHours,0,0,0.019012083142280155
CHG001301,Low,Standard,Dev,-2.0844021549884744,0.02809171483910111,17.310139647051823,71.05979353171563,0,0,1,0,Weekend,1,0,0.011990044414422746
CHG001302,Medium,Standard,QA,0.614270438357064,0.11242901320575605,15.775344363919118,63.60799543879791,0,0,3,0,BusinessHours,0,0,0.1810700045560742
CHG001303,Low,Standard,Production,0.7538550699336822,0.17679252287697922,7.869975523507684,49.91325914104239,0,0,2,0,OffHours,1,0,0.3174047337651719
CHG001304,High,Standard,QA,-0.2511025880369125,0.07528838080866654,26.761611252798307,50.90029557990135,0,0,2,0,OffHours,1,0,0.040781343726886396
CHG001305,High,Standard,Dev,-2.4807085099845416,0.01,30.333329498388814,99.34592855549715,1,1,2,0,BusinessHours,0,0,0.0007048612023188456
CHG001306,High,Normal,Production,-0.9964186260023896,0.08212708403341841,5.405427246680042,51.01734551200654,0,1,1,1,BusinessHours,0,0,0.1674252007994132
CHG001307,Low,Standard,Staging,1.2329019341026966,0.11585127680397017,16.816323627372803,66.89080424491142,0,1,3,0,BusinessHours,0,0,0.140925223386044
CHG001308,Medium,Standard,QA,-2.7779942807285725,0.01,28.028492494208404,100.0,1,0,1,0,OffHours,1,0,0.002302593056834758
CHG001309,High,Standard,Production,-0.34752341219351923,0.1366981003260426,13.426173900934746,30.256403915620773,0,1,3,1,Weekend,1,0,0.23624921409040173
CHG001310,Medium,Standard,Production,-1.180000778467259,0.01,19.181053136542808,88.02478032256748,1,0,1,0,Weekend,1,0,0.01160116162328694
CHG001311,Medium,Standard,Staging,0.8045703015848366,0.09726454066516366,21.249840515376395,71.78533802388083,0,1,3,0,BusinessHours,0,0,0.03971691574764444
CHG001312,Medium,Emergency,QA,-0.6751139521434614,0.04555126673651616,17.9992336490622,43.13999969149141,0,0,1,0,OffHours,1,0,0.13370064236084184
CHG001313,Medium,Normal,Staging,0.40395402073561154,0.04347021201293195,25.022092777279518,76.16009076227056,0,1,1,0,OffHours,1,0,0.09538749002033296
CHG001314,Medium,Standard,QA,0.5654604191690931,0.05917926828753489,33.55357780528851,57.444018210653915,0,0,2,0,Weekend,1,0,0.05005264580926769
CHG001315,Medium,Normal,Staging,1.83622583973002,0.11318397003564362,34.831602353085884,77.69371653754607,0,1,5,0,OffHours,1,0,0.10329873167501288
CHG001316,Low,Standard,QA,-0.20294194367537022,0.06671436549467095,13.87243973064636,58.435504683809654,0,0,2,0,BusinessHours,0,0,0.037584346010075875
CHG001317,High,Normal,Staging,0.37604436962261134,0.08986601763181865,10.828277292880646,40.04843250016057,0,0,4,0,BusinessHours,0,0,0.32326618417915753
CHG001318,Medium,Emergency,Production,-1.485055479127436,0.0824390027049989,10.19842820690823,85.88955790429105,1,0,1,1,Weekend,1,0,0.1407234038157945
CHG001319,Low,Standard,Production,1.190413563293744,0.08493487829261034,24.97972657341443,43.75949853523997,0,1,2,0,OffHours,1,0,0.09040621674487014
CHG001320,High,Standard,Production,-0.7605088480713647,0.1139223591592418,14.516223365108885,51.80935241497037,0,0,2,1,BusinessHours,0,1,0.20213627502426537
CHG001321,Medium,Normal,Dev,-0.5607541640877456,0.03488604807247912,19.29898696348686,60.398970154374176,0,0,1,0,Weekend,1,0,0.09904282786505302
CHG001322,Low,Standard,QA,-0.022247794849210738,0.08434949603047266,18.158700704714054,60.42879041716036,0,0,2,0,OffHours,1,0,0.05827220810980456
CHG001323,Critical,Standard,Staging,-1.5628843453398495,0.040324844721138516,21.45104518643117,82.36743367940424,1,0,2,0,BusinessHours,0,0,0.03314482726964678
CHG001324,High,Normal,QA,0.228770028928938,0.09822451333676194,24.46995506297716,65.82352484995495,0,0,3,0,BusinessHours,0,0,0.1138478718395128
CHG001325,Medium,Normal,Dev,0.9674662729250108,0.07162291923289922,33.72838853036617,87.26349757504387,1,0,4,0,BusinessHours,0,0,0.015775839710637615
CHG001326,High,Standard,Production,0.2929338234972916,0.07909271641757992,2.8188471878357824,66.26834540501964,0,0,3,1,OffHours,1,0,0.223106304208212
CHG001327,Medium,Normal,QA,-1.588897564178725,0.03992176169337487,9.885582050924665,54.587341721375395,0,0,1,0,OffHours,1,1,0.025558493194064284
CHG001328,Medium,Standard,Dev,-0.12380929432965958,0.017256325799188024,31.09732768703043,79.69608375454467,0,1,3,0,Weekend,1,0,0.015254614483353147
CHG001329,Low,Standard,Staging,0.7420289029794906,0.07493534778536151,26.374094426074755,63.5465325547461,0,1,2,0,BusinessHours,0,0,0.06943378773916206
CHG001330,Low,Normal,Production,-1.8779887659659078,0.01,23.213533096217507,82.60371648027993,1,0,1,0,BusinessHours,0,0,0.005260903419814269
CHG001331,Medium,Normal,Staging,-1.074766013817714,0.040255276304823805,24.610722037410486,99.6356454395234,1,0,1,0,BusinessHours,0,0,0.025038262866988382
CHG001332,Medium,Normal,Dev,0.87654360408152,0.15605179680529307,21.116313557033298,63.54886607339323,0,1,2,0,BusinessHours,0,0,0.14251884748715676
CHG001333,High,Normal,Staging,0.27009543419728654,0.18149447580740627,12.705409722840947,61.653883226693495,0,0,4,0,OffHours,1,1,0.5087722959659439
CHG001334,Medium,Normal,Production,0.41197158212675383,0.1379730775179106,11.794093179550144,62.08496003706286,0,1,3,0,OffHours,1,0,0.2879539376112988
CHG001335,Medium,Normal,Dev,1.8594948076233115,0.21556144218960216,12.073822816595234,32.233508548887784,0,1,3,0,Weekend,1,0,0.48882723640925274
CHG001336,High,Normal,Staging,0.4685527785062026,0.10622204545753079,25.476542888330954,71.50757365320032,0,0,4,0,OffHours,1,0,0.28855421289206756
CHG001337,Critical,Standard,Production,0.6578880104331793,0.1624906585828635,11.376613610062364,53.99347240218558,0,1,5,1,BusinessHours,0,1,0.3735613792049227
CHG001338,Medium,Normal,Production,2.710745527218326,0.14737336523969527,28.358195991050174,45.41877232814265,0,1,6,0,BusinessHours,0,1,0.360871716021461
CHG001339,High,Standard,Dev,-0.2138045580904907,0.07206252148980619,24.343254335767647,52.26316762201987,0,0,5,0,OffHours,1,0,0.08280956144085921
CHG001340,High,Normal,Production,-0.7978827636184951,0.053206678594400494,11.384471044433228,69.96453284656839,0,1,3,1,OffHours,1,0,0.08296522708940071
CHG001341,Low,Standard,QA,0.4277963982471327,0.11826002926249936,12.55577225454065,62.713795473870974,0,1,1,0,BusinessHours,0,0,0.08669911869166948
CHG001342,Medium,Normal,Dev,0.4389910293888949,0.07206367019092798,27.677487677785017,66.03879820314324,0,1,3,0,Weekend,1,1,0.09602831777242783
CHG001343,Low,Normal,Dev,-0.5267153919462082,0.08067314910819016,20.60509174997349,61.39450223519493,0,0,1,0,Weekend,1,0,0.08117253615307711
CHG001344,Medium,Normal,Staging,-1.0323970195548475,0.060149177708405346,9.72728508000301,66.68982600667074,0,0,3,0,OffHours,1,1,0.10619795047293275
CHG001345,Medium,Standard,Dev,2.309844422090078,0.11403492605741586,34.339704626527705,51.39594307219221,0,1,3,0,BusinessHours,0,0,0.08087612396925337
CHG001346,Medium,Standard,Production,0.3268434703880229,0.099686709653224,21.851076297712726,83.45943174399022,1,1,3,0,BusinessHours,0,0,0.03501822050708825
CHG001347,High,Normal,Production,-0.7322853814020757,0.06808162226959989,23.055859255716648,72.45666696858923,0,0,2,1,OffHours,1,1,0.21044803858830188
CHG001348,Medium,Emergency,Dev,0.9159303022795986,0.13492609741254505,21.12470334918596,46.32503653509218,0,1,3,0,BusinessHours,0,0,0.1216841821734608
CHG001349,Medium,Normal,Production,-0.1091451515613345,0.08275659814961168,23.701312841601133,44.23937060600393,0,0,1,0,BusinessHours,0,1,0.13051690564058652
CHG001350,High,Standard,Production,-0.25288144631783127,0.050055144659617426,22.587416348748462,67.33764077156312,0,0,4,1,OffHours,1,0,0.16743265420736683
CHG001351,Critical,Standard,Dev,0.5622728719144933,0.11446764434730246,7.539710850691074,47.86199471096919,0,1,5,0,BusinessHours,0,1,0.16650072331814242
CHG001352,High,Normal,Production,-1.29188226823169,0.01,35.79670080240904,82.46031703776873,1,0,2,1,BusinessHours,0,0,0.008746419067032676
CHG001353,Low,Standard,Production,0.3526272039171724,0.12255119045448556,21.971596363690583,69.4329781793774,0,1,3,0,BusinessHours,0,0,0.11259154223953577
CHG001354,Low,Normal,Production,1.9129548077317522,0.10494349041696724,27.352106017353655,61.54530375308691,0,1,3,0,BusinessHours,0,0,0.20013449908309486
CHG001355,Low,Normal,Staging,0.46617766219731077,0.07490802259628047,11.067462016178178,39.75915397416771,0,0,2,0,BusinessHours,0,0,0.13533442603118562
CHG001356,Medium,Standard,Production,-0.3762121037834645,0.025958396127850267,28.450489541566856,81.08535880138983,1,0,1,0,OffHours,1,0,0.02299487851791299
CHG001357,Low,Standard,Production,-0.507105280428242,0.03804958412832397,17.484797480817157,55.211966833685814,0,1,1,0,BusinessHours,0,0,0.025665522055013712
CHG001358,High,Standard,QA,-0.41033997334510935,0.043986521608082946,36.99158884568857,84.63051991600307,1,0,3,0,BusinessHours,0,0,0.013631735890784884
CHG001359,Medium,Normal,QA,-0.25396267804778105,0.06534372885877932,20.965812167175866,55.44643259121922,0,1,2,0,BusinessHours,0,0,0.10122580587593953
CHG001360,Medium,Normal,Staging,-0.377806532758272,0.03792034566373665,33.796484848813165,76.59478661376608,0,1,4,0,BusinessHours,0,0,0.01452026654786696
CHG001361,Medium,Standard,QA,0.9163114410745667,0.06568165272079324,34.71535886367437,70.29570796855607,0,1,2,0,BusinessHours,0,0,0.026941365416287614
CHG001362,Medium,Normal,QA,-1.7332091032089831,0.01,26.25376450502232,75.27729997522279,0,0,1,0,BusinessHours,0,0,0.023813785380574503
CHG001363,Medium,Standard,Dev,0.862000050412134,0.10170037561719954,27.004885900406087,60.86122948950793,0,0,3,0,OffHours,1,0,0.10281130211630901
CHG001364,High,Normal,Production,-0.3796865251425611,0.06578946344114313,13.148832627964754,65.35597647481885,0,1,4,1,Weekend,1,0,0.14440309444199842
CHG001365,Low,Normal,Production,0.37694778569537224,0.10828712506067453,24.422690117565004,81.99611630780115,1,1,2,0,BusinessHours,0,0,0.06523748777293079
CHG001366,High,Standard,QA,-1.1269879102008638,0.01,29.133014883838875,88.68324381830767,1,0,2,0,BusinessHours,0,0,0.003899055299165381
CHG001367,Low,Standard,QA,1.328631066849436,0.18722796824770296,10.980959126969836,50.30754701153324,0,1,2,0,OffHours,1,0,0.10238339966091918
CHG001368,Medium,Normal,Dev,1.245634960171873,0.13560935611802857,3.4957296047554394,39.92583579967692,0,1,3,0,OffHours,1,1,0.22582588741835544
CHG001369,Critical,Standard,Dev,0.9595905257500736,0.06631702932419353,33.616826313717475,73.17032263373663,0,1,4,0,BusinessHours,0,0,0.03770319125929352
CHG001370,Low,Standard,Staging,-1.5147547757935393,0.01,23.52384492409791,69.20678446191097,0,0,1,0,Weekend,1,0,0.013103510435086358
CHG001371,Low,Normal,Dev,0.8291210710660528,0.0517374215917898,34.70196228275263,87.01115593028788,1,0,1,0,BusinessHours,0,0,0.009905645544658533
CHG001372,Medium,Normal,Production,0.4048550876357089,0.12166032104282674,15.568220119265966,40.7959073230663,0,0,2,0,Weekend,1,1,0.32507991911628537
CHG001373,Medium,Emergency,QA,-1.6052712471325676,0.04341993970864997,18.112522853373815,58.60223362456245,0,1,1,0,Weekend,1,0,0.023681735035310333
CHG001374,Low,Normal,Dev,-0.02429738377081549,0.0631192652158317,14.922955161183326,41.02004667134169,0,0,2,0,Weekend,1,0,0.13768605248251475
CHG001375,Low,Normal,Production,0.3645344890332625,0.06852114606228712,27.564254807012198,68.12255717435515,0,0,1,0,BusinessHours,0,0,0.1652276613190693
CHG001376,Low,Standard,QA,0.5560752738231508,0.1583486479089677,1.0,43.04623901349661,0,0,2,0,BusinessHours,0,1,0.20954009037426843
CHG001377,Medium,Standard,QA,0.17726136694885572,0.034174050648811516,29.79227351742694,76.60771865998535,0,1,1,0,BusinessHours,0,0,0.0320850646588003
CHG001378,Low,Normal,Dev,0.2912314168473797,0.08538927718615114,23.66400373670922,53.22737782515817,0,0,1,0,OffHours,1,0,0.09096591576313834
CHG001379,High,Standard,Staging,1.4736113922530956,0.15313114646551068,21.410194866665954,59.18593219507354,0,1,5,0,BusinessHours,0,0,0.24506328268047967
CHG001380,High,Normal,QA,1.2260339099106798,0.11512653165535597,16.723541089929324,59.41721791076034,0,1,3,0,BusinessHours,0,0,0.2950542021659814
CHG001381,Low,Standard,Production,-2.8670549537827434,0.01,9.254967565961866,84.21473517851669,1,0,1,0,BusinessHours,0,0,0.0032813337528917108
CHG001382,Medium,Standard,Staging,-0.317438554837682,0.02122685174520884,28.046021783339608,73.0039808091994,0,0,2,0,BusinessHours,0,0,0.03135268283206894
CHG001383,Low,Normal,Production,-0.16465102754395128,0.13605517584811022,13.225476601490342,59.76596851962747,0,1,2,0,OffHours,1,0,0.15161426573785797
CHG001384,Medium,Normal,Staging,-1.7520985727269711,0.01,20.092820580329136,71.67174982818375,0,0,1,0,Weekend,1,0,0.03137199744786008
CHG001385,Low,Standard,Production,0.09418305823231217,0.01,29.903038414913134,65.86446086267226,0,0,2,0,BusinessHours,0,0,0.02054304379243074
CHG001386,High,Normal,Staging,1.2487577724105066,0.060621838631091565,32.310711710033075,71.93505945639899,0,1,5,0,BusinessHours,0,0,0.09899837018508897
CHG001387,Medium,Standard,Staging,-1.0865678595905903,0.08947411776710096,11.732580678411553,58.73235504142246,0,0,1,0,OffHours,1,0,0.12131370670817687
CHG001388,Medium,Standard,Staging,0.3364009386898723,0.13671688939994228,20.731545767966207,63.99232961642733,0,1,1,0,BusinessHours,0,1,0.0625486736674857
CHG001389,Medium,Emergency,Staging,-0.9158234772964378,0.015293460507445187,29.388222041077796,83.8886045223669,1,0,1,0,BusinessHours,0,0,0.032448620436664626
CHG001390,High,Emergency,Dev,-0.6719120236796768,0.0464390833918052,21.294698794490092,54.3974322506527,0,0,3,0,BusinessHours,0,0,0.06733043398055616
CHG001391,Medium,Standard,Staging,1.477393634170035,0.16603510290111026,7.488690854597865,36.18392651546742,0,1,2,0,BusinessHours,0,1,0.3022000028673752
CHG001392,Low,Standard,QA,-0.542557820111825,0.0778480600723652,23.07175515445356,68.14627571414592,0,0,1,0,BusinessHours,0,0,0.02029449474180593
CHG001393,Critical,Normal,Staging,0.46221248901062467,0.060616197034562364,13.703980964091471,61.69983532582108,0,0,5,0,OffHours,1,0,0.44278253222342817
CHG001394,Medium,Normal,Dev,-1.871218116060987,0.01,31.901376016643514,100.0,1,0,1,0,Weekend,1,0,0.0024026026128043986
CHG001395,Medium,Standard,Dev,1.8623175613948801,0.15454560176537607,17.707942199786668,47.988215723121876,0,1,4,0,Weekend,1,0,0.18335193067020178
CHG001396,Medium,Standard,Dev,0.602652446306499,0.06763369389513739,28.01083251295276,93.29736817663458,1,1,3,0,OffHours,1,0,0.015592355228131695
CHG001397,Medium,Standard,Dev,-0.18249984265026167,0.10389996539354523,10.323339241884712,62.64057409894562,0,1,2,0,BusinessHours,0,0,0.1020090900678901
CHG001398,Low,Normal,Dev,0.5755465099998948,0.13865415696653396,4.901739408507928,62.56945550842103,0,0,3,0,Weekend,1,0,0.13138512025314192
CHG001399,Low,Normal,Dev,-1.4098194289478103,0.01,20.01594916985627,80.88786412880064,1,0,3,0,OffHours,1,0,0.008144559813447673
CHG001400,Medium,Standard,Staging,1.1825307417526572,0.11595696898363865,32.54781470819638,75.26784428457592,0,0,3,0,BusinessHours,0,0,0.11299181270749357
CHG001401,Medium,Standard,QA,-0.3239847754964302,0.11774233161825666,8.174134823861454,58.42685376448768,0,0,1,0,BusinessHours,0,0,0.08815202773460154
CHG001402,High,Standard,Production,-0.2040695150484347,0.05144671640801038,16.811709145019027,59.070413581023104,0,0,1,1,OffHours,1,0,0.15398323894174382
CHG001403,High,Normal,Production,-0.49165561496548443,0.11513048991793373,9.422545244934357,70.1263285533454,0,0,1,1,OffHours,1,1,0.49143794026808624
CHG001404,High,Normal,Dev,-0.5806514027455847,0.0550806614746786,13.894305332085107,67.6892098800577,0,0,2,0,OffHours,1,0,0.12236594740894996
CHG001405,Critical,Normal,QA,0.6946706116284086,0.0837118106976411,32.227031922896806,68.24427096464589,0,1,5,0,BusinessHours,0,0,0.09432501352562848
CHG001406,High,Normal,QA,0.25590685010422287,0.13378804692527207,10.236181374290938,71.6906284750902,0,1,3,0,BusinessHours,0,0,0.1482351407662264
CHG001407,Low,Standard,QA,0.6517481414030399,0.10006028347546944,18.015342297875677,59.71057384672878,0,0,2,0,OffHours,1,0,0.16860674410837986
CHG001408,Medium,Normal,Staging,-0.008794689485571452,0.13207306316605044,7.218711663656812,55.37080473098997,0,0,1,0,BusinessHours,0,0,0.24681104267993506
CHG001409,Medium,Standard,Staging,0.513199811077181,0.12912124843088107,15.594070168357446,49.931136962008516,0,0,3,0,BusinessHours,0,0,0.1845888101016471
CHG001410,Medium,Standard,Staging,-0.41884874392503835,0.01,31.5775655110946,93.39773655108095,1,1,2,0,BusinessHours,0,0,0.0034067918622853206
CHG001411,Low,Normal,QA,2.2297318414095484,0.1743495982554444,20.465139807981604,43.57190275801618,0,1,3,0,OffHours,1,1,0.4724573287568892
CHG001412,Medium,Normal,Production,-1.5679304164304986,0.05232025480863579,18.08794244582447,69.9140831874352,0,0,1,0,BusinessHours,0,0,0.10404269095665351
CHG001413,Medium,Standard,QA,1.2609373235629844,0.11671358519796529,14.044592161915864,56.15198971654723,0,1,3,0,BusinessHours,0,0,0.22447483796523238
CHG001414,Medium,Normal,Production,1.3679074507209708,0.17050464979144195,3.741727117732764,46.26816947201523,0,1,2,0,Weekend,1,1,0.6409984876758924
CHG001415,High,Normal,Production,-0.8521588059655938,0.05543339082640106,10.307218007598413,76.88254753549751,0,1,3,1,BusinessHours,0,0,0.1477319254175227
CHG001416,Medium,Normal,QA,2.2292736105559734,0.1228283768210715,38.25281481628999,55.850359783568464,0,0,5,0,BusinessHours,0,0,0.19794240874325567
CHG001417,Medium,Normal,Production,0.9954902829453182,0.15099478997077523,18.411427190945123,72.55531578122348,0,0,4,0,BusinessHours,0,0,0.40811737300714235
CHG001418,Medium,Standard,Production,0.9711390068229115,0.07374421102240916,41.29685445578959,67.48091794763276,0,1,4,0,OffHours,1,0,0.09277534277127253
CHG001419,Medium,Normal,Staging,0.028022187025876687,0.05532954108591134,18.35266017912322,68.55752725000026,0,0,2,0,BusinessHours,0,0,0.1603483135399407
CHG001420,Low,Standard,Dev,-0.21722615821867644,0.06692296081541142,25.66035554690349,64.28066960245424,0,0,1,0,BusinessHours,0,0,0.06454816043416368
CHG001421,Medium,Standard,Production,-0.20940882703960811,0.05706931938053806,27.164111044978824,96.27920950143701,1,1,2,0,BusinessHours,0,0,0.020277116550382356
CHG001422,Medium,Standard,QA,0.3905305963195172,0.19068062092548696,1.3921315582827845,38.96000138570066,0,1,3,0,OffHours,1,0,0.3006980139237617
CHG001423,Medium,Normal,QA,1.4011862750338961,0.11688393053338825,14.46067384678278,52.10270217912222,0,0,3,0,BusinessHours,0,0,0.25631636886422804
CHG001424,Low,Normal,Staging,0.1813142178614196,0.06397352688100075,11.687370643424352,64.58347271428865,0,0,2,0,BusinessHours,0,1,0.12771633422209375
CHG001425,Critical,Normal,QA,-0.9114436231372903,0.01,37.23931870826218,79.49254005102988,0,0,2,0,OffHours,1,0,0.03807580312083592
CHG001426,High,Normal,Dev,0.8244270623849798,0.09541729409111888,33.00629222338546,68.93119693784226,0,1,3,0,OffHours,1,0,0.100985652498612
CHG001427,Medium,Emergency,Production,0.9211507463947922,0.15555371015485966,23.037742705295244,54.44401125755363,0,1,2,1,OffHours,1,0,0.5955047256122823
CHG001428,Medium,Normal,QA,0.6546595284477861,0.05122867296825265,22.50734389163962,70.2253469324328,0,0,3,0,BusinessHours,0,0,0.08376702949163826
CHG001429,Medium,Normal,Staging,0.7454989065249826,0.1527817680980354,20.330480889552664,59.41104467375521,0,1,3,0,Weekend,1,0,0.2034302715545993
CHG001430,High,Standard,Staging,-0.2709281301578081,0.0943201607846986,7.645269331206512,58.0864538911304,0,1,2,0,OffHours,1,0,0.1409474695880584
CHG001431,Medium,Standard,Dev,-0.9289891671305796,0.04080154125668108,17.873820372811096,67.75075236654888,0,1,2,0,OffHours,1,0,0.020566913209784942
CHG001432,High,Normal,Production,-0.8681934306407798,0.038115995409840016,15.866614317532209,71.68451916396218,0,0,4,1,BusinessHours,0,0,0.16126572144979157
CHG001433,High,Normal,Staging,-1.635463248457858,0.01,34.219497716835356,88.94415406143803,1,0,1,0,BusinessHours,0,0,0.006136508728384138
CHG001434,Medium,Standard,Staging,0.23694861154594976,0.09069622145812317,19.40484586247819,79.5679057727382,0,1,1,0,BusinessHours,0,0,0.029140012361034993
CHG001435,Medium,Normal,Staging,-0.08344878322659362,0.07678554962756746,21.81355232744008,55.59826760142005,0,0,3,0,OffHours,1,0,0.0878211967064511
CHG001436,Medium,Standard,Production,-0.43998770452970876,0.012347982866908774,31.365347850324703,92.27884756161951,1,0,2,0,BusinessHours,0,0,0.0237038311956931
CHG001437,Medium,Standard,Production,-2.95561882434507,0.01,34.382839528278566,94.53327067985248,1,0,1,0,OffHours,1,0,0.0019767679883564765
CHG001438,Medium,Standard,Dev,-1.247317469694169,0.021737207842853302,29.731787351611572,82.24619164078524,1,0,2,0,BusinessHours,0,0,0.005370527611152531
CHG001439,High,Standard,QA,1.1208406514031668,0.10254838982246203,33.615048190249055,53.19148094851205,0,1,4,0,OffHours,1,0,0.07856243756106568
CHG001440,Low,Standard,Staging,-0.664626000063131,0.03589507476386417,24.161290906625478,81.32102691955384,1,0,1,0,BusinessHours,0,0,0.0106219139630512
CHG001441,Low,Normal,Production,0.3605916776568414,0.0878968998873399,18.496552253088232,51.763110243103306,0,1,2,0,BusinessHours,0,0,0.11350613784538117
CHG001442,Medium,Normal,Production,-1.3906854299752562,0.01,32.60843415169923,89.28037142967861,1,1,4,0,BusinessHours,0,0,0.009736986672634979
CHG001443,Critical,Standard,QA,1.4387054823592311,0.18585506238305055,14.018285597555508,56.162476051510865,0,1,5,0,BusinessHours,0,0,0.25797279202744644
CHG001444,Medium,Standard,Production,-0.1440276600546764,0.062392572749028936,20.86161574298131,62.477493577457246,0,0,3,0,OffHours,1,0,0.09149372850537237
CHG001445,Medium,Normal,QA,0.2900403964835352,0.016229411471965716,28.394228844481344,49.94742367971175,0,0,2,0,BusinessHours,0,0,0.04266501448206054
CHG001446,Medium,Standard,QA,2.325779791881685,0.11690834451837326,32.76900209018275,83.67472678887717,1,1,5,0,BusinessHours,0,0,0.06248776263202529
CHG001447,Medium,Normal,Staging,1.5164401005894037,0.13024033832173504,14.666042262154475,40.16095179650145,0,1,3,0,BusinessHours,0,0,0.13996521117111632
CHG001448,High,Normal,QA,-0.3065656212870578,0.10654085919713792,14.368769690555407,67.55062601195088,0,1,4,0,BusinessHours,0,0,0.0783397621759225
CHG001449,Critical,Normal,Staging,-0.5932201848703592,0.01,28.325622931737282,71.23030335578254,0,0,3,0,BusinessHours,0,0,0.052682638986006114
CHG001450,High,Standard,QA,-0.3255450115195318,0.03173983184110794,22.420556716454414,85.78332924736972,1,0,3,0,OffHours,1,0,0.022812423134412018
CHG001451,High,Emergency,Production,0.5098982484765356,0.09473895559791781,22.08786494319021,48.576046767406496,0,1,3,1,BusinessHours,0,0,0.2990846512856
CHG001452,Low,Normal,Production,-0.10522413425087113,0.1108130730283595,5.306010805750109,54.56498682030489,0,0,1,0,OffHours,1,0,0.14596384914604482
CHG001453,Medium,Normal,QA,-0.39524414500347166,0.06850198297036621,13.641178646727626,77.62570985858855,0,0,1,0,BusinessHours,0,0,0.0713069741535813
CHG001454,Medium,Emergency,Staging,1.4671812507090423,0.17171885083730376,23.844895515856457,27.8471054926312,0,1,4,0,BusinessHours,0,0,0.354589843182979
CHG001455,Medium,Normal,Production,-0.11420989177783689,0.10227760773183286,15.422688525960831,56.30396853572175,0,0,1,0,BusinessHours,0,0,0.1373254605094389
CHG001456,Low,Standard,Dev,2.2995890930373193,0.1640399042623151,17.415505577998385,55.78952536414572,0,1,6,0,BusinessHours,0,1,0.19289883577179526
CHG001457,High,Normal,Production,0.09074256375217302,0.0927781117443426,26.992909180483117,84.21413914608343,1,0,3,1,BusinessHours,0,0,0.13520997069601562
CHG001458,Low,Normal,Staging,1.7853183942247275,0.13533136912616775,13.80095211486155,36.54074873432286,0,1,4,0,BusinessHours,0,0,0.2785556293806267
CHG001459,Medium,Normal,Dev,0.3573194227106268,0.032980305765253744,24.33213893141546,61.129518108543145,0,1,4,0,OffHours,1,1,0.02866756756248535
CHG001460,Medium,Normal,Production,0.9629605732494478,0.09937872305227484,26.393732762991256,70.54379426611408,0,1,3,0,BusinessHours,0,1,0.1329721991202528
CHG001461,High,Normal,QA,-0.7246110515177244,0.02612996364910633,37.292275402866586,53.617095060871996,0,0,2,0,OffHours,1,0,0.03813713263950663
CHG001462,High,Standard,Dev,-0.8537592225874118,0.07341715888181333,18.965521591148857,86.18782480828108,1,1,2,0,BusinessHours,0,0,0.012825658231637857
CHG001463,Medium,Standard,Dev,0.4597059550149875,0.05866614431465891,27.02512640441789,54.61913767154855,0,0,4,0,Weekend,1,0,0.051290968090578704
CHG001464,High,Normal,Production,0.9885532424653152,0.1428989638569668,22.95569610778576,52.38838471098078,0,1,6,1,BusinessHours,0,0,0.2164063806465279
CHG001465,High,Standard,Production,0.040256502000462865,0.13208981698125505,1.0,59.15785875573014,0,0,2,1,BusinessHours,0,0,0.3193180700087744
CHG001466,Medium,Standard,QA,-1.2863933350836971,0.01,22.411792686705176,80.61509211150657,1,0,1,0,BusinessHours,0,0,0.00670722329350186
CHG001467,High,Normal,Dev,-1.360258366289327,0.025352674455560012,23.4439874353684,65.34159626559818,0,1,1,0,Weekend,1,0,0.028401356396218623
CHG001468,Low,Normal,Dev,-1.4271364021862412,0.01,40.72784159636468,100.0,1,0,1,0,OffHours,1,0,0.001621621717641257
CHG001469,Medium,Normal,Staging,-1.767622112939381,0.01,42.68526040783467,58.44028305714626,0,1,2,0,BusinessHours,0,0,0.0047519259296162
CHG001470,Low,Standard,QA,0.10948535944708751,0.055344618642151434,23.013243380161516,55.63807674063439,0,1,1,0,BusinessHours,0,0,0.03265558437425867
CHG001471,Medium,Standard,QA,1.1250439217080253,0.12414908877857914,26.709279244857893,50.102544095868424,0,1,2,0,OffHours,1,0,0.12065118152766276
CHG001472,Medium,Normal,QA,-0.013415786924808768,0.06604902254962236,25.339799492518043,54.856927168236965,0,1,2,0,OffHours,1,1,0.05379257097135305
CHG001473,Low,Normal,Staging,-2.2604147573378524,0.01,12.68458927675491,90.69213494828882,1,0,1,0,BusinessHours,0,0,0.013260001032552322
CHG001474,Medium,Standard,Staging,-0.19076046033454871,0.13043697369339338,7.710119392105507,34.45304876001,0,0,1,0,BusinessHours,0,0,0.20997674721358148
CHG001475,Medium,Normal,Staging,-0.1627989966326071,0.11638549688568849,11.568525130963575,78.88403459496098,0,0,1,0,BusinessHours,0,0,0.19605636194496986
CHG001476,Medium,Normal,Dev,2.0959987502254394,0.1866421531326064,9.752421875773505,44.56038643157803,0,1,4,0,BusinessHours,0,1,0.2689680689910774
CHG001477,Low,Normal,Staging,-1.4571379129195563,0.09552687310025747,4.901603783211037,45.5870163494979,0,1,1,0,BusinessHours,0,0,0.0554967418928391
CHG001478,Low,Normal,Staging,-0.3906776025991957,0.09706869468134727,17.787567560556486,39.10432250665272,0,0,1,0,BusinessHours,0,0,0.06057328183909748
CHG001479,Medium,Standard,Staging,1.7058526805445642,0.17541267961351398,20.947323755919154,47.03832025846493,0,1,3,0,BusinessHours,0,0,0.20092990869876076
CHG001480,High,Normal,Dev,0.44997834134654807,0.10605504660612426,18.592069220950854,51.46854610941586,0,0,5,0,OffHours,1,0,0.15044427538437447
CHG001481,High,Normal,Dev,0.5633130735164247,0.08000589723966359,19.558216606623017,58.69936811535739,0,1,4,0,BusinessHours,0,0,0.19316545116839506
CHG001482,Medium,Standard,Staging,0.11458443702387822,0.11802441624589809,12.93793949263272,56.2858604715277,0,0,2,0,BusinessHours,0,0,0.067883710092416
CHG001483,High,Standard,QA,0.32994353865726456,0.023614560865721262,41.133088666525026,85.89734053650679,1,0,3,0,Weekend,1,0,0.02239182225582701
CHG001484,Medium,Normal,Staging,0.777609530278536,0.0686224851235353,20.35758687242422,61.704246380543275,0,1,1,0,BusinessHours,0,0,0.11355175274898832
CHG001485,Critical,Normal,QA,-0.8094863188927663,0.04236142148491011,14.978397808219919,62.46688381213427,0,0,3,0,BusinessHours,0,0,0.1246676772779966
CHG001486,Low,Normal,QA,0.8780585789081998,0.16686433544890622,22.85758646156312,69.17614835140807,0,1,2,0,BusinessHours,0,0,0.10068540266800176
CHG001487,Medium,Standard,Staging,-1.3730030168855392,0.03474023312103273,17.198727840872795,78.52386494679942,0,0,1,0,BusinessHours,0,0,0.02757615645608681
CHG001488,Medium,Standard,QA,0.3283679728315381,0.09534105376001173,17.601382052952605,66.29294822404938,0,0,2,0,BusinessHours,0,0,0.15539377938607585
CHG001489,Medium,Emergency,Dev,0.17874096328632716,0.09655521641480062,12.133031055202494,61.97008937466202,0,0,4,0,BusinessHours,0,0,0.2912398775046289
CHG001490,Low,Standard,Production,-0.6162930881921079,0.025018056346667657,28.674857296232247,73.47840778237564,0,0,1,0,BusinessHours,0,0,0.030089436834741547
CHG001491,Low,Standard,QA,-0.022685275325646737,0.1025341958666054,15.736082204982589,62.70196609999632,0,1,1,0,BusinessHours,0,0,0.045251060738087386
CHG001492,Medium,Normal,Production,-0.6225401526655531,0.09352513226294701,8.358349277276023,72.44309383032166,0,0,1,0,Weekend,1,0,0.14277459686712235
CHG001493,Medium,Emergency,Dev,-1.0717013268617444,0.019854028427056507,30.9102529628615,33.86375617321512,0,0,1,0,BusinessHours,0,0,0.05942172110901548
CHG001494,High,Normal,Production,-0.35361474161364437,0.06865804861514573,16.74534001540747,67.43377794613502,0,0,2,1,BusinessHours,0,0,0.24171697681923845
CHG001495,Low,Standard,Production,-1.1039886353716615,0.08279782511846269,1.0,57.32457127336488,0,0,1,0,OffHours,1,0,0.1753066268681142
CHG001496,High,Normal,Dev,0.3227974640932481,0.11507258971252904,15.655847842270282,66.62102462626288,0,0,3,0,BusinessHours,0,0,0.19308831645365895
CHG001497,Medium,Normal,Staging,-1.1500854941523635,0.01,27.600318917671924,70.66322527939828,0,0,2,0,BusinessHours,0,0,0.019744338097892448
CHG001498,Critical,Normal,Staging,0.7119770229910514,0.07975551739754685,21.72556957977305,75.60815788976807,0,1,5,0,BusinessHours,0,1,0.1845620946391173
CHG001499,Low,Standard,Staging,-1.18147906792882,0.01,42.931239214201604,81.20724213743672,1,0,1,0,BusinessHours,0,0,0.0025103579249570705
CHG001500,High,Normal,QA,-0.5662949155810063,0.02747981830309485,34.91979485937277,72.7799182894671,0,0,3,0,Weekend,1,0,0.0550685111982169
CHG001501,High,Normal,Production,-0.624603408215179,0.01,29.999516613820113,72.16644587229659,0,1,3,1,Weekend,1,0,0.058449461445273646
CHG001502,High,Standard,Production,1.3251467288748389,0.06360513216200055,33.989547923242704,88.7580098752849,1,1,5,1,OffHours,1,0,0.023713189326825004
CHG001503,High,Standard,Production,0.33028994561659186,0.08304925217770515,19.64950492292487,42.63785314742643,0,1,5,1,BusinessHours,0,0,0.07034651949187365
CHG001504,Medium,Standard,Production,-0.21173380254439425,0.09067498562843335,21.1435497600863,89.27792163791739,1,1,1,0,BusinessHours,0,0,0.018472118772651522
CHG001505,High,Emergency,Production,0.4987194410697233,0.08493933948297253,19.96737444032264,75.50687303067316,0,1,3,1,BusinessHours,0,0,0.21667057391045
CHG001506,Medium,Standard,Production,-2.107192347329688,0.01,13.687167613927215,71.16449969600501,0,0,1,0,BusinessHours,0,0,0.02555104373313497
CHG001507,Medium,Normal,Staging,-0.043133589640907445,0.04123346997490526,27.96800448980822,78.42195825362703,0,1,2,0,Weekend,1,0,0.08072234403002745
CHG001508,Critical,Standard,Production,1.9975141778047627,0.18306532830147404,16.53234456280233,46.046871105920864,0,1,3,1,BusinessHours,0,1,0.558968079683237
CHG001509,Medium,Normal,Staging,0.13234650640267256,0.08019040803121395,23.41221611366094,86.56205598973443,1,0,2,0,BusinessHours,0,0,0.0383272516490269
CHG001510,Medium,Normal,Dev,0.0679131691693355,0.10329773824446248,9.580864199828534,71.30117552108567,0,0,1,0,BusinessHours,0,0,0.12542971092639263
CHG001511,High,Emergency,Staging,0.5481283796421961,0.06231550213643412,15.413260297544852,72.12420835934665,0,1,4,0,OffHours,1,0,0.5065929534663345
CHG001512,Medium,Normal,Dev,0.8956052433143455,0.11699661010648968,22.01516567896258,41.98371058564072,0,1,5,0,OffHours,1,0,0.1580025107807776
CHG001513,Low,Normal,Production,-1.9974666928898597,0.01,20.09149211700419,82.31189771345718,1,0,1,0,BusinessHours,0,0,0.01907633708295271
CHG001514,Medium,Normal,Staging,-1.6823264817910268,0.08424703103074638,8.215320053024211,44.27672198636358,0,0,1,0,OffHours,1,0,0.10761320907387059
CHG001515,High,Normal,Staging,0.21029129108614655,0.16609205378599282,12.84616292144186,46.90420684280199,0,0,3,0,BusinessHours,0,0,0.3128659560543557
CHG001516,High,Emergency,Dev,-0.7148765618975097,0.08076698064879849,11.466321125584923,79.68398064865144,0,1,1,0,OffHours,1,0,0.22180266125970025
CHG001517,Low,Normal,Staging,1.3120252622199142,0.16773984832185812,15.49583939594755,53.941399974579255,0,1,4,0,BusinessHours,0,0,0.34780268444258616
CHG001518,Medium,Normal,QA,-0.3151743898852239,0.055615880246132045,20.755483339663407,82.23685246490335,1,1,1,0,BusinessHours,0,0,0.019676245532861063
CHG001519,Medium,Standard,Staging,-1.9345307357131178,0.01,27.41435706589793,88.17608133877373,1,0,1,0,BusinessHours,0,0,0.005874612540960583
CHG001520,Medium,Normal,Staging,-1.268013916843997,0.01,24.0866161293907,88.00660785495121,1,1,1,0,BusinessHours,0,0,0.0047969362415044145
CHG001521,Medium,Emergency,Staging,-2.7496760196305754,0.01,24.98507283765982,75.99884581620785,0,0,1,0,OffHours,1,0,0.01679057233631942
CHG001522,Critical,Normal,QA,-0.23412553728291255,0.020379045466861843,34.758312219462574,65.87261619005997,0,1,5,0,Weekend,1,0,0.07389576855333933
CHG001523,Medium,Normal,Staging,-0.18838412726438336,0.08602206356880546,22.458857413469165,64.17595434242408,0,0,1,0,BusinessHours,0,0,0.0710594786770809
CHG001524,Medium,Normal,Staging,-0.42446270978189776,0.06550217203044163,14.973506135349535,37.09872819792652,0,1,1,0,BusinessHours,0,0,0.03322291778272665
CHG001525,Medium,Normal,Production,1.0788790390297387,0.10678490766476575,26.74106269477801,63.07996699643913,0,0,5,0,BusinessHours,0,0,0.14721305464204557
CHG001526,Medium,Standard,Production,1.1985198365166936,0.10833966776491144,34.31397372748361,64.7259311202531,0,1,3,0,BusinessHours,0,0,0.10687232459359698
CHG001527,Medium,Emergency,Production,-0.1703884233561112,0.0814169643201253,11.65508163704692,51.565134648313766,0,0,2,1,OffHours,1,1,0.278070561354983
CHG001528,Low,Standard,QA,-2.134693667476856,0.01,30.680540862055516,89.40687120377117,1,0,1,0,OffHours,1,0,0.0024284487091034827
CHG001529,Low,Standard,Dev,0.6172815804922585,0.17672853938418498,1.0,49.94181365581856,0,1,2,0,BusinessHours,0,0,0.17477974934917712
CHG001530,Critical,Normal,Production,0.5553602285085755,0.12103802665706329,16.838124098665222,69.14150438219797,0,1,4,1,Weekend,1,0,0.27191771589012825
CHG001531,Low,Standard,Production,0.309391570156945,0.12740276869157505,15.810956191177528,46.01061781191802,0,1,1,0,BusinessHours,0,0,0.12598683518907458
CHG001532,Medium,Standard,Dev,0.9814797493081158,0.13814022563788894,34.02387927844952,55.679633253006884,0,1,2,0,OffHours,1,0,0.06715257242160395
CHG001533,High,Standard,Staging,-1.16482809646104,0.01,32.84020024460628,94.3539029819983,1,0,2,0,OffHours,1,0,0.00927472404470336
CHG001534,Low,Emergency,QA,2.008755386185139,0.1906335817506684,13.45123887657815,35.8467879221651,0,0,3,0,BusinessHours,0,1,0.6668583395579372
CHG001535,Low,Normal,Dev,-0.959427753141868,0.01,37.70999474992079,98.68637724866662,1,0,1,0,BusinessHours,0,0,0.004263209830588648
CHG001536,Medium,Emergency,Production,0.7492229272008546,0.1270159779964349,10.77792353974672,56.44120384727256,0,1,3,1,Weekend,1,0,0.616247843965029
CHG001537,Medium,Standard,Production,-1.6873476944133516,0.03126016070350386,9.072788824015824,99.48875281295008,1,0,1,0,BusinessHours,0,0,0.03265068302903001
CHG001538,Medium,Standard,Production,-0.9302646872700508,0.01,20.011633874739164,67.28892717159468,0,1,1,0,OffHours,1,0,0.043870932953706886
CHG001539,Medium,Standard,Dev,1.5163686467253361,0.13668783979179439,20.305282987360567,69.58437356708018,0,1,5,0,BusinessHours,0,0,0.2531203891905538
CHG001540,Low,Standard,Staging,-0.2608998230008499,0.13065133949823513,1.766207960309223,45.13810117855342,0,1,1,0,OffHours,1,0,0.070246236562988
CHG001541,Low,Standard,Production,0.8399226051327979,0.09560855978429753,26.379342830161594,91.55839914298122,1,0,2,0,BusinessHours,0,1,0.047000326322433776
CHG001542,Low,Standard,Staging,0.2369553887192461,0.06392365080089399,24.16742127070277,73.3165366536735,0,0,1,0,OffHours,1,0,0.04898143337857741
CHG001543,Medium,Normal,QA,-0.10495815600017268,0.011741372860308422,26.330590449107873,79.72219597427278,0,0,2,0,BusinessHours,0,0,0.044767450632096986
CHG001544,Medium,Normal,Staging,1.3638503249326897,0.16856587248234953,13.077632473505426,62.934117541237725,0,1,4,0,BusinessHours,0,0,0.34538135084488353
CHG001545,Critical,Standard,Dev,-0.23665882465190033,0.08195739428150538,16.554737502221265,50.35183203631439,0,0,3,0,OffHours,1,1,0.13626264975758579
CHG001546,Low,Normal,Staging,-1.7807381075634705,0.01,26.03478693683273,66.13585329456146,0,0,1,0,OffHours,1,0,0.025249959646158393
CHG001547,Medium,Standard,Production,-0.8032400919517051,0.01,31.684000883895635,84.62997217461533,1,0,1,0,OffHours,1,0,0.007519943920263523
CHG001548,Medium,Normal,Dev,0.5511917287016942,0.17725956255470454,3.0448342817808287,44.89938753289295,0,0,2,0,BusinessHours,0,1,0.5760528764351096
CHG001549,Medium,Normal,Dev,0.39550910636250813,0.1332030624246603,12.999578115771373,80.12796376101997,1,0,1,0,BusinessHours,0,0,0.07414120442058629
CHG001550,Medium,Normal,Staging,-1.5670582502354382,0.01658009716081244,14.380753629510174,66.18485315885414,0,0,1,0,Weekend,1,0,0.03406662440729411
CHG001551,Low,Normal,Staging,-0.724342519408201,0.08743216763454385,12.269278452353895,81.67806432924462,1,1,1,0,OffHours,1,0,0.03824771452361408
CHG001552,Medium,Standard,QA,-0.5817213492022466,0.07818967998140776,11.99383934378189,64.65845722658686,0,1,3,0,OffHours,1,0,0.030325653539511395
CHG001553,Medium,Normal,Dev,-0.365469594114225,0.07225826183362613,22.027123873008982,63.68693979682541,0,0,2,0,BusinessHours,0,0,0.04979531364579245
CHG001554,High,Normal,Production,-1.3759135886015514,0.05768754037955329,13.699644369948679,69.43739171716835,0,0,1,1,OffHours,1,0,0.18214185060465474
CHG001555,Low,Emergency,QA,-0.6283711081194786,0.03606010608643403,24.791660614304206,56.81492567570421,0,0,2,0,OffHours,1,1,0.12737163945669888
CHG001556,High,Normal,Staging,-0.7286104852595274,0.01,32.19292347206024,81.0643887382109,1,0,3,0,BusinessHours,0,0,0.029095432427837197
CHG001557,Medium,Normal,Staging,0.7715332597619193,0.12749653738687272,9.433142775905326,52.434551829698144,0,0,3,0,BusinessHours,0,0,0.15008419966125364
CHG001558,Medium,Normal,QA,0.8091213109902438,0.13960886368943512,14.06871427399628,38.42918001111907,0,0,3,0,BusinessHours,0,1,0.2440885205745272
CHG001559,Low,Emergency,Staging,-0.145810458088816,0.08952000509261568,12.626580660070758,51.79241625325995,0,0,1,0,Weekend,1,0,0.1450413345327448
CHG001560,Medium,Standard,Staging,-0.3920397958707315,0.06717322213897163,30.731815313366482,73.56393188828412,0,0,1,0,Weekend,1,0,0.07802741404532716
CHG001561,High,Standard,Staging,0.1399243120391134,0.13132574068093122,3.8758815068761208,34.870432500291095,0,1,3,0,BusinessHours,0,1,0.2540366455326963
CHG001562,Medium,Normal,Staging,-0.8165751074555749,0.03771009830731043,17.116870075625034,81.74543823929898,1,0,1,0,OffHours,1,0,0.01503114747776163
CHG001563,Medium,Normal,QA,-1.146832082167441,0.05524275237001631,27.593683316842714,85.18388374345196,1,1,1,0,BusinessHours,0,0,0.01347221981326439
CHG001564,Low,Standard,QA,-0.9402212089257169,0.013331048351086833,26.46191639859046,99.11168503293663,1,0,1,0,Weekend,1,0,0.006532793845379812
CHG001565,Medium,Standard,Staging,-0.6348131639714567,0.08901866030444093,16.619124480845535,78.26784756498778,0,0,2,0,BusinessHours,0,0,0.029511335296044147
CHG001566,High,Normal,Staging,-1.163473799792271,0.01,23.568535044117244,60.84244748437646,0,0,2,0,BusinessHours,0,0,0.021142865551129746
CHG001567,Medium,Normal,QA,0.16205955906287475,0.1813323586569207,12.627925579825261,64.39793699699744,0,0,1,0,Weekend,1,0,0.2769674537710579
CHG001568,High,Normal,QA,0.7297156737837084,0.09519380435040535,17.25764401415519,68.168624042854,0,1,3,0,Weekend,1,0,0.1648016800253494
CHG001569,High,Standard,Production,-1.5870983007982418,0.061503197120004655,5.880319111512809,60.64116693155337,0,0,1,1,BusinessHours,0,0,0.1044755328971391
CHG001570,Medium,Standard,Dev,0.02512871121603335,0.07826403309796048,11.933231546806377,58.99043646710326,0,1,3,0,BusinessHours,0,0,0.0485466377330751
CHG001571,Medium,Normal,Production,-0.21993579526633558,0.0397642810020354,30.282248524156373,81.32741774622922,1,1,2,0,OffHours,1,0,0.0278088119440882
CHG001572,Medium,Standard,Staging,0.3415086855368029,0.06867808658087228,38.51948821672087,94.1274899950568,1,0,2,0,BusinessHours,0,0,0.01742408202971287
CHG001573,Medium,Normal,Dev,-0.012938768103588062,0.11457810171685073,12.481328343921797,53.99638083472686,0,0,1,0,OffHours,1,1,0.21889816454026712
CHG001574,Low,Normal,Staging,-1.4535992799316308,0.055065967431557505,13.517949387161547,84.11592127057187,1,0,1,0,Weekend,1,0,0.03109530136291654
CHG001575,High,Standard,QA,-1.2623892988571654,0.023316653978386462,18.248309172321484,78.36131617138696,0,0,2,0,BusinessHours,0,0,0.04170444169475138
CHG001576,Critical,Normal,Production,0.029423575584972723,0.02261149094933043,28.533394789664356,71.25698125223506,0,1,4,1,BusinessHours,0,1,0.17212844784460016
CHG001577,Medium,Standard,Production,1.0287809197455093,0.1864797273467002,14.321852326130731,60.41671452903775,0,1,3,0,BusinessHours,0,1,0.45082085062640415
CHG001578,Critical,Normal,Production,-2.214187371043003,0.04013527409443641,1.6529562935834026,61.51543095400646,0,0,2,1,Weekend,1,0,0.11148146048373395
CHG001579,Critical,Normal,Staging,0.34572657980157995,0.06954799963829097,29.487556859819122,68.4264471722417,0,1,4,0,OffHours,1,0,0.1754582750580456
CHG001580,Medium,Normal,Production,1.1896220052876432,0.17784480663020535,2.843799761569953,42.16597731497782,0,1,4,0,BusinessHours,0,1,0.6001048861844398
CHG001581,High,Normal,Staging,-0.1530258762062131,0.09541452183948992,8.30448659568442,45.01358567542636,0,1,4,0,Weekend,1,1,0.18255934507708443
CHG001582,Medium,Standard,Production,0.5502024960264408,0.08085468764073347,12.18556089616717,76.52402271721945,0,1,3,0,Weekend,1,0,0.12745629918197654
CHG001583,Low,Normal,Dev,-0.7030690808978022,0.04691215385732959,29.996200890955954,83.48242055473428,1,0,1,0,Weekend,1,0,0.01854093125504719
CHG001584,Low,Standard,Production,-0.11936619927687682,0.10324963527437897,26.13304194417909,65.36945578022625,0,0,1,0,BusinessHours,0,0,0.06441268768003984
CHG001585,Medium,Emergency,Staging,-1.6209135183081516,0.06733756373136097,14.228533661117305,62.27046318086659,0,0,1,0,OffHours,1,0,0.13529264492827078
CHG001586,High,Standard,QA,-2.344343308418874,0.01,25.69584363282633,89.66940539987495,1,0,2,0,BusinessHours,0,0,0.003897021928160182
CHG001587,Medium,Normal,Production,0.9427658012252752,0.11238936291737035,13.36985263861233,67.94277398076946,0,1,4,0,BusinessHours,0,0,0.149662054049519
CHG001588,High,Standard,Staging,-0.9849949277244419,0.06516400354766151,18.63407175297222,68.9855846385489,0,0,3,0,OffHours,1,0,0.13741323569049457
CHG001589,Medium,Standard,Production,-0.4555278450034305,0.05264222875649277,20.159880755939774,60.8982789191995,0,1,1,0,BusinessHours,0,0,0.035530915098967046
CHG001590,Medium,Standard,Dev,-1.3864422532701932,0.01,15.303965938406476,72.5687663015775,0,0,1,0,BusinessHours,0,0,0.012210398546957804
CHG001591,Medium,Standard,Staging,-1.4099697030838758,0.01,34.76960172036833,88.16192584775483,1,0,1,0,BusinessHours,0,0,0.00344584047617291
CHG001592,Medium,Standard,Production,-0.17383770009461635,0.043306580780982526,19.34341056602075,60.70384944420359,0,0,1,0,BusinessHours,0,0,0.051668603981613624
CHG001593,Low,Standard,Dev,-0.7295771941356465,0.021702199377749636,32.503938247993474,83.3384003299896,1,0,1,0,BusinessHours,0,0,0.004179247391898894
CHG001594,Low,Normal,Production,0.37797099799469847,0.0941868716606605,9.701109464348118,48.18578505369981,0,1,2,0,Weekend,1,0,0.2020670531888408
CHG001595,Low,Normal,Staging,0.4525384189795919,0.14123327693294416,17.491882591949242,46.25835523083197,0,1,2,0,BusinessHours,0,0,0.08644921434465094
CHG001596,Low,Standard,QA,0.32084964632460716,0.09344625236436883,14.851797688560534,99.10312733333257,1,0,3,0,BusinessHours,0,0,0.03937476467078679
CHG001597,Low,Emergency,Staging,0.2386007909284437,0.11561079444958189,7.022922862970933,75.36440206097505,0,0,1,0,OffHours,1,0,0.22550654216690724
CHG001598,Medium,Normal,Dev,1.5777682049318862,0.15927501338587355,16.91660686725173,47.04902014816368,0,0,3,0,OffHours,1,1,0.6221743104251017
CHG001599,Medium,Standard,Production,-1.067593769044886,0.01,35.38214095800512,92.61448074597325,1,1,1,0,BusinessHours,0,0,0.009177163853357699
CHG001600,Medium,Standard,Production,-0.05493486620291775,0.07786269184627692,24.457896268338235,83.8743168441854,1,1,2,0,OffHours,1,0,0.01949824259315383
CHG001601,High,Normal,Staging,1.1326898205195888,0.1219577783661183,18.926702336599348,52.89341067249098,0,1,4,0,Weekend,1,0,0.3432345893619412
CHG001602,Medium,Normal,Staging,1.2645398093380364,0.07997226789567191,27.324574949511373,62.76872510467183,0,1,3,0,OffHours,1,0,0.14440138670617395
CHG001603,Critical,Normal,QA,-1.4217636493445729,0.01,24.135640564696903,74.78835809079247,0,0,2,0,BusinessHours,0,0,0.045125981255305654
CHG001604,Medium,Normal,QA,-0.3123554416558699,0.06304511652578937,34.38661634512409,87.60568431658596,1,1,1,0,OffHours,1,0,0.023267574383770372
CHG001605,Low,Emergency,Production,1.3581210958672605,0.18986646840549645,11.329533712396112,49.95807769333193,0,1,3,1,OffHours,1,1,0.6300762538464934
CHG001606,High,Normal,QA,0.5080791051990653,0.0894429747445593,17.046425776975497,78.65876619033153,0,1,3,0,BusinessHours,0,0,0.1323355965154317
CHG001607,High,Emergency,QA,0.19526303147977275,0.07691730307238552,21.67527259495229,56.22360888992627,0,1,5,0,OffHours,1,0,0.2531254320412792
CHG001608,Medium,Normal,QA,-0.21768469343465674,0.06604366580011684,22.839396760024513,97.12063186181254,1,1,1,0,BusinessHours,0,0,0.009253425849933146
CHG001609,Medium,Normal,Staging,-0.38380092570774543,0.10981950191100895,9.644729195956925,62.755130880294956,0,0,3,0,BusinessHours,0,0,0.1109151329948898
CHG001610,Medium,Normal,Production,0.2882190630903242,0.16515069345664946,6.0992559086392095,69.75789822383125,0,0,2,0,BusinessHours,0,1,0.6814284124292206
CHG001611,Medium,Normal,Dev,-0.25237412498448336,0.11344079483984479,14.017204697412192,53.8874984237289,0,0,2,0,BusinessHours,0,0,0.181729878729081
CHG001612,High,Standard,QA,-0.04257862104444418,0.09759695606050925,10.203518447040318,49.34400934154948,0,0,3,0,BusinessHours,0,0,0.13423927807024108
CHG001613,Medium,Standard,Dev,0.07859870611503737,0.1242874861164323,17.092746461101626,89.15209625385563,1,0,3,0,Weekend,1,0,0.023583076501129095
CHG001614,Low,Standard,Dev,-0.6780715284934992,0.01,37.25818990894358,90.13533455619532,1,1,2,0,BusinessHours,0,0,0.0014416620938669134
CHG001615,Low,Standard,QA,0.5321293738814383,0.07042831357023852,16.842848597391573,71.0516601366131,0,0,3,0,BusinessHours,0,0,0.04491102989075941
CHG001616,Low,Emergency,Production,2.9142446484154196,0.1839944108773768,16.887576271337316,27.930939616003478,0,1,4,1,OffHours,1,0,0.7250218377603317
CHG001617,Medium,Normal,Staging,-1.7769866393260751,0.02644275570469503,33.048417876413644,68.84736512714275,0,0,2,0,OffHours,1,0,0.02642850185326285
CHG001618,Medium,Standard,Dev,0.3240125241899799,0.0547966450614851,27.17804762633214,61.13416338632862,0,1,3,0,OffHours,1,0,0.016865104688116774
CHG001619,High,Standard,Staging,-0.7601900886189056,0.07354062679445489,20.69258532315229,68.6133149548014,0,1,1,0,Weekend,1,0,0.09511311426060151
CHG001620,Low,Standard,Production,0.57740257751925,0.10974147579648323,26.380064689355716,57.596384892269036,0,1,2,0,OffHours,1,0,0.15010375712980858
CHG001621,Medium,Normal,QA,0.04655747332786092,0.11457478505507712,6.743447891693112,33.71577363806607,0,0,2,0,OffHours,1,0,0.2005535382871427
CHG001622,Low,Emergency,QA,0.7618547740424635,0.0700549409885667,32.683074828547184,79.16261470771613,0,0,2,0,BusinessHours,0,0,0.10968416142743889
CHG001623,Medium,Standard,Production,1.1755065765087795,0.135843309248878,33.43409360486953,53.30690230986518,0,1,4,0,OffHours,1,0,0.22903788043741552
CHG001624,Medium,Standard,Dev,0.19242111776818133,0.08951083061206447,16.637437314341348,73.3688818286156,0,0,2,0,OffHours,1,0,0.06443332339691518
CHG001625,Medium,Emergency,Production,1.1320522884141782,0.12574661802749826,30.911953370409925,36.674619834390626,0,0,2,1,BusinessHours,0,1,0.5478537695866186
CHG001626,Critical,Normal,Production,-2.3442978937886774,0.01,20.892748021597303,89.18004861550385,1,0,3,1,BusinessHours,0,0,0.01514407824704638
CHG001627,Critical,Normal,Production,1.5904522979160232,0.15567079786094207,26.97973408583447,62.1890849424024,0,0,4,1,BusinessHours,0,1,0.47825032302298576
CHG001628,High,Standard,Dev,0.3750621518923401,0.10712602751226281,15.807604967833411,68.27035950543485,0,1,2,0,BusinessHours,0,0,0.13091846688266895
CHG001629,High,Standard,Dev,1.0778433557451819,0.16412680746069513,13.128410177085401,48.581809482925095,0,1,3,0,BusinessHours,0,0,0.18875513411437092
CHG001630,Medium,Normal,Production,-1.2198757448415216,0.02093964881811777,25.911898651692887,83.24326619795828,1,0,1,0,OffHours,1,0,0.018450931657672417
CHG001631,Medium,Standard,Staging,-0.8307698816053357,0.048634050444047,16.578273452540735,77.25113912630287,0,0,1,0,OffHours,1,0,0.0686377881610998
CHG001632,Medium,Normal,QA,0.14593829414477413,0.0945160628472189,15.947094280050202,58.881034992630774,0,1,1,0,BusinessHours,0,0,0.09914832557482237
CHG001633,High,Normal,Staging,-0.017037889337463016,0.15386882135030716,11.737469055195199,42.41925132125103,0,0,2,0,BusinessHours,0,0,0.36404776110637493
CHG001634,Low,Standard,Dev,0.2830685880099896,0.05759191400581014,11.582454395685069,55.78413181823515,0,0,1,0,BusinessHours,0,0,0.027657024389701572
CHG001635,Low,Normal,Staging,1.0845151609299661,0.11626698758864407,14.556931562552382,50.50456755254122,0,0,1,0,OffHours,1,0,0.25026020029098617
CHG001636,Low,Normal,Production,-1.7652203153028492,0.01976079872714633,21.04002851333087,77.18292943299491,0,0,1,0,BusinessHours,0,0,0.026140697303712875
CHG001637,Medium,Emergency,Staging,0.9738190717173091,0.10026111361242947,26.547817527789174,67.70940754597754,0,1,5,0,Weekend,1,0,0.2666686253352435
CHG001638,Medium,Standard,Staging,0.008281909957927018,0.06770484197151931,27.77015664388714,81.059549778567,1,0,2,0,BusinessHours,0,0,0.013986031022617642
CHG001639,Low,Normal,Production,-0.20378186112454774,0.04967205263458574,26.991876526452153,61.74844810494757,0,0,1,0,OffHours,1,0,0.0618241601227491
CHG001640,Medium,Standard,Staging,-1.4711152343848903,0.01,26.433538621206434,100.0,1,0,1,0,BusinessHours,0,0,0.011216798263097455
CHG001641,Medium,Emergency,Dev,0.503048668376865,0.10969861779971193,22.863629866838206,48.3449626007059,0,1,4,0,OffHours,1,0,0.24409991193745956
CHG001642,High,Normal,Staging,-2.414107851031037,0.01,8.332873293172517,88.41130240866184,1,0,3,0,BusinessHours,0,0,0.020346071424650773
CHG001643,Low,Standard,Dev,0.6483940112387127,0.11143675498475186,9.101304919186342,41.23759628433387,0,0,2,0,OffHours,1,0,0.2360446731544455
CHG001644,Low,Normal,QA,-1.492105835472992,0.04163231038509557,14.882602528651606,67.35791110092367,0,0,1,0,Weekend,1,0,0.02191222005319773
CHG001645,Medium,Normal,Staging,0.053457912617474034,0.04628063693272044,21.136149239600662,77.1651487731924,0,0,3,0,Weekend,1,0,0.14275055434482564
CHG001646,Medium,Normal,QA,-0.11916883732792043,0.08538261052386079,3.161517270035059,49.90287909602045,0,1,2,0,Weekend,1,0,0.1252451191922811
CHG001647,High,Standard,Dev,1.1695381472938837,0.13368391743868518,14.481489266416558,56.978150263212946,0,0,3,0,BusinessHours,0,1,0.16926021456865784
CHG001648,Medium,Normal,Staging,-0.17865516901389017,0.12561124429096893,12.193044196252073,65.32197358238987,0,0,1,0,BusinessHours,0,0,0.1087840142468161
CHG001649,Critical,Normal,QA,-0.6941385611456656,0.14905253673002078,11.777768479944683,46.65092366208066,0,0,2,0,Weekend,1,1,0.3806146034783872
CHG001650,Medium,Standard,Staging,-0.506602695971203,0.026588628967126892,24.46004923576995,53.45828613746508,0,1,2,0,Weekend,1,0,0.028632061848553887
CHG001651,Medium,Standard,QA,1.2728827687546636,0.1278452560067597,12.870232766780642,62.38464907976314,0,1,3,0,BusinessHours,0,0,0.13722707565966993
CHG001652,Critical,Normal,Staging,0.5362969691808936,0.13700855938115622,15.94707300855605,89.21097958985234,1,1,3,0,BusinessHours,0,0,0.22833578640014712
CHG001653,Low,Normal,Production,-0.3856299815231613,0.13478959127456974,9.608868009954474,65.93450401158826,0,0,1,0,BusinessHours,0,0,0.18181868514684243
CHG001654,High,Normal,Dev,-0.23644641996451343,0.08850595981472559,27.788780140610598,77.66178764215972,0,0,5,0,BusinessHours,0,0,0.08637032233209792
CHG001655,Low,Normal,Production,-1.567177090585447,0.01,29.892632923619445,76.55290421759891,0,0,1,0,BusinessHours,0,0,0.009880958451029778
CHG001656,Medium,Standard,Dev,0.388474200851541,0.10482100011499995,11.199329815007758,76.70678603608228,0,1,2,0,OffHours,1,0,0.08497279848377824
CHG001657,Low,Normal,QA,-1.7598157076954657,0.033081618594967305,25.37847437631409,73.04838901307903,0,0,1,0,BusinessHours,0,0,0.01949006979519458
CHG001658,Medium,Normal,QA,0.7517964658354561,0.0963171264854733,34.759359383047254,80.45165901078366,1,1,5,0,BusinessHours,0,0,0.02651992929783495
CHG001659,High,Standard,QA,0.12862159249126584,0.1512954733073142,1.0,58.58547926407853,0,1,2,0,BusinessHours,0,0,0.10630011344587298
CHG001660,Low,Emergency,Dev,2.3869517995739225,0.10749704101539446,37.71346713650964,57.25282925156518,0,1,3,0,BusinessHours,0,0,0.1385933227893191
CHG001661,Low,Normal,Production,-1.1001355537243058,0.01,37.91945553082849,98.02946065331855,1,0,1,0,OffHours,1,0,0.006126150504728377
CHG001662,Medium,Standard,Production,-0.10266209104063294,0.175670658338517,1.4446203983916668,53.614155567884325,0,0,2,0,BusinessHours,0,1,0.3631662048253731
CHG001663,Medium,Emergency,Production,1.7982877009230627,0.13621620339141452,14.841531909867722,43.33185852627548,0,1,5,1,Weekend,1,1,0.6360800366099943
CHG001664,Medium,Emergency,Production,1.1913896402914144,0.17582871454995452,18.60763475730261,52.06741040304833,0,1,4,1,BusinessHours,0,0,0.5247080235457995
CHG001665,Critical,Normal,QA,-0.6962120515798997,0.0799338613432394,23.85658326159829,60.0037088551104,0,1,2,0,OffHours,1,1,0.11320644820040462
CHG001666,Low,Standard,Dev,0.22396742837344774,0.08667101923278184,11.916205749360817,57.413720639804374,0,0,2,0,BusinessHours,0,0,0.05738916809862551
CHG001667,Medium,Standard,Dev,0.001999356415087233,0.07422539786941168,26.832573521424745,88.28337960038124,1,0,2,0,OffHours,1,0,0.011440861124437936
CHG001668,Medium,Normal,Staging,0.2819558673941572,0.11091760501449502,25.179265767842168,64.03123995274781,0,1,2,0,OffHours,1,0,0.08065943400870908
CHG001669,Medium,Emergency,Production,-0.6986804359848298,0.09640305204207955,7.70592929561656,50.30181511997267,0,0,2,1,BusinessHours,0,0,0.29215750455555156
CHG001670,Medium,Standard,QA,-0.08932040270073452,0.11311219981963795,15.278385653048502,76.92769962858075,0,1,2,0,OffHours,1,0,0.040386974520044944
CHG001671,High,Normal,Dev,-1.5980523752767137,0.01,27.426963927511824,91.43708408737808,1,0,3,0,OffHours,1,0,0.010170913674677482
CHG001672,Medium,Standard,QA,0.13512345186808206,0.1275470042241399,9.726783727580674,40.03513063053005,0,1,3,0,BusinessHours,0,0,0.12698359148039615
CHG001673,High,Normal,Production,0.45002067342183205,0.09461327250276902,1.0,58.63537715937856,0,1,4,1,BusinessHours,0,1,0.3157127128869037
CHG001674,Medium,Normal,Staging,-0.227419412643884,0.033437393400672574,34.34084436955508,82.41660710312279,1,1,1,0,BusinessHours,0,0,0.0047655850234498654
CHG001675,Medium,Standard,Production,-1.6150508905847878,0.05506249311966535,23.592788905546872,81.96623894191069,1,0,1,0,OffHours,1,0,0.033989939024185824
CHG001676,High,Normal,Staging,0.9885318628514624,0.15078255021733872,29.215617803482964,56.25873210309158,0,1,4,0,BusinessHours,0,1,0.2537167711198496
CHG001677,High,Normal,QA,0.3645250379928023,0.08778125555108868,13.632204694672405,64.87084261989312,0,1,4,0,OffHours,1,0,0.11593308108062635
CHG001678,Critical,Normal,QA,-0.7260150977009768,0.05375767268539898,19.818192979742264,52.67274440430411,0,1,5,0,Weekend,1,0,0.051712671482120394
CHG001679,Medium,Normal,Production,-0.28060044683806395,0.03596727036250523,31.89225960039251,68.91511111738639,0,1,2,0,OffHours,1,0,0.03554729337606702
CHG001680,Critical,Standard,Production,-1.5006694027818388,0.01,33.64897284000304,89.94610610217026,1,0,1,1,BusinessHours,0,0,0.01481580554490679
CHG001681,High,Standard,QA,-1.0254101277779044,0.10565383785436466,12.063547332018295,94.03196116200509,1,1,3,0,BusinessHours,0,0,0.022892072756282054
CHG001682,High,Normal,QA,-0.5378113463571395,0.1092720631766297,16.247438246890205,64.0209303757794,0,0,3,0,BusinessHours,0,0,0.134501697722134
CHG001683,Medium,Normal,Dev,1.2284208122801512,0.10714554027643285,21.80169058187561,44.06622370261147,0,1,3,0,BusinessHours,0,1,0.21904552396305757
CHG001684,Critical,Standard,Dev,-0.6395033908874757,0.07415647675989702,11.25731348260864,69.8633174273817,0,0,3,0,BusinessHours,0,0,0.09666860044221899
CHG001685,Medium,Emergency,Dev,0.6402136593287587,0.14192294719098175,1.4801506955175974,27.1035404082144,0,0,3,0,BusinessHours,0,1,0.5269655532331807
CHG001686,High,Standard,Dev,-0.5383162028615798,0.01,23.073861638964015,90.03979683570803,1,0,2,0,Weekend,1,0,0.02537392121472438
CHG001687,Medium,Standard,Staging,0.24794756085187486,0.1298385846818522,8.699562082273118,55.98913326588864,0,1,3,0,OffHours,1,1,0.21210288958957163
CHG001688,High,Normal,Production,-0.14139550214380217,0.028238518988526022,28.554877532258043,89.22277136315513,1,1,3,1,BusinessHours,0,0,0.016834004448637644
CHG001689,High,Emergency,Production,0.8730566000927434,0.08837955750815626,31.75523642844875,58.918515710407696,0,1,2,1,BusinessHours,0,0,0.21110071561153504
CHG001690,Low,Normal,Production,-0.5348113382185579,0.06968953487103276,21.216423389077466,81.2442424964334,1,0,1,0,OffHours,1,0,0.06100292938326146
CHG001691,Medium,Standard,Production,-1.572528250002441,0.019500077322097208,24.19076286628075,61.16988966564301,0,0,1,0,BusinessHours,0,0,0.037953882001713554
CHG001692,Medium,Standard,Production,-1.3819490313636327,0.07185664272898373,16.243312614178482,67.72569731946056,0,0,1,0,BusinessHours,0,0,0.1906773048440115
CHG001693,High,Standard,QA,-0.5318774939427574,0.06043375754177216,26.24860218761759,80.0958177535842,1,0,3,0,Weekend,1,0,0.023340438030958668
CHG001694,High,Normal,Dev,-1.2490599706780527,0.027255226975104088,12.633078331970822,68.28492228963584,0,0,1,0,OffHours,1,0,0.06556408686974391
CHG001695,High,Normal,Dev,0.4102120156795513,0.13299627287708632,12.244427184717187,58.4217771661552,0,1,4,0,Weekend,1,0,0.22708297119359763
CHG001696,High,Standard,Production,-0.4657681648580778,0.06723460499182246,10.12876777829531,70.81132867915807,0,0,3,1,OffHours,1,0,0.16727265448336784
CHG001697,Medium,Normal,Dev,2.3746065500264315,0.20203036992999354,4.7148298970661475,55.32891186177886,0,1,5,0,OffHours,1,0,0.46823272343276645
CHG001698,Low,Normal,QA,-1.737714595137132,0.025362459819910622,20.614785592484,84.08391758160636,1,0,1,0,OffHours,1,0,0.026470225714308373
CHG001699,Medium,Standard,Staging,0.20363317870980122,0.04737417274418463,32.688989516501735,74.73383135744521,0,0,1,0,BusinessHours,0,0,0.05124387664513515
CHG001700,High,Standard,Staging,-1.127953023505669,0.05168243604047491,14.078186364213343,79.08003482064356,0,0,2,0,BusinessHours,0,0,0.0657225402732274
CHG001701,Medium,Normal,Staging,-0.4934013403826786,0.0411833105622546,31.923655948808438,64.85575041259952,0,0,1,0,BusinessHours,0,0,0.02378450891521003
CHG001702,High,Standard,Production,0.14141947334054417,0.09152154555415669,2.690171907223288,45.56430776509977,0,1,4,1,OffHours,1,0,0.2587131978947169
CHG001703,Critical,Standard,Staging,-2.325371374874287,0.01,38.75806733595202,78.28787415213634,0,0,2,0,BusinessHours,0,0,0.004122906675111919
CHG001704,Medium,Standard,Production,0.23682611678802748,0.14479728926338223,14.330565681371295,62.57303931256838,0,0,2,0,OffHours,1,0,0.2789456015595274
CHG001705,High,Normal,Dev,1.9029074622741677,0.1677234385171129,21.447761882941887,54.73541468400617,0,1,5,0,BusinessHours,0,0,0.48084686931792575
CHG001706,Medium,Normal,Production,-0.45343829836859284,0.11598851649555679,16.054312172699557,81.81967443695935,1,0,2,0,Weekend,1,0,0.12363530957890877
CHG001707,Medium,Normal,Staging,0.2598078568055095,0.11947448735986047,14.902317033789371,64.73542827211666,0,1,3,0,BusinessHours,0,0,0.10160934539476002
CHG001708,Low,Standard,QA,1.0249216931253993,0.10463862490910344,20.84444343428726,54.8297096436925,0,0,2,0,BusinessHours,0,0,0.0749346658940022
CHG001709,Low,Normal,Production,-0.16395350002699655,0.019112464913698043,33.26213514457276,78.41842532228739,0,1,1,0,BusinessHours,0,0,0.05451685030782919
CHG001710,Low,Standard,Production,-0.5809601885314832,0.029099200253690106,26.831573077678303,55.47629766171822,0,0,1,0,BusinessHours,0,0,0.024685183590821298
CHG001711,Medium,Normal,Production,-2.2757364037217522,0.014749872225147224,14.641344129785303,75.47318159667607,0,0,1,0,BusinessHours,0,0,0.024320694094186225
CHG001712,Low,Emergency,Production,0.6409907193949733,0.10018198059086789,30.063270604920373,22.996627621017442,0,1,1,1,BusinessHours,0,0,0.20076281130763868
CHG001713,Medium,Normal,QA,-0.11316840972889723,0.0840790676360036,13.502990043578542,64.37304983182905,0,1,2,0,OffHours,1,0,0.13921456098974
CHG001714,Medium,Standard,QA,-1.0126838513881617,0.045154702001585466,1.0,62.80903730789981,0,0,2,0,BusinessHours,0,0,0.05883744976187096
CHG001715,Medium,Normal,Dev,0.12659671027769356,0.12316103329058727,8.15230053711063,54.37581190861114,0,0,3,0,Weekend,1,0,0.29779365461540735
CHG001716,High,Standard,Production,-0.5836803568061814,0.0401736607816452,11.492154803724395,55.42741935833684,0,0,1,1,BusinessHours,0,0,0.13598216743102942
CHG001717,Medium,Standard,Production,-0.5284261311155256,0.041943932035780396,21.300746545392006,62.94836999310556,0,1,2,0,BusinessHours,0,0,0.02016942434740832
CHG001718,Low,Emergency,Production,0.6062911561087082,0.11297129161935622,1.0,45.078361323536996,0,0,3,1,Weekend,1,1,0.7058816957942782
CHG001719,Critical,Standard,Production,-1.3383824113238445,0.04451568521689411,21.797328515818418,58.14974429828316,0,0,3,1,OffHours,1,1,0.10331202668673586
CHG001720,High,Standard,Staging,1.0473152860737585,0.09949279188988835,30.647868360732023,73.30190586037615,0,1,2,0,BusinessHours,0,0,0.07398550066305883
CHG001721,Medium,Normal,Dev,-1.3976861631184037,0.01,26.59672575066559,74.30020246502258,0,0,1,0,BusinessHours,0,0,0.008511210589970113
CHG001722,High,Normal,Dev,-0.6627014083552638,0.1076766465987854,16.066620594656335,46.03329178713517,0,0,2,0,BusinessHours,0,0,0.1639933096474952
CHG001723,Low,Normal,Staging,1.9229461940665773,0.22577177008547214,8.44173248680452,54.55444669187685,0,0,3,0,OffHours,1,1,0.5676376172614016
CHG001724,High,Standard,Production,1.1273547616424222,0.1208949955746963,23.005092276731098,75.15014312825183,0,0,2,1,OffHours,1,0,0.26666080647867857
CHG001725,Low,Normal,Dev,0.09760399249544019,0.1511627199877983,1.0,41.52355548939812,0,1,1,0,Weekend,1,0,0.21104980267047585
CHG001726,Medium,Standard,Production,-0.9405302155012165,0.01,28.77966184404354,73.7040217887766,0,0,1,0,BusinessHours,0,0,0.03537722274764936
CHG001727,Low,Emergency,Staging,-0.5292723066998932,0.07648655295570125,20.007180695077512,54.72857066410967,0,0,1,0,BusinessHours,0,0,0.1523982363652544
CHG001728,High,Standard,QA,0.0732753145856964,0.02516746614822009,35.74025404956269,67.51211610903479,0,1,4,0,BusinessHours,0,0,0.02334152876852745
CHG001729,Low,Standard,Production,0.03752323233959842,0.1442744978940269,11.818674008122734,45.004887504601086,0,0,2,0,Weekend,1,0,0.34992987378734425
CHG001730,Medium,Normal,Staging,-0.09087092962596285,0.06126984833538342,24.611721934043977,77.55472247377253,0,1,2,0,Weekend,1,0,0.03307841710674034
CHG001731,Low,Standard,Production,-0.03083251408418433,0.07719037958485568,20.386558775818262,89.4298236918557,1,1,1,0,BusinessHours,0,0,0.017168993170413253
CHG001732,High,Normal,QA,-0.2143751097051141,0.10327222786841764,29.58210612970624,60.141129574830785,0,0,3,0,BusinessHours,0,1,0.1286666904042466
CHG001733,Medium,Standard,QA,-1.4419787356400129,0.05884512939131555,8.836484143265832,79.22417593056522,0,0,1,0,OffHours,1,0,0.07563420352863509
CHG001734,Medium,Standard,Dev,-0.5165107421608328,0.0418939040851217,24.7550847900869,77.53702408628656,0,0,1,0,BusinessHours,0,0,0.029644521050387333
CHG001735,Medium,Standard,Staging,0.9146240539868465,0.07675034860968079,19.09216816965773,42.34914636216444,0,1,2,0,Weekend,1,0,0.0697286128148415
CHG001736,High,Standard,Production,-1.3683342975511175,0.01,30.714970000026607,88.14933603798283,1,1,3,1,OffHours,1,0,0.00456734158237732
CHG001737,Low,Standard,Production,-0.18955551153927852,0.08534024077211935,27.53257154454004,71.77217045560637,0,0,2,0,OffHours,1,0,0.06564196156958475
CHG001738,Critical,Standard,Production,-0.819753928770844,0.04701897134043391,17.916105544081216,84.97522000445792,1,1,3,1,OffHours,1,0,0.0707656663068153
CHG001739,Medium,Standard,Dev,0.11135042939811132,0.12332414189193196,15.214915344393432,75.14399908964826,0,0,4,0,BusinessHours,0,0,0.06305666977292045
CHG001740,Low,Normal,Production,-0.38863318106681816,0.09641959271810752,10.683438400616271,63.05122172683855,0,0,3,0,BusinessHours,0,1,0.15589779441420204
CHG001741,Low,Normal,Dev,1.477393664974669,0.050620986199483825,35.806284834538324,78.06453134898504,0,1,4,0,Weekend,1,0,0.07473988409331267
CHG001742,Low,Standard,Dev,0.5065831541902538,0.13478796316168298,8.77789094334924,53.74379397634389,0,0,1,0,BusinessHours,0,0,0.07342372867507195
CHG001743,Medium,Standard,Production,-1.3118031657772113,0.01,34.286422128859,99.288306912401,1,0,2,0,BusinessHours,0,0,0.004763094088089657
CHG001744,Medium,Standard,Production,0.6712280116136986,0.09747778356551273,24.267341490416964,64.50972978235733,0,1,3,0,OffHours,1,0,0.08884395733088539
CHG001745,High,Standard,Production,-0.774651856262063,0.058911218553136094,23.263700702167302,86.67863053473916,1,0,2,1,BusinessHours,0,0,0.04412328983627601
CHG001746,Medium,Normal,Production,-0.5769963713775336,0.07081816220546937,15.73345948940073,81.8608170358424,1,0,1,0,OffHours,1,0,0.07817920432245896
CHG001747,Low,Standard,QA,0.3138190201071218,0.07929855033230727,20.520231606219916,75.71156760010547,0,0,2,0,OffHours,1,0,0.08263097466415643
CHG001748,Medium,Emergency,Dev,-0.49174741973013475,0.04343542761975718,13.800469056642493,49.92662963062441,0,1,2,0,BusinessHours,0,0,0.05164038357793883
CHG001749,Low,Normal,Dev,0.8928558163229553,0.14092713861414174,18.649652670277607,50.2261333591058,0,1,4,0,BusinessHours,0,0,0.09874432694754513
CHG001750,Low,Standard,Staging,-0.7745100615133954,0.024345773664212745,28.057296660531037,85.09517774740645,1,0,1,0,BusinessHours,0,0,0.009815871026902364
CHG001751,Medium,Standard,Staging,-0.6189465525913632,0.019592729026968764,18.200371745712616,79.66529250087876,0,0,2,0,BusinessHours,0,0,0.04214130760848926
CHG001752,Low,Standard,Dev,-0.6563708935481088,0.09424009619447904,13.539254148309748,66.56330538287973,0,0,1,0,BusinessHours,0,0,0.02432926687193624
CHG001753,Low,Standard,Staging,-0.5656387483550389,0.06203930386062918,21.19756056337694,69.97640386658435,0,0,1,0,Weekend,1,0,0.02752576328663444
CHG001754,Critical,Normal,Staging,1.099191555547813,0.15550968100193893,22.003423513662785,58.055233327768136,0,0,3,0,Weekend,1,1,0.43032332585943533
CHG001755,Medium,Standard,Production,0.6287962936103031,0.13390101143980246,24.214408030719678,60.05029169491999,0,0,3,0,BusinessHours,0,0,0.1307489421013539
CHG001756,Critical,Standard,QA,1.709943954012071,0.1774842448636636,14.541051970453418,44.86849163142413,0,1,6,0,OffHours,1,1,0.3815913469680629
CHG001757,Medium,Standard,QA,2.2676442038992546,0.21725884965176964,14.657446548124238,61.91539883134004,0,1,6,0,BusinessHours,0,1,0.4731456326617635
CHG001758,High,Normal,Staging,-1.0307170319323398,0.01,37.105688920784615,79.6854098414916,0,1,2,0,BusinessHours,0,0,0.01289703132969535
CHG001759,Medium,Standard,Staging,0.07041912732728889,0.01867851983654666,24.693546549596846,81.3563885354338,1,1,3,0,Weekend,1,0,0.007145921370959007
CHG001760,Low,Emergency,QA,-1.176200316643433,0.01,27.31603207915586,72.43118847518907,0,0,1,0,BusinessHours,0,0,0.020552261524222556
CHG001761,High,Standard,Dev,-0.7776059277482671,0.050989907281208995,12.106332782595473,53.78760672131838,0,1,4,0,Weekend,1,0,0.030797045464840526
CHG001762,Low,Standard,Production,-0.6300825102556694,0.08935112233166571,18.295064239872488,52.80621529015878,0,0,2,0,BusinessHours,0,0,0.1033668360734116
CHG001763,Medium,Normal,Production,-1.0571548741382744,0.01,15.299388864276267,82.16012200249601,1,1,2,0,OffHours,1,0,0.010822431668267329
CHG001764,High,Normal,QA,-1.0518872728984137,0.057851621964268234,18.15508007256894,47.50595066192704,0,0,2,0,Weekend,1,1,0.11018358253697977
CHG001765,Medium,Standard,Staging,-0.14428437852025486,0.10467125200391843,18.49947081342733,83.69125209477444,1,0,2,0,OffHours,1,0,0.0632199483731853
CHG001766,Medium,Normal,Staging,-1.216718418386407,0.01,34.42392027341033,83.50001355227114,1,0,1,0,OffHours,1,0,0.011944749457188271
CHG001767,Medium,Standard,Dev,0.8421269591376328,0.08956276171055266,13.794986019498234,52.61094170416353,0,0,2,0,BusinessHours,0,0,0.0782049031533779
CHG001768,Low,Standard,Dev,-0.9177535374175142,0.01,43.929254232385574,99.3977702707106,1,0,1,0,OffHours,1,0,0.002519043749619274
CHG001769,Critical,Standard,Production,2.809568970096392,0.2259034468495953,14.592667377714074,31.046071610011538,0,1,6,1,BusinessHours,0,1,0.8840494629412026
CHG001770,Low,Normal,Staging,-0.45138445096439517,0.0804562993220016,21.490172134256852,80.05088787087534,1,1,1,0,BusinessHours,0,0,0.011159131876274783
CHG001771,Medium,Normal,Dev,0.07201764191705222,0.0434857969588879,35.26354171638606,72.0504216964981,0,0,2,0,BusinessHours,0,1,0.016800338320561773
CHG001772,Low,Normal,Production,-1.2953411844660352,0.019567968763310625,10.33285179553807,76.1161859351089,0,0,1,0,OffHours,1,0,0.04457139381848231
CHG001773,High,Emergency,Staging,1.7060917581276394,0.19147853466296552,20.254967380304354,51.12497237466254,0,1,6,0,BusinessHours,0,1,0.683484770859288
CHG001774,High,Normal,Staging,1.1195006808029162,0.16668681294590645,3.811791182648686,37.52797187477013,0,1,4,0,BusinessHours,0,1,0.5862161355862587
CHG001775,Medium,Normal,QA,0.29691587073611253,0.02597361256754418,31.99057161554213,76.53389561081104,0,0,3,0,OffHours,1,0,0.08490481254701428
CHG001776,Critical,Standard,Dev,-1.3468025487795656,0.04766563487191067,18.968684957253004,41.38538534679128,0,0,1,0,BusinessHours,0,0,0.05874418707910603
CHG001777,Low,Normal,Dev,0.21066687772462028,0.1239764904499299,18.89021299015914,77.8370623310353,0,0,1,0,OffHours,1,0,0.11722249934179188
CHG001778,High,Normal,Production,-1.121431046017255,0.055781056496782874,4.801712927339988,58.65293560401824,0,0,2,1,Weekend,1,0,0.26553635195194
CHG001779,Low,Standard,Staging,1.4623552634733608,0.09042257443329682,38.700240472738344,63.1715303094585,0,1,3,0,BusinessHours,0,0,0.04968972771301982
CHG001780,Medium,Standard,Production,0.8091947318531727,0.05052430359708038,29.24992976947326,65.43519600655159,0,1,3,0,OffHours,1,0,0.07618649527724917
CHG001781,Low,Normal,Dev,0.09543903848773612,0.06074244468520046,20.21344890591719,52.31711281713229,0,1,3,0,Weekend,1,0,0.04579530977334635
CHG001782,Critical,Standard,Production,-2.4363756632473224,0.01,6.109139497540142,63.792398727725285,0,0,2,1,OffHours,1,0,0.08738508791915511
CHG001783,High,Standard,Staging,-0.9834159786590306,0.01,33.252526085700296,89.87481132961419,1,0,1,0,Weekend,1,0,0.011223350251905068
CHG001784,Medium,Normal,Staging,0.6877611315998724,0.10612291538136025,16.0579833210208,63.75641465807894,0,0,6,0,BusinessHours,0,0,0.3220618903302014
CHG001785,Low,Normal,QA,1.2128836917231558,0.19643715858347244,4.515922252074111,36.937214885454715,0,0,2,0,BusinessHours,0,0,0.31594664999872685
CHG001786,Medium,Standard,Staging,1.1091698114921316,0.17650888151387972,12.603017324982515,50.2845801894613,0,1,4,0,OffHours,1,0,0.3261131135287249
CHG001787,Medium,Standard,Dev,-1.5920130022414554,0.0514088678853971,23.62790447143292,79.90907819554963,0,0,1,0,BusinessHours,0,0,0.013400568049000647
CHG001788,Medium,Emergency,Dev,0.30155230681290407,0.1575326162865761,13.453906659111148,37.866485521910334,0,1,3,0,BusinessHours,0,0,0.21571676971705872
CHG001789,Low,Emergency,Production,1.0155152164829295,0.1171365044575657,19.361599237935188,26.994187182260553,0,0,3,1,BusinessHours,0,0,0.38190526693032856
CHG001790,Medium,Normal,Dev,-1.6583355655822452,0.01,34.78079067253436,83.02702589892952,1,0,1,0,OffHours,1,0,0.009667112314199233
CHG001791,Medium,Standard,Dev,-0.007904515373236347,0.10626219885354482,11.75930994308619,66.81641763303877,0,0,4,0,OffHours,1,0,0.07572710799386165
CHG001792,High,Standard,Production,0.27384239830845625,0.06759723435865601,17.54802999508804,64.59273399654892,0,1,3,1,OffHours,1,0,0.10979146309775606
CHG001793,Medium,Standard,QA,-0.3007645848467349,0.10366119982459025,12.14135197046578,55.23284529720384,0,0,1,0,Weekend,1,0,0.11400951267440014
CHG001794,Medium,Normal,Staging,-1.8521618554012016,0.037504902213777946,22.01062436771024,85.8771110924017,1,0,1,0,BusinessHours,0,0,0.019117577448701926
CHG001795,Medium,Normal,Production,-0.3256981100737287,0.01,33.90408738367463,96.23578465297402,1,0,1,0,OffHours,1,1,0.019344747896667853
CHG001796,Low,Normal,Production,-0.327305430255024,0.07022368187373645,12.112149827811114,55.93547852300766,0,1,1,0,BusinessHours,0,0,0.05727831609577638
CHG001797,Medium,Standard,Dev,-0.1480724045477542,0.05857879323528125,23.10371719201144,65.29949496733092,0,1,1,0,Weekend,1,0,0.026569839647627342
CHG001798,High,Normal,Staging,-0.5634714254250696,0.09389963078564195,7.003883446697103,91.46679202647442,1,0,3,0,Weekend,1,0,0.10823647924155697
CHG001799,Low,Standard,Staging,-0.4430121532414673,0.01,36.36746845867599,82.67525203985255,1,0,1,0,Weekend,1,0,0.010066916679285021
CHG001800,Medium,Standard,QA,-0.0397062823469779,0.08288553127949966,16.40504800762129,46.77552085111557,0,1,2,0,Weekend,1,0,0.0825182296618711
CHG001801,High,Normal,Production,0.4424546049697111,0.06587716018235716,18.881463474584677,63.083107779340665,0,1,5,1,OffHours,1,0,0.12909442507764135
CHG001802,Medium,Normal,Production,-0.3044267628566672,0.07481603439117476,20.941898078165796,57.490102542214764,0,1,3,0,BusinessHours,0,0,0.06698917517936921
CHG001803,Medium,Normal,Dev,-0.4096489283680019,0.06433487876751534,32.8015619219771,77.1229656076294,0,1,1,0,Weekend,1,0,0.06084227823580332
CHG001804,High,Normal,Dev,0.09235403825445808,0.06306141533764827,25.512735888268463,72.65098077702945,0,0,5,0,BusinessHours,0,0,0.05757298572255108
CHG001805,Medium,Emergency,Production,-1.9209159258951816,0.03910007209559373,21.315270406300876,59.56239880815993,0,0,1,1,Weekend,1,0,0.07676229237330169
CHG001806,Low,Standard,Staging,0.4770351272264581,0.05448821048123733,26.209633194112648,91.10279591747025,1,0,1,0,OffHours,1,0,0.026473846135424608
CHG001807,High,Standard,Production,-0.0005630971229588082,0.07871976528264223,16.75686638995709,60.71321063722263,0,1,3,1,BusinessHours,0,0,0.2106562801140883
CHG001808,Critical,Standard,Dev,0.039693526597561826,0.05215463377483781,22.500527663954493,64.65923089341139,0,1,4,0,BusinessHours,0,0,0.04054186023428625
CHG001809,Low,Standard,Dev,0.960734307594464,0.1393853842202143,15.645862528234149,39.9292271420391,0,1,3,0,BusinessHours,0,0,0.07715926810938682
CHG001810,Low,Normal,Staging,-1.9528155300482481,0.01,21.603325511580913,72.33224484539647,0,0,1,0,OffHours,1,0,0.019291184347224224
CHG001811,High,Standard,Production,-1.9738338698589637,0.04411110698872007,18.687506462788296,62.604434103863134,0,0,1,1,OffHours,1,0,0.12995610213140277
CHG001812,Medium,Standard,Dev,0.27380384532351953,0.09525688065141664,16.279023739191544,60.87258439889927,0,0,2,0,BusinessHours,0,0,0.055079976828693915
CHG001813,Medium,Standard,Production,-0.007116855128515773,0.12701665696228898,4.078026463685829,46.914514816368765,0,0,1,0,BusinessHours,0,0,0.18435832990602752
CHG001814,Medium,Normal,QA,0.17017694319193222,0.10675595553464266,24.331016780651662,74.77929130703522,0,0,3,0,BusinessHours,0,1,0.09009954830524622
CHG001815,High,Emergency,Dev,-0.46212707517244556,0.04460434398154281,22.5161297173908,51.993145789208455,0,0,2,0,BusinessHours,0,0,0.1514664933660006
CHG001816,Medium,Normal,Staging,0.6643536742399312,0.11857593360395303,16.241204218928132,65.98650762722117,0,1,3,0,OffHours,1,0,0.37135276010882656
CHG001817,Low,Standard,QA,0.93263884299112,0.17437465692201276,24.224218059603313,63.05130142433456,0,0,4,0,OffHours,1,0,0.13177924392124332
CHG001818,Low,Normal,Staging,0.48398229395152703,0.11246693631907528,20.058843462551543,69.81226357369206,0,1,2,0,BusinessHours,0,0,0.09097266438132409
CHG001819,Medium,Standard,QA,-0.26082845840458313,0.09827157943569748,16.475890763158056,73.53311695529642,0,1,2,0,OffHours,1,0,0.034521903603567904
CHG001820,Critical,Emergency,Staging,-2.107689387614403,0.017428998653828496,17.220337675105856,94.88008641757853,1,0,2,0,Weekend,1,0,0.04447198853272986
CHG001821,Medium,Standard,QA,0.7692362080371281,0.11422246363554564,10.66252629637469,41.61927810738746,0,0,2,0,OffHours,1,0,0.2615299163066928
CHG001822,Medium,Emergency,Production,1.2217286662175928,0.04556062690824023,40.46694641713202,71.79829326381444,0,1,2,1,BusinessHours,0,0,0.14347513264706574
CHG001823,High,Normal,Production,0.64455841198398,0.05376281908355272,39.805996926236354,72.03479124265051,0,1,4,1,OffHours,1,0,0.14723214163645706
CHG001824,Medium,Normal,QA,-0.8796424273675065,0.044993646130536524,25.896240871281133,86.70816376453192,1,0,1,0,BusinessHours,0,0,0.01262260409797038
CHG001825,Medium,Normal,QA,0.6737943936677578,0.06440906662420393,32.119949668187346,69.1440056555711,0,1,2,0,BusinessHours,0,0,0.054415301598222526
CHG001826,Low,Standard,Production,0.8605297079614455,0.17570653240157955,8.033177221870476,58.373130641952514,0,1,1,0,BusinessHours,0,0,0.24273023555700876
CHG001827,High,Standard,Dev,1.5588162477990857,0.21286271710100715,1.0,19.126474246199372,0,1,3,0,BusinessHours,0,1,0.5105475378490645
CHG001828,High,Standard,Production,-0.8761099242279576,0.024406216333666207,18.401560699772542,57.162139112511014,0,1,4,1,OffHours,1,0,0.086867630764704
CHG001829,High,Standard,Staging,-0.22645458454413847,0.1299982696693782,13.523855310429013,50.3311647764929,0,1,3,0,OffHours,1,0,0.09816062326228926
CHG001830,Medium,Normal,Production,0.7472720511434552,0.08174511903642925,18.52928886427211,56.46858837978194,0,0,1,0,BusinessHours,0,0,0.289350184072711
CHG001831,Medium,Normal,QA,0.05741007143815779,0.0615737688542531,21.42937297498696,66.53658751609869,0,0,1,0,BusinessHours,0,0,0.13260223666283943
CHG001832,Low,Normal,QA,-1.1173276020512748,0.01,22.663621532128374,71.50119511469741,0,0,1,0,BusinessHours,0,0,0.009074473879568548
CHG001833,Critical,Normal,QA,0.414616285026703,0.1131377475251866,8.72683616321949,41.82475198246512,0,1,5,0,Weekend,1,0,0.31538055118250213
CHG001834,Low,Standard,Dev,0.5786616338151667,0.09519471602419939,19.02956822161846,55.30464007466003,0,1,2,0,BusinessHours,0,0,0.03870145199192293
CHG001835,Medium,Standard,Dev,0.08796289633100199,0.1077872842707295,25.112651771788467,43.885343979828754,0,0,4,0,BusinessHours,0,0,0.07134054922451392
CHG001836,High,Standard,Production,0.21958492717994416,0.047138218010531224,30.288413422197884,62.21826656873693,0,0,5,1,Weekend,1,0,0.19181703953728596
CHG001837,Low,Standard,QA,-0.25870590168573016,0.07410076208916022,25.51715474631864,62.73036684507202,0,0,1,0,BusinessHours,0,0,0.05191270292239636
CHG001838,Medium,Normal,Dev,1.4782789357160593,0.06265621737392617,26.815109226033428,68.14815188969621,0,1,3,0,BusinessHours,0,0,0.11387986855494708
CHG001839,Low,Normal,QA,-0.9006921837126766,0.034969331590502695,15.829868510382589,73.48343755166881,0,0,1,0,Weekend,1,0,0.04813811384962273
CHG001840,Medium,Normal,QA,-0.5873207627637789,0.01,30.444981967740127,100.0,1,0,1,0,BusinessHours,0,0,0.0060729373759001734
CHG001841,Critical,Normal,Staging,0.010985513527525621,0.11949263149461906,8.584110112450922,69.12787543921915,0,0,5,0,BusinessHours,0,0,0.32283014037684304
CHG001842,Medium,Normal,Dev,0.8789540277008926,0.05050210117992701,20.93052775928637,72.01591939339865,0,0,3,0,BusinessHours,0,0,0.09714198374024838
CHG001843,Critical,Normal,Production,-1.4973731700945367,0.032906164011524845,16.94517777411116,80.93772760271811,1,0,1,1,BusinessHours,0,0,0.04198856080309907
CHG001844,Low,Emergency,Production,-1.3102967497654392,0.017967602327945073,21.750448297700967,69.6168791757015,0,0,1,1,Weekend,1,0,0.06886803991626143
CHG001845,Medium,Normal,QA,-2.037728507734718,0.01,21.46934648126029,83.07915904859352,1,0,1,0,OffHours,1,0,0.0064404060356700495
CHG001846,High,Normal,Production,0.03269522525327079,0.09163276728765346,22.87201326530127,63.839682787874864,0,1,1,1,BusinessHours,0,0,0.2181638910395496
CHG001847,High,Standard,QA,-1.1183058172065439,0.12766965351640944,5.541616555878362,78.37137407295606,0,0,1,0,BusinessHours,0,0,0.23541946585480905
CHG001848,Medium,Normal,QA,-0.3845501100179167,0.15449494459185337,1.0,45.79566918430312,0,1,1,0,BusinessHours,0,1,0.28725566120719503
CHG001849,Medium,Standard,Production,0.661378189891708,0.04641984989570486,36.325031541865854,52.633548911588846,0,1,4,0,Weekend,1,0,0.07143920217584318
CHG001850,High,Standard,Production,-0.6415427207828466,0.015410917409438049,23.035766186391623,87.10584646811546,1,0,4,1,BusinessHours,0,0,0.0176961708124512
CHG001851,High,Normal,QA,0.23128202274336457,0.018127481852061558,32.30779471380106,86.86363433573399,1,1,4,0,BusinessHours,0,0,0.020580959114926366
CHG001852,Medium,Standard,Staging,-0.29933790775172203,0.08063298063749443,20.80685675487177,69.12628669444666,0,0,1,0,BusinessHours,0,0,0.04336115427901487
CHG001853,Low,Standard,QA,0.6721143150964368,0.16717077328984617,10.775091686421314,28.034496450782843,0,0,1,0,OffHours,1,0,0.20156178177457185
CHG001854,Low,Standard,Staging,0.4751280673480088,0.13182187779114593,23.789491883073485,73.7011652775518,0,0,5,0,Weekend,1,1,0.11400834881937118
CHG001855,Medium,Normal,Staging,-0.69193369617461,0.05158494673257596,15.097169373864258,73.3743218933181,0,1,1,0,BusinessHours,0,0,0.04014634117988266
CHG001856,Medium,Normal,Dev,-0.16865175340045263,0.1259182902837799,9.25891633778616,55.576844929563755,0,1,1,0,BusinessHours,0,0,0.12313987568439379
CHG001857,Low,Emergency,Production,1.0437433977204944,0.051872888487171795,32.763682430137365,72.44678550629293,0,1,5,1,OffHours,1,1,0.10238988737754999
CHG001858,Medium,Normal,Production,0.393376870254097,0.0642073150693476,35.32292706159789,53.23384369451137,0,1,1,0,BusinessHours,0,0,0.03769385596473764
CHG001859,Medium,Standard,Dev,-1.3969620577511315,0.01,18.613114173166238,80.86599610171696,1,1,1,0,BusinessHours,0,0,0.0037523978665604234
CHG001860,Medium,Normal,Production,0.6556180611713827,0.06594825104078982,17.530337801207942,53.18948940041013,0,0,2,0,BusinessHours,0,0,0.20561567417580298
CHG001861,Medium,Normal,Production,-1.0846106224362382,0.10277331264667747,8.41263185826459,82.51787093140626,1,0,3,0,BusinessHours,0,0,0.07327423267115545
CHG001862,Medium,Standard,QA,1.412513069961006,0.07590481748970623,39.609193495644064,67.43952750853896,0,1,2,0,BusinessHours,0,0,0.03878111596557465
CHG001863,Low,Emergency,Staging,1.024098839841025,0.12100952691827394,15.509294943094746,36.965500418888276,0,1,2,0,OffHours,1,1,0.24945610495258916
CHG001864,High,Emergency,Production,0.2898854759184008,0.07965419005056885,21.76260757450609,64.31558203301314,0,1,4,1,BusinessHours,0,0,0.33133341444100856
CHG001865,Medium,Standard,Production,0.1572328434361934,0.1191261592240207,30.210069400131697,37.6019705103541,0,0,2,0,BusinessHours,0,0,0.13897030334044472
CHG001866,Low,Normal,QA,-0.20903225602742,0.12564640902973004,12.751334522588827,68.66709785778015,0,0,2,0,OffHours,1,0,0.08966577715307034
CHG001867,Medium,Standard,Staging,0.6785239514000281,0.1336657814868338,22.474466893533382,45.44043561735137,0,0,4,0,OffHours,1,0,0.1450789785423489
CHG001868,Medium,Emergency,Production,-0.37077816946206166,0.11021003349237432,11.339946777298142,42.319705687904275,0,1,2,1,OffHours,1,1,0.32386648694355563
CHG001869,Medium,Normal,Production,0.23556987063989387,0.07642416374302992,30.75172064488135,67.83692342432334,0,1,1,0,BusinessHours,0,0,0.09518290655499428
CHG001870,Medium,Standard,Dev,0.8719343665194511,0.11694866462167441,19.575427777374337,68.21499656326134,0,0,2,0,BusinessHours,0,0,0.10248882881201976
CHG001871,Medium,Normal,Staging,-0.5618065435255897,0.04520773936782521,25.876277305633653,100.0,1,0,1,0,BusinessHours,0,0,0.01219888275854533
CHG001872,Medium,Normal,Production,-0.6161927399906946,0.05317418846198661,21.703193535437336,47.16695331827965,0,0,2,0,OffHours,1,0,0.11339065583654882
CHG001873,Low,Standard,Dev,-1.194365480724459,0.06800546034927932,17.038112878024027,78.95717668828533,0,0,1,0,BusinessHours,0,0,0.012160390213461658
CHG001874,Medium,Normal,QA,-1.0644727461261723,0.06457316673873068,10.444715242457566,91.45903349494971,1,0,1,0,OffHours,1,0,0.04548704668433515
CHG001875,Low,Normal,Staging,-1.8283953114415024,0.01,26.957147319898688,78.07030506214757,0,0,1,0,OffHours,1,0,0.010517769569215222
CHG001876,Medium,Normal,Staging,0.7298287890155296,0.12613777068747684,17.273226495021028,45.41050162904415,0,1,1,0,BusinessHours,0,0,0.2252337880895764
CHG001877,Medium,Normal,Production,1.8089145420827708,0.17079830017362133,25.74832704339557,49.95508199627485,0,1,4,0,OffHours,1,0,0.4301924113349241
CHG001878,High,Standard,Dev,1.4253289434703056,0.12921782529781903,16.319451886314084,63.550718905728836,0,0,4,0,OffHours,1,0,0.31974190466699937
CHG001879,Low,Standard,Production,-1.6260844886265164,0.02106500632839785,21.23266707413354,86.74842168184693,1,0,1,0,BusinessHours,0,0,0.00932231732058046
CHG001880,Medium,Normal,QA,0.7248546715562,0.15055735540075374,1.0,42.95405883405569,0,0,3,0,OffHours,1,0,0.5800962241298249
CHG001881,Medium,Standard,Production,1.4221063499235564,0.1596242003852634,25.560762695548632,42.377064588139376,0,1,2,0,OffHours,1,0,0.33214963662948155
CHG001882,Medium,Normal,QA,-0.456809980738664,0.06823803457331332,26.581088978489856,90.014650710865,1,0,1,0,OffHours,1,0,0.026134371769672315
CHG001883,High,Emergency,Dev,0.10144743065004946,0.09695898113761998,15.474908074927216,42.245205197458624,0,0,4,0,BusinessHours,0,1,0.3726200359338622
CHG001884,Low,Normal,Production,-2.0078930508046704,0.05079279928960979,18.46327626501696,56.495801458203104,0,0,1,0,OffHours,1,0,0.03807201888771006
CHG001885,Medium,Normal,Production,0.2667361679766415,0.10834785205121786,21.813065966716046,46.562206776615206,0,1,2,0,BusinessHours,0,0,0.11424943392392906
CHG001886,Medium,Normal,QA,-1.0635597294347174,0.0840011540345193,15.33311922633041,65.71307691179382,0,0,1,0,BusinessHours,0,0,0.03261591479683985
CHG001887,High,Normal,QA,0.19963501791151453,0.11767688724705191,17.69572708317444,74.09937768093982,0,1,4,0,BusinessHours,0,0,0.2782617933432279
CHG001888,Low,Normal,Staging,-1.5612029221888803,0.01,22.932929655190893,62.974855942491224,0,0,1,0,Weekend,1,0,0.02204987198910474
CHG001889,Critical,Standard,Production,0.5428582244775959,0.05776938939371257,31.873437084033775,85.87866438519251,1,0,4,1,BusinessHours,0,0,0.06542774045289584
CHG001890,Critical,Normal,QA,1.0245126754266898,0.14043305163173497,8.19054429535584,65.12749375928438,0,1,4,0,OffHours,1,0,0.3958858604195585
CHG001891,High,Standard,Production,-0.7831798617151676,0.040846753240726966,13.333576239041243,71.34683952824646,0,1,3,1,BusinessHours,0,0,0.058499222781132836
CHG001892,Medium,Standard,QA,-1.1369225814104345,0.03205394353565509,8.379195830498526,33.8348304050643,0,0,1,0,OffHours,1,0,0.07776847651871838
CHG001893,Medium,Standard,Production,-2.156023042549981,0.01,31.53084505289315,74.62914624782664,0,0,1,0,BusinessHours,0,0,0.00850958374735847
CHG001894,Low,Normal,QA,-0.26641353407517704,0.03491382160684107,21.769613357661108,58.882365784119045,0,0,1,0,BusinessHours,0,0,0.07060001898445918
CHG001895,High,Normal,Dev,-0.5815939342816051,0.10081981731371786,9.309979726491768,84.46977494781774,1,0,2,0,BusinessHours,0,0,0.04542058953343804
CHG001896,Medium,Emergency,Production,-1.5510194123480547,0.05890225489117948,24.076930134652414,61.22400031329353,0,1,1,1,BusinessHours,0,1,0.03654300671234068
CHG001897,Low,Standard,Dev,0.45301875631217164,0.11866209125226329,5.510593661703192,43.6754624045665,0,0,1,0,BusinessHours,0,0,0.1319644200536546
CHG001898,Medium,Standard,Production,-0.44997038186464916,0.1007574604919069,8.42394032415638,63.624917759894544,0,1,1,0,OffHours,1,0,0.09528223550667143
CHG001899,High,Standard,Dev,-1.0757359586452324,0.0728019217238496,9.107548549354256,46.47064504260681,0,1,2,0,OffHours,1,0,0.046765345004702544
CHG001900,High,Standard,QA,-0.5545724056404471,0.10636199983659968,5.608400008164567,61.67366663563839,0,1,3,0,BusinessHours,0,0,0.051109472715982394
CHG001901,Medium,Standard,Production,1.0713045389296156,0.058243838307087785,26.041058032914286,56.34823866899557,0,1,4,0,OffHours,1,0,0.09274928260004286
CHG001902,Medium,Emergency,Staging,0.6029369437552222,0.12347520609687622,21.895661085901708,77.29767349449708,0,0,1,0,BusinessHours,0,1,0.3858425668677339
CHG001903,High,Standard,Dev,-0.13002606149848983,0.08323580913515433,30.561130857990317,58.292297630951644,0,1,4,0,Weekend,1,0,0.04156000527692104
CHG001904,High,Normal,Staging,0.6191050184648526,0.12887583274071446,24.75816804676909,77.35226589897823,0,1,5,0,BusinessHours,0,0,0.3584016424941251
CHG001905,High,Standard,Dev,-1.160911956386739,0.01,28.32913448674275,65.92202773621295,0,0,3,0,OffHours,1,0,0.024225332648339003
CHG001906,Medium,Normal,Production,0.03237010072703053,0.13691033239803388,15.015165773844336,60.71177019354124,0,1,1,0,BusinessHours,0,0,0.20383319709566217
CHG001907,Medium,Normal,Dev,0.14732233048647056,0.058796537179279046,19.539035245783783,70.09978484891076,0,1,2,0,OffHours,1,0,0.10428781067851645
CHG001908,High,Emergency,Staging,-0.4698365084987269,0.06119568322826682,18.670597987176976,60.82982616934899,0,0,4,0,BusinessHours,0,1,0.22316002410924315
CHG001909,Low,Standard,Dev,0.43545833595741784,0.03923705928267914,42.98202026363716,78.77578011899143,0,0,1,0,OffHours,1,0,0.012290924003721641
CHG001910,Medium,Emergency,Staging,-0.7804334546444512,0.03226690953952015,31.853288002882536,75.99392306227116,0,0,4,0,Weekend,1,0,0.10495679124302434
CHG001911,Low,Standard,Production,0.5098207077761179,0.16892869158426127,19.19003536755853,61.77952164653779,0,0,1,0,OffHours,1,0,0.3264593612392054
CHG001912,Medium,Normal,Production,0.5518587715312919,0.09619915017317515,21.28132259637202,63.30564418296786,0,1,3,0,BusinessHours,0,0,0.17366605209972108
CHG001913,High,Standard,QA,-2.917159880697066,0.01,39.06351587457064,95.2113015303151,1,0,1,0,BusinessHours,0,0,0.0010698717317089686
CHG001914,Low,Normal,QA,1.1903057035101177,0.18855456894689215,3.112158338264532,42.08118959957569,0,1,3,0,BusinessHours,0,0,0.33590773040681626
CHG001915,Medium,Normal,Dev,-3.047632565352754,0.01,11.63764438191231,81.34663035457768,1,0,1,0,BusinessHours,0,0,0.005086517736316819
CHG001916,Low,Normal,Production,-0.6160490255561253,0.06335235400325921,26.285952763757702,65.8969305631087,0,0,1,0,BusinessHours,0,0,0.1288172618867273
CHG001917,High,Normal,Dev,1.025348034257755,0.13840231205922326,10.665389631043759,54.791992407088905,0,1,4,0,OffHours,1,1,0.19364002165774338
CHG001918,High,Standard,Staging,-0.31728672525244067,0.06860949243155642,28.181429390539215,48.29713154359871,0,1,3,0,Weekend,1,0,0.12649163460061072
CHG001919,Medium,Normal,QA,-1.466185982469542,0.06473756194161373,12.313813628397966,55.26891741715136,0,0,1,0,BusinessHours,0,0,0.06739056810920285
CHG001920,High,Standard,Production,-1.0937370617166706,0.01,28.90108459893169,93.55887402815597,1,0,3,1,OffHours,1,0,0.01208130183826953
CHG001921,Low,Standard,Staging,1.0269057463206197,0.12583056265063713,8.960211819407242,19.821479132914632,0,1,2,0,Weekend,1,1,0.19551609673275652
CHG001922,High,Standard,Staging,-1.9215045305486382,0.031950215281983496,14.973475430610366,93.33493070542967,1,1,2,0,OffHours,1,0,0.005994557598617211
CHG001923,High,Standard,Production,1.1289911009620173,0.0824757697369676,25.632074651792713,56.581836985754,0,1,5,1,OffHours,1,1,0.19676422989939463
CHG001924,Low,Standard,Production,-0.05510209904228934,0.08152920249933991,20.125000110465585,85.26318433986494,1,0,5,0,OffHours,1,0,0.0885293063045574
CHG001925,Critical,Normal,Staging,-1.1923953304424335,0.04647756385912981,10.520241836375078,82.3979900218865,1,1,4,0,BusinessHours,0,0,0.044051870314420524
CHG001926,Low,Standard,Production,-0.5831150723026911,0.08253094355547226,4.545756587680703,56.295391755354316,0,0,1,0,Weekend,1,0,0.12271973273305004
CHG001927,Medium,Normal,Staging,-1.0172243411016413,0.025431219491389725,17.052953991676514,68.84320361563033,0,1,3,0,BusinessHours,0,0,0.05205663345458103
CHG001928,Low,Standard,QA,0.8662252008585286,0.15632583416732515,7.370689583350737,71.89012158159372,0,0,1,0,BusinessHours,0,0,0.16295188337617467
CHG001929,High,Normal,Dev,0.7324278097628383,0.12693461158730757,15.28277542579828,75.85600626502499,0,0,3,0,OffHours,1,0,0.28942721673554456
CHG001930,Low,Standard,Production,-1.7191611338760466,0.05379578036799565,2.3781218587058337,80.61601333905472,1,0,1,0,BusinessHours,0,0,0.018181839905331152
CHG001931,Low,Standard,Production,-0.4035921185193341,0.028732088550632723,34.86090889969833,87.65028206263108,1,1,1,0,BusinessHours,0,0,0.013169650748833786
CHG001932,Medium,Normal,Dev,-0.8631856623442771,0.01,22.952516204125306,59.664069088302114,0,0,1,0,BusinessHours,0,0,0.05878980096131601
CHG001933,Critical,Emergency,QA,1.2935099684593703,0.14195393059123704,24.497976416911698,48.44434261497711,0,1,5,0,BusinessHours,0,0,0.3287810475695131
CHG001934,Medium,Emergency,Production,-1.350099118126421,0.01,31.584919063314544,66.64380997307082,0,0,2,1,BusinessHours,0,0,0.031674039804506365
CHG001935,Medium,Standard,Dev,1.604229104685014,0.13495781568984536,19.029046682956775,35.7428442742405,0,0,3,0,BusinessHours,0,0,0.22474699647666596
CHG001936,Medium,Emergency,Staging,-0.033294739516937566,0.10102797969140344,20.07269614854077,52.15229403722248,0,1,2,0,BusinessHours,0,0,0.22321386585046266
CHG001937,High,Normal,Production,-1.1619344063800876,0.04327301877252899,17.656988057966547,65.49501883760615,0,0,4,1,OffHours,1,0,0.21855418697195375
CHG001938,Medium,Emergency,QA,-0.6772741840092779,0.028323745737609162,26.661437576443213,57.07551186293568,0,0,2,0,BusinessHours,0,0,0.08476423011837686
CHG001939,Medium,Standard,QA,-0.8016188407684506,0.023049781200909204,19.086353817122035,64.77577552499665,0,0,1,0,OffHours,1,1,0.08799500112782409
CHG001940,Critical,Standard,QA,-1.274618402015506,0.0606670594727888,16.34898090039564,54.32833769211077,0,0,3,0,OffHours,1,0,0.09459959069783558
CHG001941,Medium,Standard,QA,0.09482685973037566,0.13137180526918413,7.335383639977976,70.44130547048731,0,0,4,0,OffHours,1,1,0.24996659087995743
CHG001942,Medium,Normal,Staging,-1.2279155506918433,0.05791641949262498,10.852342250338705,72.76673972843608,0,0,1,0,BusinessHours,0,0,0.08753007479635609
CHG001943,High,Standard,Production,-2.1803662087381888,0.01,23.092310155842856,67.65538642149367,0,0,1,1,OffHours,1,0,0.027062052551946988
CHG001944,Medium,Standard,Production,-0.3796764708481731,0.08167603130452633,11.882959921349117,71.17487087169984,0,0,1,0,BusinessHours,0,0,0.067235208296275
CHG001945,Medium,Normal,Dev,-1.8028561964178826,0.01,28.947062612043066,100.0,1,0,1,0,Weekend,1,0,0.0037398408714728816
CHG001946,Medium,Emergency,Production,-0.7521608680675204,0.01,34.2483045066075,86.2104225283078,1,0,2,1,BusinessHours,0,0,0.03678724462101454
CHG001947,High,Normal,QA,-0.9091028886033559,0.03362136310959096,24.379927876186873,71.3634903957588,0,1,1,0,BusinessHours,0,0,0.019116668222692486
CHG001948,Critical,Normal,Production,-0.8712160720258142,0.01,29.02259562056882,75.71088317889985,0,1,2,1,BusinessHours,0,1,0.05710246841277173
CHG001949,Medium,Standard,Dev,2.0009631015901537,0.159579360408435,28.69406560482437,42.87480847526312,0,1,3,0,Weekend,1,0,0.11310951756610393
CHG001950,Medium,Emergency,Staging,0.05641156716957076,0.01,29.250039204069665,57.610956204568566,0,0,1,0,BusinessHours,0,0,0.05556784953957425
CHG001951,Medium,Standard,Staging,0.24537100899533215,0.017630411391482463,44.10678050527922,68.06237403689478,0,0,2,0,BusinessHours,0,0,0.027136969563637398
CHG001952,Low,Standard,QA,-1.7763982963422946,0.01,30.44672718545494,68.25008156058325,0,0,1,0,BusinessHours,0,0,0.00603008008365856
CHG001953,Low,Normal,Production,-0.6539631336369219,0.01793257079530145,21.636213307105997,69.84860478338109,0,0,1,0,Weekend,1,0,0.0360388684223365
CHG001954,Low,Standard,Dev,0.21530262994151197,0.09167738924697101,21.594223202246816,65.96869667460884,0,0,1,0,BusinessHours,0,0,0.04716025327075964
CHG001955,Low,Normal,Dev,-1.0245289129130064,0.0568889762929217,24.643566599254257,67.9389065255362,0,0,1,0,Weekend,1,0,0.04333830568213035
CHG001956,Medium,Normal,Staging,0.9080628435179854,0.12335182693631948,19.142888811169634,57.97887665888411,0,0,5,0,Weekend,1,0,0.3896246298006389
CHG001957,Low,Standard,Staging,-1.2026965859010301,0.01,19.94098118544101,98.43353268891471,1,0,1,0,OffHours,1,0,0.007506868442528002
CHG001958,Low,Standard,QA,-0.2863661358651756,0.05917133976247993,25.423650710435545,84.27647667570925,1,0,2,0,BusinessHours,0,1,0.02112233979603795
CHG001959,Medium,Standard,QA,-0.5860516399755586,0.038007547786207976,21.668522399349325,67.53554415400816,0,0,3,0,Weekend,1,0,0.05957964766329023
CHG001960,Low,Standard,Dev,0.16432065938191598,0.16343204194086303,1.0,57.76143154982767,0,1,2,0,BusinessHours,0,0,0.17030991120335523
CHG001961,Low,Emergency,Production,-0.640490071855426,0.020316795506285134,34.83029460379368,70.18579310621502,0,0,1,1,BusinessHours,0,0,0.041961399759758745
CHG001962,Low,Normal,Staging,-0.27089362707093734,0.06739405351065308,17.13461583184032,59.769339565367716,0,0,2,0,OffHours,1,0,0.14456788791482458
CHG001963,Medium,Standard,QA,-0.23613009177798555,0.08110767366527558,23.67677974258505,56.67619898863606,0,0,2,0,OffHours,1,0,0.04554882722982159
CHG001964,Medium,Standard,QA,-0.734387757391301,0.01,25.693711123297593,82.11895739286743,1,0,2,0,Weekend,1,0,0.005184977312523329
CHG001965,High,Normal,Production,0.48509386849711267,0.08258413924059196,22.673979998128196,76.23389049959125,0,1,4,1,Weekend,1,0,0.1990792890229094
CHG001966,High,Normal,Production,0.23838837483742528,0.040082312335080715,27.398485807914646,57.91026000809855,0,1,2,1,BusinessHours,0,0,0.07684330885962533
CHG001967,High,Emergency,Dev,-0.0886139452531673,0.1442958523205028,8.318400266776683,43.57162320231647,0,1,4,0,BusinessHours,0,1,0.20561391668252288
CHG001968,Medium,Standard,Staging,-0.4304583334619581,0.01,41.11623265327272,81.20120382514375,1,1,4,0,Weekend,1,0,0.0035001069532657517
CHG001969,High,Normal,Dev,0.796544030519997,0.04327979948098322,26.313718404579088,69.19996571186056,0,1,4,0,BusinessHours,0,0,0.09573201202573822
CHG001970,Medium,Standard,QA,-0.23583424381418136,0.08332364157801378,20.221511038239395,71.50427972858286,0,0,2,0,OffHours,1,0,0.04598369239650382
CHG001971,Medium,Normal,Production,-0.3066972878259372,0.061898280040756884,35.50179293918716,83.87596057209211,1,1,2,0,BusinessHours,0,0,0.010628648987309823
CHG001972,Medium,Standard,Production,0.10469002988812601,0.11425183333317908,6.207935248101495,78.74582239138516,0,1,1,0,BusinessHours,0,0,0.20185433706622288
CHG001973,Medium,Normal,Dev,1.6965866829708507,0.13858026718099456,14.448976420944321,38.96105272264518,0,1,3,0,BusinessHours,0,0,0.27142119425696126
CHG001974,Medium,Standard,Production,-1.340356208021204,0.01,25.281055753848417,74.72717282405588,0,0,1,0,OffHours,1,0,0.012636471671848793
CHG001975,Low,Normal,Production,0.7698568930553547,0.2060913738834147,1.0,48.74011015455973,0,1,2,0,Weekend,1,0,0.5130078924619023
CHG001976,High,Standard,Production,-1.893171161238105,0.01,25.12928334707123,100.0,1,0,1,1,Weekend,1,0,0.009997672532885417
CHG001977,Low,Normal,Production,0.21727315822862395,0.040265514464538264,27.45472862129086,49.43851214654517,0,0,1,0,BusinessHours,0,0,0.08674547457226701
CHG001978,Medium,Standard,Staging,1.5750828276087308,0.09902017490713262,31.722970769463362,70.16038642813044,0,1,3,0,BusinessHours,0,0,0.038338479460507224
CHG001979,High,Normal,Production,0.48866852446730713,0.15511955132589972,10.385418045112727,47.593900812925604,0,0,3,1,BusinessHours,0,1,0.5424849012812948
CHG001980,Medium,Standard,QA,0.1706250785397928,0.019443464961858142,33.40312491717995,85.15387480960527,1,0,3,0,BusinessHours,0,0,0.014287753795249106
CHG001981,Low,Normal,Staging,-0.5604494688030756,0.10014250046133,8.611220679401397,73.10558188686703,0,0,1,0,BusinessHours,0,0,0.08379883512511403
CHG001982,Medium,Normal,QA,0.03104720048855424,0.10341919479248092,17.296726158383652,62.20475791849144,0,1,1,0,Weekend,1,0,0.08601687100682073
CHG001983,Medium,Standard,Production,-0.2520628154033563,0.1328767908439782,16.195751041134145,64.31274353217873,0,1,2,0,BusinessHours,0,0,0.136506012491392
CHG001984,Critical,Standard,Dev,-0.7859766079313554,0.05996697380447604,1.8365079662766437,55.773511957617956,0,0,2,0,BusinessHours,0,0,0.12012433923425846
CHG001985,Medium,Standard,QA,-0.28987561547486984,0.06427485984468803,33.25420619588841,79.74635288295075,0,1,2,0,OffHours,1,0,0.04161780946708745
CHG001986,High,Standard,Production,0.19838116062643954,0.10340330883373135,8.048753452676875,72.26490968688805,0,1,3,1,BusinessHours,0,0,0.2601781375452655
CHG001987,Medium,Normal,QA,-0.7672170685306403,0.03205612681896582,17.676746579589093,77.521652992712,0,0,2,0,BusinessHours,0,0,0.037420973085054064
CHG001988,High,Standard,QA,-0.8062818206846841,0.09718221758680308,15.388389464124602,61.91405969509468,0,1,2,0,OffHours,1,0,0.06284742904815933
CHG001989,High,Standard,QA,-1.3602434375921744,0.03345292203918703,14.451164727090239,65.64888596850321,0,0,2,0,BusinessHours,0,0,0.0531735436143338
CHG001990,Low,Standard,Production,0.3907250260888961,0.08408325220010231,14.375359684216647,67.65601539727533,0,1,2,0,OffHours,1,0,0.14059753075901002
CHG001991,Low,Standard,QA,0.5453232619670604,0.11082120825674455,24.251653877035686,62.491972691495384,0,0,3,0,OffHours,1,0,0.108107311158729
CHG001992,Low,Standard,QA,0.23166044423651747,0.09730456012880227,28.379857847674657,46.80952176779648,0,0,2,0,BusinessHours,0,0,0.10001932453616011
CHG001993,Medium,Normal,Staging,0.9651704927286658,0.1410057806822137,21.301950443252636,68.94336428132867,0,1,3,0,BusinessHours,0,1,0.08019273454756476
CHG001994,High,Standard,Production,0.08786763708072752,0.04648278612888994,40.482097618227954,57.37648403357949,0,1,3,1,OffHours,1,0,0.11109694213811584
CHG001995,Medium,Emergency,Production,0.3920109373657567,0.06423160580177618,34.98252450773788,64.5347911055551,0,0,1,1,OffHours,1,0,0.19731648249468567
CHG001996,Medium,Normal,Dev,0.30383742563756283,0.1152189326814906,17.7769141266885,38.00229081998228,0,0,2,0,Weekend,1,0,0.1680800757109828
CHG001997,Critical,Standard,Production,-0.09154001941820787,0.11186906349136125,13.103910145821336,59.720575501882436,0,1,2,1,Weekend,1,0,0.21061841481283675
CHG001998,Low,Normal,Production,-0.5308218281296473,0.02070934593389416,19.01158233454992,68.95968334697326,0,1,1,0,BusinessHours,0,0,0.04435964241129811
CHG001999,Low,Normal,Production,2.214152615791911,0.21089858217293325,25.013086468205863,26.97651630506121,0,1,3,0,BusinessHours,0,0,0.22653823495743675
CHG002000,High,Normal,Staging,-0.4519509798535085,0.10999020962306849,11.121986699858518,62.38430478011911,0,0,2,0,BusinessHours,0,0,0.23975179838004282
CHG002001,High,Standard,Dev,-0.6658777111204364,0.05327479875467975,10.85438389980962,50.876439330219796,0,1,2,0,BusinessHours,0,0,0.06276185180250543
CHG002002,Medium,Normal,Production,0.43400982345010697,0.12521999766769734,7.346648215891591,57.51063628928464,0,1,3,0,BusinessHours,0,0,0.25304332474451835
CHG002003,Low,Standard,Staging,0.25185441529500513,0.10489174314220147,24.94381589642647,56.58959775043766,0,0,2,0,BusinessHours,0,1,0.14627997583086835
CHG002004,Critical,Normal,QA,-1.4047915476103274,0.06651782669602976,18.779140239340997,53.144417922111614,0,0,3,0,OffHours,1,0,0.10191736908886193
CHG002005,High,Standard,Dev,1.1226782545637386,0.12223880645082029,18.570881210831793,48.41914649853304,0,1,5,0,OffHours,1,0,0.08256389070214479
CHG002006,Medium,Standard,QA,-0.09419457535083331,0.12010932212178874,8.013889772957912,42.92930055377596,0,1,5,0,BusinessHours,0,0,0.15770483760258694
CHG002007,Low,Normal,Staging,-1.1109310952157205,0.048512723334483705,12.497613747073581,74.6183717641212,0,0,1,0,Weekend,1,0,0.07454169567906525
CHG002008,Medium,Standard,Dev,1.188784114353874,0.1467952895555771,21.94753250233082,63.18229193989919,0,1,4,0,OffHours,1,0,0.15207557922921
CHG002009,High,Standard,Staging,0.625675571596154,0.07744828590144745,15.124926643749703,85.0990429144785,1,1,4,0,OffHours,1,0,0.1021947497907573
CHG002010,High,Normal,Production,-1.2645419919479142,0.09736252857153815,13.273432768790858,58.79131273355597,0,1,2,1,BusinessHours,0,0,0.07565531353944989
CHG002011,Medium,Standard,QA,1.7771828402577243,0.15463461957943556,15.221495568249983,40.006504118528724,0,1,2,0,BusinessHours,0,0,0.19264736761304554
CHG002012,Medium,Standard,Dev,0.6587973683661927,0.13108241595033063,18.735035205147817,58.54078948106431,0,1,1,0,BusinessHours,0,0,0.05386376805802555
CHG002013,Medium,Standard,Dev,-0.010196115625046132,0.0782677175487853,12.256156999679416,58.06528372633273,0,1,1,0,BusinessHours,0,0,0.056576765723987475
CHG002014,Medium,Emergency,QA,1.5902188056217794,0.12921159448372796,1.0,36.350663458137994,0,1,3,0,Weekend,1,1,0.3169418878863582
CHG002015,Medium,Normal,Production,0.15929778382964058,0.09019988155400827,10.820726353754191,59.747663726305355,0,0,4,0,BusinessHours,0,0,0.24385906325336218
CHG002016,Low,Normal,Staging,-0.02808307510403198,0.04886321853480455,34.50557590686519,84.01282211493728,1,0,1,0,BusinessHours,0,0,0.009435217276731259
CHG002017,Low,Normal,Production,-0.660300116021989,0.02651491655272193,22.878475659276965,48.35414117342732,0,0,1,0,BusinessHours,0,0,0.0415278260197288
CHG002018,High,Normal,Production,0.5818504393070786,0.14285806495534578,16.794046279870482,47.8289920353226,0,1,4,1,OffHours,1,0,0.35700480439540927
CHG002019,Low,Normal,QA,0.4766029673239799,0.08432496671737019,26.286840187517043,45.01524103016884,0,1,2,0,Weekend,1,0,0.07851783857236677
CHG002020,Low,Normal,Staging,0.014680139889711287,0.0722383809873132,19.339519254104456,63.90469297398145,0,0,1,0,BusinessHours,0,1,0.07409838276142017
CHG002021,High,Normal,Staging,-0.789986353867603,0.012670200409547305,27.573027235027357,85.01450118416757,1,0,3,0,OffHours,1,0,0.03696090783460758
CHG002022,High,Normal,Staging,0.12992985416607386,0.10628509915243349,4.262658107454731,73.16118609162493,0,1,4,0,BusinessHours,0,0,0.20664144013897845
CHG002023,Low,Standard,QA,-0.06979878576213788,0.035703800946834945,18.40034123724064,65.72481387551994,0,0,3,0,BusinessHours,0,0,0.01609723378486107
CHG002024,Medium,Standard,QA,-1.333474318734201,0.039481545963184775,13.635187940647803,77.23604660261935,0,0,1,0,BusinessHours,0,0,0.026489374180814852
CHG002025,High,Standard,Staging,-1.4718123513241856,0.01,34.71572812296093,67.02996753736383,0,0,3,0,BusinessHours,0,0,0.015296666643388291
CHG002026,Medium,Normal,Staging,0.5651533788097695,0.07475740631931871,28.724479335853623,59.18942297667252,0,1,2,0,BusinessHours,0,0,0.05292276120844887
CHG002027,Medium,Emergency,QA,-2.601888315051689,0.01,18.904661864081255,79.67966528590244,0,0,2,0,BusinessHours,0,0,0.02015655940942831
CHG002028,Medium,Normal,Dev,0.20541052696125997,0.10781397771743018,14.658010464909072,45.212564223766,0,1,2,0,OffHours,1,0,0.12666588671987086
CHG002029,Low,Normal,Staging,-0.4780830577538245,0.037451665439860365,20.157942308439434,87.21505062515764,1,0,1,0,OffHours,1,0,0.022082522473377598
CHG002030,High,Normal,Production,1.3082466068799101,0.12195140329152396,23.173704605173317,59.553073849136986,0,1,5,1,OffHours,1,0,0.37702588910704177
CHG002031,Low,Emergency,Staging,-0.49346820915387574,0.0183892231432733,33.909189833193246,59.854916528549936,0,1,2,0,BusinessHours,0,0,0.024106239157809094
CHG002032,Medium,Normal,Dev,0.659484214251896,0.09415058950878039,25.58439577115765,42.487450484220176,0,1,4,0,OffHours,1,0,0.08579895124977735
CHG002033,Low,Standard,QA,-0.3969138412377916,0.10546845432079564,5.787928001692503,56.704244909941934,0,0,1,0,Weekend,1,0,0.06157317428160699
CHG002034,Low,Normal,Production,0.11374815348614345,0.09969151276589777,18.986746742505176,50.08086879263742,0,0,1,0,Weekend,1,0,0.1683592525661791
CHG002035,Low,Standard,Production,0.7368365309200512,0.11839190323686664,7.876750872983184,36.01008622367619,0,0,4,0,BusinessHours,0,0,0.3599660216466929
CHG002036,High,Standard,Dev,-0.46255571632458015,0.033091678435870076,23.04510856901361,55.7146359406436,0,0,3,0,BusinessHours,0,0,0.029491446241883015
CHG002037,Low,Standard,Staging,0.996554884498404,0.12447644065944943,20.204041390931945,48.522681279017235,0,1,3,0,OffHours,1,0,0.1718776187998354
CHG002038,Medium,Standard,QA,-0.9936978771064832,0.028766012957741106,26.835936805548176,89.4237502625125,1,0,1,0,BusinessHours,0,0,0.005621120831225829
CHG002039,Low,Standard,Staging,0.2945928425583791,0.14604257717955488,12.116001988195865,45.05972508900388,0,0,1,0,OffHours,1,0,0.14372471260986014
CHG002040,High,Standard,Dev,0.9226397227878528,0.11186747952225054,15.928204422685813,63.848174694333096,0,0,3,0,BusinessHours,0,0,0.1986365341929621
CHG002041,Medium,Emergency,Staging,0.6600374917903349,0.07769626098469584,29.382340849088184,53.838354367017814,0,0,4,0,BusinessHours,0,0,0.2098900110505524
CHG002042,Critical,Standard,Production,1.9164448767354103,0.21947161815036118,1.0,41.950511832723535,0,1,6,1,OffHours,1,1,0.8359422584937459
CHG002043,Medium,Normal,QA,-0.7634393173106605,0.01,35.859569238521736,75.79764226864083,0,0,2,0,BusinessHours,0,0,0.010073269149325461
CHG002044,Medium,Standard,QA,-1.379149251348588,0.047989218718473,18.524761116524008,76.42809524029107,0,0,1,0,BusinessHours,0,0,0.024274956971234003
CHG002045,Medium,Emergency,Dev,-0.9943351084951194,0.04999324827978298,26.660635366722612,65.38392424325262,0,0,2,0,OffHours,1,0,0.05756922735843493
CHG002046,Low,Normal,Dev,0.660442566548437,0.08543730629285623,20.482124512047545,80.06443731391578,1,1,2,0,BusinessHours,0,0,0.022479036247259176
CHG002047,Critical,Emergency,Production,0.4979229342693786,0.06550184959325901,23.1642121546286,62.80443818585619,0,1,2,1,BusinessHours,0,0,0.27216347541157226
CHG002048,Critical,Normal,Production,0.10225665964741577,0.08917500993859026,18.970463621011298,69.17121994372208,0,0,4,1,BusinessHours,0,0,0.21217782203243465
CHG002049,Medium,Normal,Dev,-1.12295704910713,0.03618698749880778,26.709025584422683,63.32668910283612,0,0,2,0,BusinessHours,0,0,0.0212606140110333
CHG002050,Medium,Standard,Production,0.7668672933290608,0.11722277912417679,19.333034488323953,56.19557663198889,0,1,4,0,BusinessHours,0,0,0.09385936142520215
CHG002051,Low,Standard,Dev,-1.2247047776505404,0.01,23.300957221386888,77.51902914631867,0,0,1,0,BusinessHours,0,0,0.007136604032417782
CHG002052,Medium,Normal,Staging,1.1589495823768998,0.11392879398691777,18.965059034284607,49.518234093107424,0,1,4,0,BusinessHours,0,1,0.1416928849072952
CHG002053,High,Standard,Staging,2.857438423139865,0.1159586494822269,35.47227408087935,56.0790216910864,0,1,6,0,Weekend,1,0,0.23415595669487008
CHG002054,Critical,Standard,QA,0.3664511465715505,0.050001937463642836,26.46812699490926,71.26579565172467,0,0,3,0,OffHours,1,0,0.10952627750947544
CHG002055,Medium,Normal,Staging,0.5831081356577431,0.18508822610963216,8.314596107691926,51.054177604287354,0,0,2,0,OffHours,1,0,0.4672087087290806
CHG002056,Medium,Standard,Staging,-0.4928597688955594,0.01,45.0997914128871,100.0,1,0,1,0,OffHours,1,0,0.005050584295765807
CHG002057,High,Normal,Dev,-1.8102133210868163,0.05491692452430251,13.157487145151046,81.26388897693442,1,0,1,0,OffHours,1,0,0.024128101135443267
CHG002058,Low,Standard,Production,-0.6027193630302223,0.01,24.03565556906038,65.55635257307529,0,0,1,0,BusinessHours,0,0,0.013308988224996706
CHG002059,Medium,Standard,QA,-1.0928952410987494,0.07394818642958803,22.230444097616797,76.36120663544693,0,0,1,0,Weekend,1,0,0.02323088416314045
CHG002060,Medium,Standard,Dev,-1.4470045764150157,0.01,28.439676602552442,91.01619762762138,1,0,1,0,OffHours,1,0,0.005535541091108128
CHG002061,High,Normal,Production,1.7223599419956492,0.1840001814509269,13.199954408371292,61.548036357121184,0,1,4,1,OffHours,1,1,0.6782758798723961
CHG002062,Critical,Normal,QA,0.272862518025773,0.11984309239366814,31.108081563608106,65.34701233316014,0,0,6,0,BusinessHours,0,0,0.09930558303307728
CHG002063,Low,Normal,QA,0.37968758061398367,0.09618026356527845,20.227215471860575,58.45655530329882,0,0,1,0,OffHours,1,1,0.16324568498584768
CHG002064,Low,Standard,QA,-0.30902236519624954,0.013330351582361923,33.246521547083056,91.4719594213507,1,1,1,0,BusinessHours,0,0,0.004911233977031248
CHG002065,Low,Standard,Dev,-0.17287108244343635,0.04602832769827109,24.328766291214148,71.59664610425189,0,1,1,0,OffHours,1,0,0.02260056290074727
CHG002066,Low,Normal,QA,0.9645506822393334,0.07046808266654596,31.73607189257821,44.65429317384809,0,0,2,0,OffHours,1,0,0.06957163988579997
CHG002067,Medium,Standard,QA,-0.03233711869521544,0.13703233497167833,1.0,28.355698651095217,0,1,1,0,BusinessHours,0,0,0.11452011256022178
CHG002068,High,Standard,Staging,0.5306939380247327,0.09269812066747596,14.914321598368963,82.24476297084354,1,1,2,0,BusinessHours,0,0,0.06084927911774327
CHG002069,Medium,Normal,Staging,-0.19600429784501586,0.034838139751805955,22.11373808838535,48.87716355694383,0,1,2,0,Weekend,1,0,0.1034853237307382
CHG002070,Medium,Normal,Production,-0.3421528907320472,0.05539581501396748,15.89924013437748,67.2959847823028,0,1,1,0,BusinessHours,0,0,0.06088315169496539
CHG002071,Medium,Standard,Production,-1.406914165601862,0.01,27.46216289891496,93.58081751390982,1,0,1,0,OffHours,1,0,0.012901954689473508
CHG002072,Medium,Standard,QA,-1.977749062367128,0.01,17.5575222697952,57.085377442755004,0,0,1,0,BusinessHours,0,0,0.012164020060967172
CHG002073,High,Emergency,Production,-0.2615619010664018,0.06482491471177283,20.046287989515665,44.45527753837529,0,1,5,1,BusinessHours,0,0,0.29119770721343186
CHG002074,Medium,Emergency,Production,0.05649669199323269,0.07495315423858374,27.642725694929986,47.85572745296301,0,0,2,1,Weekend,1,0,0.16609385555454734
CHG002075,Medium,Normal,Production,-1.286130036708791,0.0685248458113607,10.035540067064025,80.95173289698695,1,0,1,0,OffHours,1,0,0.11044257541714048
CHG002076,High,Normal,Production,-0.03447486503463288,0.09957383542819663,29.418109714820023,93.61910137825333,1,1,3,1,BusinessHours,0,0,0.04195741389581741
CHG002077,Medium,Emergency,Dev,0.053752562990502024,0.07868617584000666,16.843222203221085,43.422724986114936,0,0,2,0,OffHours,1,0,0.16290246368157682
CHG002078,Low,Normal,Dev,-2.156008006059379,0.025147305518084154,13.166594703144543,82.81581626056513,1,0,1,0,BusinessHours,0,0,0.008351872017690862
CHG002079,Medium,Normal,Production,-0.9151246594795012,0.05888195020647104,29.574075871255783,78.37355592247087,0,0,2,0,BusinessHours,0,0,0.05078235064572081
CHG002080,Medium,Normal,Staging,0.4072638937354685,0.09115382113294912,26.896838631914484,66.96452829161285,0,0,3,0,OffHours,1,0,0.07934810769986064
CHG002081,Medium,Standard,Production,0.3870587293957439,0.07370444830357477,23.485159674191895,49.656219073768405,0,1,3,0,Weekend,1,0,0.11153490705323608
CHG002082,High,Normal,Production,-1.1536749163997606,0.024016283915708994,20.053581989274893,100.0,1,0,2,1,OffHours,1,0,0.0541849372795048
CHG002083,Medium,Normal,QA,0.15844805049973495,0.044409467651751786,29.075456202424995,48.070437034867325,0,0,3,0,BusinessHours,0,0,0.06431541775568993
CHG002084,Medium,Standard,QA,1.0224072253604721,0.08335640368995725,29.387071027833073,65.44247833996808,0,1,1,0,BusinessHours,0,0,0.05218464939127758
CHG002085,High,Normal,Production,0.7770729589908982,0.15148918734372002,23.439916561645116,50.40064495168668,0,1,4,1,BusinessHours,0,0,0.28004620568337624
CHG002086,Medium,Normal,Dev,-0.09528578701393456,0.08931807495743416,10.792468836382419,73.00745828094709,0,0,3,0,BusinessHours,0,1,0.13463933603034114
CHG002087,Medium,Standard,Production,-0.4679763133242924,0.08681051665381694,7.875879337665336,74.44853240280183,0,1,3,0,Weekend,1,0,0.051369389607869735
CHG002088,Low,Normal,Production,-0.6293444843345044,0.01,23.77999000076031,64.1539683003966,0,0,1,0,BusinessHours,0,0,0.04445459150806361
CHG002089,Medium,Standard,Dev,0.4678197829096571,0.07685031778958362,22.57203180365762,51.48089167110376,0,0,3,0,OffHours,1,0,0.0917619538405515
CHG002090,Medium,Normal,QA,0.19510397314288802,0.1197174699986527,7.021058839808738,37.514075930552174,0,1,1,0,BusinessHours,0,0,0.14812015500359568
CHG002091,Low,Emergency,Staging,0.6294040061022004,0.14922715844845977,1.0,40.50834275454425,0,1,2,0,BusinessHours,0,1,0.362357014498114
CHG002092,Medium,Normal,Production,0.13187381312115198,0.055285895794817956,27.375998856088184,78.29835702874219,0,1,1,0,BusinessHours,0,0,0.06711242329875396
CHG002093,Low,Normal,Staging,0.8187639503474419,0.0995725143228946,12.790352709755563,49.32247022348808,0,0,1,0,Weekend,1,0,0.288700935420835
CHG002094,Low,Normal,Dev,0.09459253295770016,0.07240232318917487,14.007655091031243,63.61832342977876,0,1,2,0,BusinessHours,0,0,0.028715122774099305
CHG002095,Medium,Normal,Dev,0.7846887161316864,0.10518174476586328,30.28991192733594,90.29459918850111,1,1,2,0,BusinessHours,0,0,0.037999299390980734
CHG002096,Medium,Normal,QA,0.8708227703666389,0.13703988512600163,7.597240629290764,60.10579818100818,0,1,2,0,BusinessHours,0,0,0.21439465607938593
CHG002097,Medium,Standard,QA,-0.8045266302248135,0.06712176036146095,28.01881456326423,87.29342808107674,1,0,2,0,BusinessHours,0,0,0.024346162294198774
CHG002098,Medium,Normal,QA,-1.808144046870746,0.01,19.078665200743583,51.365757374055875,0,0,1,0,BusinessHours,0,0,0.015669920344514685
CHG002099,Medium,Normal,Production,1.5434928560145533,0.11430052406334434,25.96836607950884,61.87656176877863,0,1,3,0,Weekend,1,0,0.3066664407170024
CHG002100,Low,Normal,Dev,0.2566587307122617,0.014883736184354963,29.827131037204992,74.6373193908557,0,1,1,0,Weekend,1,0,0.029221610555680535
CHG002101,Medium,Standard,Production,-1.7144858954961215,0.07602819306555375,6.376735233838621,54.38590055551402,0,0,1,0,OffHours,1,0,0.061672636833897496
CHG002102,Low,Standard,Production,-0.7138194972187111,0.0519288361493281,22.12031585026338,62.17236735824048,0,0,2,0,OffHours,1,0,0.030124510353823686
CHG002103,Medium,Standard,Staging,0.7718742923698284,0.05924259304236265,33.65698380849855,63.424442432853844,0,1,2,0,BusinessHours,0,0,0.04557971845739451
CHG002104,High,Standard,Staging,-0.279676831132893,0.08018978169744023,22.247928238934296,49.828828814341406,0,0,2,0,Weekend,1,1,0.159425036171178
CHG002105,Medium,Standard,Dev,-0.5120614193191271,0.08767514159984839,11.45727932396365,58.54995956780125,0,0,2,0,BusinessHours,0,0,0.03841801452429685
CHG002106,Medium,Standard,Staging,1.4008818603129667,0.15062562713428593,17.104564003871154,51.18297407954751,0,0,5,0,BusinessHours,0,1,0.280154177959857
CHG002107,Critical,Emergency,QA,-1.0472871463838105,0.01964818858848958,16.793157160388922,72.674247668768,0,0,3,0,BusinessHours,0,0,0.11977858482619391
CHG002108,Low,Standard,QA,-0.7981533577548339,0.01,29.959319580302008,66.98002328674697,0,0,1,0,Weekend,1,0,0.018107069223286924
CHG002109,High,Normal,Staging,0.21138647504826755,0.05364624388063585,15.83337440812003,61.871023125192956,0,1,3,0,BusinessHours,0,0,0.043071115480919596
CHG002110,High,Standard,Dev,0.39045493205388226,0.14040025834910966,16.076661100966604,67.29457801534915,0,0,3,0,BusinessHours,0,0,0.1316482247406005
CHG002111,Medium,Normal,QA,0.4963430343407315,0.11212360991964856,29.91391882966073,46.79001401346787,0,0,3,0,BusinessHours,0,0,0.07003926318797978
CHG002112,Low,Normal,Staging,0.9112380445689469,0.08035952688562135,30.06833073119446,68.60501458543425,0,1,2,0,BusinessHours,0,0,0.03639981779194153
CHG002113,Low,Emergency,Staging,0.19857862068151685,0.07022422230230148,19.123692498463626,59.38679584957323,0,0,2,0,BusinessHours,0,1,0.14072010049139233
CHG002114,Critical,Normal,Dev,0.48938393893840915,0.19238724650600653,13.98984227288065,55.627785933231685,0,1,3,0,OffHours,1,0,0.4045238448023874
CHG002115,Low,Normal,Dev,-0.2592092593150832,0.08118865390081195,19.64937500179454,60.25419694533922,0,0,1,0,OffHours,1,0,0.060043877976087484
CHG002116,High,Standard,QA,0.06269830323671424,0.052120395703344966,14.334202961205822,53.080899504879035,0,0,3,0,OffHours,1,1,0.1023807450901874
CHG002117,Medium,Normal,Staging,0.10753418005363442,0.11626122193410003,4.786585239579313,74.36170228957553,0,1,1,0,BusinessHours,0,0,0.26411131805366517
CHG002118,Medium,Standard,Staging,0.21509813581903608,0.11940662027372553,8.895106628418967,50.480303322972674,0,1,2,0,BusinessHours,0,0,0.0783781421860536
CHG002119,Medium,Normal,Dev,0.7725398075827608,0.15177519024359706,14.726715897181563,35.549740496553255,0,1,3,0,Weekend,1,0,0.26512794073049306
CHG002120,Low,Normal,Staging,0.555145681944831,0.09987427224163771,31.97961308805194,65.05229490491736,0,1,2,0,BusinessHours,0,0,0.04592367379358253
CHG002121,Medium,Standard,Production,0.0442170029001831,0.0446898733290217,26.75902508644591,56.938482476632714,0,1,2,0,BusinessHours,0,0,0.06866699810511967
CHG002122,Critical,Normal,Staging,-0.8091259849410398,0.0683249726963246,6.118068551240937,72.56217266699537,0,0,4,0,OffHours,1,0,0.307949993586362
CHG002123,Low,Standard,Staging,0.06767125806270954,0.057465783592175426,15.67982528118872,63.73678590801522,0,0,2,0,OffHours,1,0,0.10205414652806048
CHG002124,Critical,Normal,Staging,-0.028017784895743934,0.07493068924297384,14.277871858241298,78.99426212942551,0,1,4,0,Weekend,1,1,0.20507862541635483
CHG002125,Critical,Normal,Production,0.19318157981319836,0.07891381112732936,19.186948253314906,72.45474337067188,0,1,4,1,BusinessHours,0,0,0.2402137574013567
CHG002126,Low,Normal,Production,2.206525307140402,0.1927421901948718,16.639275460245596,39.94854427106281,0,1,4,0,BusinessHours,0,0,0.47813585147934456
CHG002127,Medium,Normal,Dev,-0.5237727785412354,0.13241574713166485,20.525378452203817,76.94802728682839,0,0,2,0,OffHours,1,0,0.14847650726680642
CHG002128,Low,Standard,QA,0.42228901912535954,0.10524576369608937,20.750832871201652,48.415731047373455,0,1,1,0,OffHours,1,0,0.07172020038108139
CHG002129,Medium,Normal,Dev,1.0684620672442982,0.1326038092041099,13.252957428050093,48.84339430937311,0,0,5,0,BusinessHours,0,0,0.25984338563138026
CHG002130,Critical,Normal,Production,0.09800191409938289,0.06914221880643856,8.967808533218632,70.69766973025393,0,1,4,1,Weekend,1,1,0.20986427905406643
CHG002131,High,Standard,Dev,2.337845119172165,0.19066281768626964,15.348714785516536,50.05244626223871,0,1,4,0,BusinessHours,0,1,0.2608802190507298
CHG002132,Critical,Standard,Production,-0.3780392917314767,0.09327903252227696,24.417245480386846,58.60503642727574,0,0,2,1,BusinessHours,0,0,0.1744743760331487
CHG002133,Low,Standard,Dev,0.32408922232004705,0.09671004497876384,17.77158717166835,41.00784703412278,0,0,2,0,OffHours,1,0,0.06728580650489445
CHG002134,Medium,Normal,Staging,-0.798805744892982,0.09990478488851448,15.410542794544542,68.70690104147069,0,0,2,0,BusinessHours,0,0,0.048726066788655764
CHG002135,Low,Normal,QA,-0.35152473514329313,0.01,37.93497024230775,76.6408526845731,0,0,1,0,BusinessHours,0,0,0.01291107370022799
CHG002136,High,Standard,Staging,0.2489339103966579,0.13367746864508512,10.079943922430937,57.96920173977078,0,1,4,0,Weekend,1,0,0.1191365045687972
CHG002137,Low,Standard,QA,0.8463040623077297,0.15968177396870406,9.517357182131269,49.27207837861488,0,1,3,0,OffHours,1,0,0.17935543192959527
CHG002138,Low,Normal,Production,0.3190948340235742,0.01,56.71114993676387,76.89340610541143,0,0,2,0,Weekend,1,0,0.018465540045611257
CHG002139,Low,Standard,Staging,1.259114849334736,0.12928684072359095,31.960522635173305,54.656300230485115,0,0,1,0,BusinessHours,0,0,0.14534928666694744
CHG002140,Low,Standard,QA,-0.09496531059267174,0.0630998867282963,4.850823292897355,55.21876453436494,0,1,1,0,BusinessHours,0,0,0.08611977605500759
CHG002141,Low,Normal,Production,-0.33216852983900536,0.05791688979979304,17.972139252133843,81.89627376925915,1,1,2,0,BusinessHours,0,0,0.01236403530550946
CHG002142,Low,Standard,Production,2.7039851072793866,0.19342845455310853,13.564780611165254,42.076114148294664,0,1,5,0,BusinessHours,0,0,0.5935466487389812
CHG002143,High,Normal,Production,0.39423764944203077,0.07984705302345796,26.535151432669014,93.34260688605556,1,0,3,1,BusinessHours,0,0,0.09796571617804771
CHG002144,High,Standard,Production,-0.7194815459785476,0.07264937990139138,21.453013320201347,70.97634791812351,0,0,2,1,Weekend,1,0,0.1518093288192312
CHG002145,Medium,Normal,Staging,-0.6942637622480688,0.08782609458588521,20.754667684092578,59.40036704132399,0,0,1,0,BusinessHours,0,0,0.11772967071280638
CHG002146,High,Standard,Production,-0.9426799145313405,0.011822161355272441,27.023191593126747,81.81005242814102,1,1,2,1,OffHours,1,0,0.01285959649614196
CHG002147,Medium,Standard,Staging,0.9365693558567879,0.10158863350352636,30.932300751774594,68.29213380608354,0,0,3,0,OffHours,1,0,0.11465191651099782
CHG002148,High,Normal,Production,-0.36437729289324183,0.028625694937665112,26.01810515768136,86.76705223116589,1,1,3,1,BusinessHours,0,0,0.029602738639828954
CHG002149,Medium,Normal,Production,0.12736247565648562,0.07055912204060914,26.5189067367595,83.12317867620118,1,0,1,0,BusinessHours,0,0,0.05483527547747553
CHG002150,Medium,Emergency,Dev,-0.06350867443826871,0.06847295844391944,15.137116129593108,40.19290620057899,0,1,3,0,OffHours,1,0,0.11724364627023014
CHG002151,Medium,Standard,Dev,0.7314924079409346,0.08668530472030544,29.503286217289013,78.79562928791083,0,1,3,0,BusinessHours,0,0,0.04958461236101687
CHG002152,Low,Normal,Production,-0.8467440928840201,0.01,17.862249529320444,79.68621228057586,0,0,1,0,BusinessHours,0,0,0.03270441328247751
CHG002153,Medium,Normal,Staging,-1.0755722861430155,0.017170597372031127,24.76957156479933,63.4243336427133,0,0,1,0,OffHours,1,0,0.06310794263782023
CHG002154,High,Standard,Staging,0.22429730718159427,0.01,30.253543328824243,73.37178447047216,0,1,5,0,BusinessHours,0,0,0.029801523146329265
CHG002155,High,Normal,Production,0.600959284699897,0.05298503293985364,27.171219122439165,80.67479823231166,1,1,4,1,BusinessHours,0,0,0.08609394117796138
CHG002156,Medium,Standard,Staging,0.33253231309764075,0.023939585020778725,27.919375192071573,69.31092600570304,0,1,3,0,OffHours,1,0,0.0650385009544068
CHG002157,Medium,Normal,QA,-0.8094537290973276,0.03391967106771534,17.996142368893793,58.691513776564875,0,0,2,0,BusinessHours,0,0,0.059568766643612284
CHG002158,High,Normal,Staging,0.6774848420913938,0.11019225278062099,16.29783383891818,46.08626026330074,0,1,6,0,BusinessHours,0,0,0.201665646115807
CHG002159,Low,Standard,Dev,-0.7438609270956342,0.03413140172449658,8.130197170375654,47.404671596781625,0,1,1,0,BusinessHours,0,0,0.03137350657928228
CHG002160,Low,Normal,Staging,-0.5215386447863833,0.06657491567956181,17.10407033887692,59.76334587806393,0,0,1,0,OffHours,1,0,0.10170194729613287
CHG002161,Medium,Standard,Production,-0.9439535247220022,0.033156781228717666,16.518678782023876,75.02932939981508,0,1,1,0,OffHours,1,0,0.031100375347871814
CHG002162,Low,Normal,Dev,1.3011583486520308,0.12099377234972766,17.202678114515926,38.16396346653208,0,1,1,0,Weekend,1,1,0.18818822861079473
CHG002163,Medium,Normal,Production,0.6334215410273492,0.08658244692832547,23.492268723437434,57.15645145378582,0,1,3,0,OffHours,1,1,0.22134820141722258
CHG002164,Low,Normal,Production,0.6049933756788733,0.12457659362084823,22.485402284763662,77.13363667107402,0,1,3,0,OffHours,1,1,0.11963992297594374
CHG002165,Medium,Standard,Dev,1.2472114211424503,0.08719391889813187,22.091682089571,79.85185019343933,0,0,4,0,OffHours,1,0,0.2006414532707846
CHG002166,Medium,Standard,Production,2.8126492482387233,0.1741896200126114,20.58488719147306,65.74627220461552,0,1,6,0,BusinessHours,0,1,0.34537027875498955
CHG002167,High,Normal,Production,-1.7092261039101555,0.013548275316754371,20.744242602379515,58.30503661882908,0,1,2,1,BusinessHours,0,0,0.02985576356718102
CHG002168,Medium,Normal,Staging,-0.7383765808771081,0.07503717737548028,7.837069363469425,81.4211888090222,1,0,2,0,OffHours,1,0,0.09436574736274167
CHG002169,Medium,Normal,QA,-0.6161750841745238,0.02179673458440896,33.19658703585567,83.56482773249095,1,0,2,0,BusinessHours,0,0,0.009990756629980127
CHG002170,Critical,Standard,QA,-0.8508196223826928,0.05830076395753872,15.328723897717893,71.74895629565101,0,1,3,0,Weekend,1,0,0.07071664307939199
CHG002171,High,Normal,Staging,-1.0775832476037126,0.034285044939596325,21.00310804264562,85.40129898276206,1,0,2,0,OffHours,1,0,0.06891617998781231
CHG002172,Medium,Normal,QA,-0.2996530640553656,0.12555431233711697,12.547434692045744,73.44108816639397,0,0,2,0,BusinessHours,0,0,0.0903737559479455
CHG002173,Low,Normal,QA,-1.216603715289405,0.0662397698140929,15.481832503385814,48.889811645997156,0,0,1,0,BusinessHours,0,0,0.03864098744716175
CHG002174,Medium,Standard,Production,0.3350423675374132,0.013356735547724125,30.820622241821365,65.7784730005826,0,0,4,0,BusinessHours,0,0,0.03486590100128665
CHG002175,Medium,Normal,Production,0.051698321428614635,0.032703455156237404,30.921063648762775,69.89590140517508,0,1,2,0,Weekend,1,0,0.04290423028765148
CHG002176,Medium,Standard,Production,0.4810286647636553,0.1352421966387638,29.48149632229707,48.29932702324959,0,1,1,0,BusinessHours,0,0,0.08050205998079878
CHG002177,High,Normal,Production,0.5077284516382525,0.0838905131716328,12.56749874494456,72.15155375547555,0,1,3,1,OffHours,1,0,0.30993233151139554
CHG002178,High,Normal,Dev,0.6030068534266765,0.08687341044328604,12.996315054045759,81.77692636217323,1,1,5,0,BusinessHours,0,0,0.041307595205160065
CHG002179,Critical,Normal,QA,-0.3734089368238823,0.08746960060648938,17.619418603735674,68.37710597927132,0,1,3,0,Weekend,1,0,0.12234056644923275
CHG002180,Medium,Standard,Staging,2.1211434026336673,0.18359885540914225,12.721686434025747,50.28240597889132,0,1,4,0,BusinessHours,0,0,0.2880557858845267
CHG002181,Critical,Normal,QA,0.23443111648209775,0.09516345392850972,7.642434809408073,65.3559026953177,0,1,6,0,Weekend,1,0,0.13753992305669868
CHG002182,High,Normal,Dev,-1.862484752624795,0.0334871696737056,25.20249136642061,78.00161433701152,0,0,2,0,OffHours,1,0,0.08036838941297571
CHG002183,Low,Standard,Production,-1.0023757457662175,0.03284489678237347,24.81666528869221,88.19703946905494,1,1,1,0,BusinessHours,0,0,0.008682871398397409
CHG002184,Medium,Standard,Dev,-1.7405029890278156,0.01,24.96955270870901,59.16758775900855,0,0,1,0,OffHours,1,0,0.017366822321547952
CHG002185,Low,Standard,Staging,0.01733462915130733,0.07130058837810548,23.396149047426604,74.91511451911387,0,0,2,0,BusinessHours,0,0,0.027168038658960267
CHG002186,Medium,Normal,Staging,-0.12180522405333363,0.08564636722029005,17.15099135400262,61.78272744256616,0,1,1,0,BusinessHours,0,0,0.10440163412676812
CHG002187,Medium,Standard,Staging,-0.4684256978994578,0.030331857480527274,23.5678888402588,65.15669941121254,0,0,2,0,BusinessHours,0,0,0.02657016056897416
CHG002188,Medium,Standard,QA,2.010926112400514,0.2172758270272675,16.821112778522284,36.528180110325735,0,1,4,0,BusinessHours,0,1,0.4770798576674529
CHG002189,Low,Normal,Dev,0.5489828740769108,0.11151639468017674,16.364794440366698,78.58861626295892,0,0,2,0,BusinessHours,0,0,0.11584307256121058
CHG002190,Low,Normal,Production,0.7260983614463344,0.1590342942803583,15.585972640744627,39.558728159619676,0,1,3,0,OffHours,1,0,0.24130573562870003
CHG002191,Low,Normal,Production,-0.9310734879421032,0.0800539404765023,11.618226296940005,62.92153860927096,0,0,1,0,Weekend,1,0,0.11460152493126335
CHG002192,Medium,Normal,Staging,-0.9991448913310123,0.01,35.452545904897704,99.65663648329377,1,1,1,0,BusinessHours,0,0,0.005850917990091516
CHG002193,High,Normal,Dev,0.03680549909695475,0.07419255977139294,13.084234916703736,42.680631766042936,0,1,3,0,OffHours,1,0,0.17488528948035306
CHG002194,Critical,Normal,Staging,0.17300713965222583,0.1502848902670577,9.260623282174983,53.24954479696994,0,1,4,0,BusinessHours,0,0,0.2618675626192323
CHG002195,Medium,Normal,QA,-1.856311567114457,0.01,31.724216291017267,89.14605912357159,1,0,1,0,BusinessHours,0,0,0.005260894343331867
CHG002196,Medium,Standard,Dev,-0.18030702284953407,0.04448960425154619,17.88054167265262,67.40030074474336,0,0,2,0,BusinessHours,0,0,0.05643434928371817
CHG002197,High,Normal,Dev,0.014072082873504806,0.1059616765119102,17.771309245630306,62.60667647887736,0,0,2,0,Weekend,1,1,0.13891001800219568
CHG002198,Low,Normal,Dev,-0.21514916577112894,0.1007510671559089,11.64325317120103,48.89262784966768,0,0,1,0,BusinessHours,0,0,0.1347404547081758
CHG002199,Critical,Normal,QA,-0.8133904123466764,0.01,21.33252907161102,82.70661179639892,1,0,1,0,BusinessHours,0,0,0.04200928424404183
CHG002200,High,Standard,QA,-0.53953518192114,0.05164017369420612,27.259268185706176,74.03620168084048,0,0,3,0,OffHours,1,0,0.04255205582970107
CHG002201,Medium,Standard,Production,-0.17685919357279603,0.01,19.839160499773584,79.12056756211122,0,1,2,0,BusinessHours,0,0,0.044500840302425425
CHG002202,Low,Standard,Staging,0.09080002361004777,0.05322420221205942,23.04636090173653,79.12063747474573,0,1,1,0,BusinessHours,0,0,0.0463675646265664
CHG002203,Low,Standard,QA,0.604791582550568,0.09599594211805551,17.242099012762356,42.841916565502935,0,0,3,0,BusinessHours,0,1,0.15544056843893347
CHG002204,Medium,Standard,Dev,1.0808562049508712,0.15600930714839015,20.719517731340584,65.08007130913512,0,0,3,0,BusinessHours,0,0,0.19552404486578695
CHG002205,Medium,Standard,Production,-0.2943477235272498,0.13748020115352078,21.2299615509304,58.594446374461995,0,0,2,0,BusinessHours,0,0,0.17531176817639907
CHG002206,High,Standard,Dev,-0.45615619611535785,0.018161210090889196,24.597622587349605,87.58111790331883,1,0,1,0,BusinessHours,0,0,0.011166476419772952
CHG002207,Medium,Normal,QA,0.43765567353430623,0.08376098268560894,26.09533208044609,72.77885409371073,0,1,2,0,Weekend,1,0,0.04541151309459816
CHG002208,Medium,Normal,Staging,0.6108449164108543,0.18020068936830996,12.901769343435681,77.5090981964087,0,0,4,0,OffHours,1,0,0.3382793007319972
CHG002209,Low,Normal,Production,-0.4342004332588856,0.06153176578082941,22.640846204967655,68.8274747388967,0,0,2,0,BusinessHours,0,0,0.12267845870622034
CHG002210,Medium,Standard,Production,0.7903934769661722,0.12998317298866305,18.080287552952765,51.73625995964681,0,0,3,0,BusinessHours,0,1,0.2002854520677555
CHG002211,Low,Standard,QA,0.9795853411559731,0.1282827048673007,9.037437135096262,43.110248454313194,0,0,3,0,Weekend,1,0,0.16589999108472125
CHG002212,Medium,Standard,QA,1.291686465658673,0.16552126056054717,21.88996362431018,43.4649394702149,0,1,5,0,OffHours,1,0,0.15914736689340672
CHG002213,Medium,Normal,QA,1.7783209067198225,0.14933808929825576,15.602802396397916,57.56220769064909,0,0,3,0,OffHours,1,1,0.34399260693992617
CHG002214,High,Standard,Staging,-0.8664161386594389,0.0792908803460941,20.325379678745023,52.046538851119635,0,0,3,0,OffHours,1,0,0.0835835182868314
CHG002215,Medium,Normal,QA,0.01389820933251119,0.12973462073994924,4.198712753680519,64.12682492711166,0,1,2,0,BusinessHours,0,1,0.10410096694513443
CHG002216,Medium,Standard,QA,0.011277696618660139,0.12907197931121922,8.777005531140292,51.281185906084445,0,1,3,0,BusinessHours,0,0,0.0674802927747023
CHG002217,High,Standard,Dev,-0.0980735685325076,0.07853356753147048,19.57675833854932,42.02590227604057,0,1,2,0,BusinessHours,0,0,0.08158103321929183
CHG002218,Medium,Standard,Production,-0.6492629196101362,0.06140885722847426,21.511626332934135,87.45769716432375,1,0,2,0,BusinessHours,0,0,0.03511842530019442
CHG002219,High,Normal,Dev,-1.4855620032310715,0.0819834936798326,11.508145876871378,30.247558239748926,0,0,1,0,Weekend,1,1,0.1304155520300129
CHG002220,Medium,Standard,QA,0.0926794460290038,0.10980367452970297,32.04728509320991,67.83263495029261,0,1,3,0,BusinessHours,0,0,0.03620428373901864
CHG002221,High,Normal,Production,-0.7683556595479125,0.047729312393086865,9.03120937196252,73.4955239153843,0,1,4,1,BusinessHours,0,0,0.1522313726748516
CHG002222,Low,Standard,Production,0.085993480747625,0.05714391413172018,19.145401128669064,40.67767323742456,0,0,3,0,Weekend,1,0,0.06601234251099303
CHG002223,Medium,Standard,Staging,-0.7940435416988534,0.037550293489129055,21.854563387794126,75.3670178483253,0,0,2,0,Weekend,1,0,0.062510228357631
CHG002224,High,Standard,Staging,-1.0996583458443414,0.11334990734988579,9.302520880130395,60.24998819612084,0,0,1,0,BusinessHours,0,0,0.053103093096743166
CHG002225,Low,Emergency,Dev,0.2342983603768977,0.08852510524685389,16.220390840238515,50.94221133470527,0,0,1,0,BusinessHours,0,0,0.10412487152765139
CHG002226,High,Normal,Production,0.15092152680649595,0.14621794782421993,7.562625982553356,71.07003357957866,0,1,4,1,OffHours,1,1,0.5025193206276267
CHG002227,Medium,Normal,QA,0.579281971320933,0.1009213360593211,20.387291535303696,65.85445533166313,0,0,3,0,BusinessHours,0,1,0.10636589571444909
CHG002228,Low,Normal,Production,2.1858637664176253,0.23971706082575317,15.688251400781315,36.746286046362115,0,1,3,0,Weekend,1,0,0.5969645133219776
CHG002229,Low,Normal,QA,0.2772895312108468,0.0585905998907817,31.867884133744383,67.16379634710634,0,0,1,0,BusinessHours,0,0,0.0492729641524693
CHG002230,High,Standard,Staging,0.4850817670641296,0.0874155768892973,17.73393068228665,80.06339716948773,1,1,1,0,BusinessHours,0,0,0.07286840308501819
CHG002231,High,Normal,Staging,-1.0775613288673254,0.04221057638975052,33.77339998561439,85.9135838996989,1,1,1,0,BusinessHours,0,0,0.010877406631205294
CHG002232,Medium,Normal,Dev,-1.2869074405363745,0.08026852692902377,4.086841990299507,56.83174420078161,0,0,1,0,OffHours,1,1,0.10133650552050452
CHG002233,Low,Standard,QA,1.5828294467733337,0.172771930939223,14.957280932229049,41.73316989070607,0,1,3,0,Weekend,1,1,0.18282442670751586
CHG002234,Low,Standard,Production,-0.9234797799333037,0.062336612925489476,29.787247004017466,60.773525059552526,0,0,1,0,OffHours,1,0,0.035922772595342566
CHG002235,Low,Normal,QA,-1.043944071468642,0.013393934049416986,34.248255765292654,76.12451056248038,0,0,1,0,BusinessHours,0,0,0.013526086558838107
CHG002236,High,Standard,Production,-0.03909892121655298,0.05983578971468442,40.51434166743557,96.27377632309562,1,1,5,1,OffHours,1,0,0.016579624392282437
CHG002237,Low,Standard,QA,-0.09019241337738836,0.08008315646465841,17.38070098641973,64.01509802388551,0,0,1,0,BusinessHours,0,0,0.03826717485364056
CHG002238,Low,Standard,Staging,-0.9025065064432917,0.01,39.287914168388355,69.04011704901777,0,0,1,0,BusinessHours,0,0,0.00948276932612853
CHG002239,Low,Standard,Staging,-0.3049732187131,0.08701883425512866,15.548802912388297,70.5832630984294,0,0,1,0,BusinessHours,0,0,0.043150953666066076
CHG002240,Medium,Normal,Staging,1.2293757176501043,0.08970632533451045,31.76590549827452,58.1454311608749,0,1,5,0,BusinessHours,0,0,0.20741661413481602
CHG002241,Medium,Normal,Staging,-0.8059936088317976,0.0719178766887574,19.016936134235948,71.58960251532663,0,0,1,0,BusinessHours,0,1,0.16316248927785063
CHG002242,Medium,Normal,Production,-1.3936724843661716,0.01,19.39126595195137,76.18199821031722,0,0,2,0,OffHours,1,0,0.05188871857112237
CHG002243,Medium,Normal,Staging,0.9425936208997923,0.1932642779680117,1.0,58.410643656669755,0,1,2,0,BusinessHours,0,0,0.5374812893787568
CHG002244,Critical,Standard,Staging,0.4922969119380367,0.124223558699145,20.265098649483637,42.282735606175336,0,1,4,0,BusinessHours,0,0,0.32067797400361103
CHG002245,Medium,Normal,Staging,-0.6205186206486616,0.04989694251370759,26.17405047900784,59.248939799046795,0,1,1,0,BusinessHours,0,0,0.03815735916943522
CHG002246,High,Normal,QA,-1.582167016126918,0.06412451625439207,8.965091389586187,79.72146885946788,0,0,1,0,OffHours,1,0,0.11238442385924123
CHG002247,Medium,Standard,Dev,-0.7446233564385631,0.041509660090242345,22.60556066056128,49.90296484645348,0,0,1,0,BusinessHours,0,0,0.04637684940349798
CHG002248,Low,Normal,Dev,-0.05470443684927131,0.05506845229640267,16.770705581822252,69.71964761804583,0,0,2,0,BusinessHours,0,0,0.025105115849113364
CHG002249,High,Normal,Staging,1.165672089883819,0.130343320927995,17.033094469722357,61.77275241919372,0,1,5,0,Weekend,1,0,0.36445709962789624
CHG002250,Medium,Normal,Production,-1.036581974869657,0.061965782318565164,9.595550046026561,40.17722926472981,0,1,3,0,BusinessHours,0,0,0.08763503708246043
CHG002251,Medium,Standard,Dev,-0.08451988151147344,0.05743262669492697,16.468881318448535,63.13256965852482,0,1,2,0,Weekend,1,0,0.06719303637760664
CHG002252,Low,Standard,Staging,0.675144659894898,0.13358276904528013,12.424965899701299,34.88677379794575,0,0,2,0,Weekend,1,0,0.34462196870534023
CHG002253,Medium,Normal,QA,-2.3812673401219207,0.01,2.3014974592281234,61.20351193558099,0,0,1,0,BusinessHours,0,0,0.012960732495359808
CHG002254,High,Normal,Staging,1.0337861679388998,0.12028577658657619,23.26655028537874,44.65305150223322,0,0,3,0,Weekend,1,1,0.41156602885789145
CHG002255,Low,Normal,Production,-1.1824505722064373,0.027592498356377518,18.496766498051844,70.116823954187,0,0,1,0,OffHours,1,0,0.07985497078485146
CHG002256,Low,Normal,Production,0.3319954934569346,0.01,35.011223950421275,65.5940442475218,0,1,1,0,BusinessHours,0,0,0.03529582415975406
CHG002257,Medium,Standard,Production,0.24668314961074406,0.15649830016840852,13.327670804786425,71.27550904595964,0,0,4,0,OffHours,1,0,0.3247827970449457
CHG002258,Medium,Normal,Production,1.084586391463845,0.07701187281398084,31.376082292285282,67.05197720755618,0,1,2,0,BusinessHours,0,0,0.12138811107050333
CHG002259,High,Normal,Dev,0.5509243808935403,0.16221530955877903,12.53412818905168,47.43645707086446,0,1,3,0,BusinessHours,0,0,0.27513800611968453
CHG002260,Medium,Emergency,Staging,-2.377290491729981,0.01,21.95353597897462,58.80892033508292,0,0,1,0,BusinessHours,0,0,0.02234752317307652
CHG002261,High,Normal,QA,-0.7847792471559913,0.04707799634348327,31.842774276489813,82.2492809071657,1,0,3,0,OffHours,1,0,0.017349675019618323
CHG002262,Medium,Standard,Production,0.13820512935328008,0.02855353333816665,30.46467084679167,96.5206462322084,1,1,1,0,Weekend,1,0,0.021870171983227656
CHG002263,Medium,Normal,Production,-0.19497988611978695,0.08832917300332666,25.886580957892903,55.18303583626943,0,1,2,0,BusinessHours,0,0,0.12992595997674639
CHG002264,Low,Normal,Dev,0.47761072975677044,0.060606549195179674,20.810482866463335,58.037980669361986,0,0,1,0,OffHours,1,0,0.10589343015397766
CHG002265,Low,Standard,QA,0.7893665556697054,0.15095415348941854,21.49465964382536,48.90474587437713,0,1,1,0,BusinessHours,0,0,0.08429396526795413
CHG002266,High,Normal,Staging,0.6084517364296791,0.11555101532019978,24.14526872502232,70.56296417484285,0,1,3,0,Weekend,1,1,0.2969342421706817
CHG002267,Low,Standard,Production,-0.21427494255446522,0.06951955524249454,24.154586513858128,82.1499159009092,1,1,2,0,BusinessHours,0,0,0.025455792897867476
CHG002268,Low,Standard,Dev,-1.8463370111204804,0.01,39.55812666866578,87.45288878606422,1,0,1,0,BusinessHours,0,0,0.0012201215844601322
CHG002269,High,Normal,Staging,-0.4554812488548173,0.04711941755822209,24.451129679313716,64.75722443927758,0,0,2,0,OffHours,1,0,0.08861660750804504
CHG002270,Medium,Standard,QA,0.4163681481389552,0.09001843184509853,23.39179185061695,54.30731200024355,0,1,3,0,OffHours,1,0,0.053857713800866576
CHG002271,Low,Normal,Staging,-1.0904472525504776,0.04340091932526474,30.308480941916265,74.9569231143826,0,0,1,0,BusinessHours,0,0,0.0270899184785619
CHG002272,High,Normal,Staging,0.6312747301215763,0.16244440604749613,10.904299928129106,61.96151424489004,0,0,2,0,OffHours,1,0,0.611784159487732
CHG002273,Medium,Normal,QA,0.9083932972673044,0.10577808916008209,16.0117481980761,61.452726885700336,0,1,2,0,OffHours,1,1,0.10827453688443463
CHG002274,High,Normal,Production,0.12686697629584257,0.1259639250565565,12.733389243556768,72.31951480359598,0,0,3,1,BusinessHours,0,0,0.37263939547523794
CHG002275,Medium,Normal,Dev,-3.063779866312396,0.013446187279093854,10.305596102548792,76.73909711312344,0,0,1,0,BusinessHours,0,0,0.007354718086967327
CHG002276,Low,Standard,Production,-1.2780883627118034,0.01,43.65129725577324,62.605694472391534,0,0,1,0,BusinessHours,0,0,0.00604220936567936
CHG002277,Low,Emergency,QA,1.8861891585560817,0.12596767653904375,26.741857330300125,69.40168066493268,0,1,3,0,OffHours,1,0,0.4418802354776335
CHG002278,Medium,Standard,Staging,-0.546537793028378,0.05841369199478627,23.448468165600982,66.76608178109511,0,0,2,0,OffHours,1,0,0.1628272027997185
CHG002279,High,Normal,QA,-1.984143223128996,0.01,31.008228258701248,98.28353730683646,1,0,1,0,BusinessHours,0,0,0.004923085873272626
CHG002280,Medium,Normal,Staging,1.2352473883102724,0.14021461289021583,10.110745735488866,39.03409813078603,0,0,2,0,OffHours,1,1,0.3712688681018837
CHG002281,High,Standard,QA,0.013355591543672855,0.07701865835711717,18.02943857560982,45.410703589261104,0,0,1,0,BusinessHours,0,0,0.07973389173626584
CHG002282,Medium,Normal,Staging,1.1049404889577255,0.08625406301574345,25.29379466048561,66.76082194887583,0,1,2,0,BusinessHours,0,0,0.10481390399230943
CHG002283,Medium,Normal,Dev,0.2769586752193653,0.09474367862741179,32.06963452467512,39.18341953968154,0,1,2,0,OffHours,1,0,0.06886763496020888
CHG002284,Low,Standard,QA,0.4585591362121688,0.14992371131145998,13.479008793054362,47.19561246010825,0,0,2,0,BusinessHours,0,1,0.19888248148318965
CHG002285,Low,Standard,Production,0.3630092477145166,0.06359512320839833,25.874548670041012,78.17159080469166,0,0,2,0,Weekend,1,0,0.08345128742798108
CHG002286,Medium,Standard,Staging,0.697488311921,0.13967151029413136,21.81351892121078,62.02648084422675,0,1,3,0,Weekend,1,1,0.1395294751029553
CHG002287,Medium,Emergency,Staging,2.2774304485560983,0.13559078978190725,29.860191267935146,50.618340912400065,0,1,6,0,BusinessHours,0,0,0.2543160909227166
CHG002288,Critical,Normal,Staging,0.9710063359591881,0.16865203461654107,9.610713962914659,73.91351323020028,0,0,5,0,BusinessHours,0,1,0.43836273662166303
CHG002289,Low,Standard,QA,-1.580339317845535,0.01,17.343540836440262,89.50539904589186,1,0,1,0,BusinessHours,0,0,0.004000790719864171
CHG002290,Medium,Normal,Production,0.4466615152789034,0.03760488446840928,34.62086806592389,51.00348188197005,0,1,4,0,BusinessHours,0,0,0.07188904832837563
CHG002291,Low,Normal,QA,1.1414807681032177,0.17729729351112575,12.151682090758309,48.122710536515015,0,0,1,0,Weekend,1,0,0.3787005294536671
CHG002292,High,Normal,Production,1.202700806536146,0.13937614461044873,21.05074223940024,77.1297178502594,0,0,6,1,BusinessHours,0,1,0.6435572162732853
CHG002293,Low,Normal,Production,-0.42660498305909955,0.0672366148309135,23.174365695380367,67.41997511780107,0,0,1,0,BusinessHours,0,0,0.04694692078686315
CHG002294,Medium,Standard,QA,1.1649444451881277,0.1667267450780971,15.51066028577671,72.04817649101128,0,1,2,0,OffHours,1,1,0.21505879361647365
CHG002295,Low,Standard,QA,0.9277423995512052,0.10651445091521847,26.217776576139833,71.75385451595122,0,0,2,0,OffHours,1,0,0.10074386326800923
CHG002296,Low,Normal,Staging,2.57251743696973,0.19171371371258106,10.899732181534906,37.94370862511857,0,1,2,0,OffHours,1,1,0.5313402427287336
CHG002297,Medium,Normal,Production,-0.7500017362485115,0.05472446505677652,22.38395797736965,56.31858496624815,0,0,1,0,OffHours,1,0,0.09181798743378723
CHG002298,Medium,Normal,Dev,-0.5074005764004252,0.04117689939790906,18.358605874877355,73.48049820321845,0,0,1,0,OffHours,1,0,0.07580998748818828
CHG002299,Medium,Standard,QA,-0.3061190484599539,0.022723401035131617,23.158011994923786,83.19380565270104,1,0,2,0,BusinessHours,0,0,0.014945619445240168
CHG002300,Medium,Normal,Dev,-0.4902221500387753,0.04159857987082746,26.422180276747618,51.12528094788945,0,0,2,0,BusinessHours,0,0,0.05778208808252649
CHG002301,Critical,Standard,Production,-0.890020749763603,0.06634727350248713,20.354860441450565,69.37303142141212,0,0,3,1,OffHours,1,0,0.24133571102536325
CHG002302,Medium,Normal,Production,-2.762675505673743,0.01,16.204390286839715,58.71854402695601,0,1,1,0,OffHours,1,0,0.013421769220207836
CHG002303,Medium,Standard,Dev,-0.4346994737231341,0.08208944848478567,19.943678422770418,63.572390742003336,0,0,2,0,BusinessHours,0,0,0.03562726501402469
CHG002304,High,Normal,Staging,0.36935805969990443,0.09052478972530528,24.101500030232597,41.875038288841694,0,1,3,0,Weekend,1,1,0.24616391760842507
CHG002305,Medium,Emergency,Production,-0.4932218455059107,0.059833073701756216,8.983324478368733,62.62065908618261,0,0,2,1,OffHours,1,1,0.36143503658416964
CHG002306,Medium,Standard,Production,1.9353811835291097,0.14409957425272615,17.833621861953116,43.51655230928162,0,1,3,0,BusinessHours,0,0,0.19104827896263918
CHG002307,Medium,Normal,Dev,0.013375812715862578,0.11547775569732137,4.085622370488831,66.08609652544826,0,0,1,0,Weekend,1,1,0.3069016292708057
CHG002308,Low,Normal,QA,1.2910290551841355,0.11124975742763588,7.492299540557829,43.07260306240164,0,1,3,0,OffHours,1,0,0.29097360802383004
CHG002309,Medium,Standard,QA,0.26142041272996835,0.06795175879578942,16.40199357018427,53.37027500573869,0,1,1,0,Weekend,1,0,0.0793254809226336
CHG002310,Medium,Standard,Staging,0.826407309893258,0.16623457516987813,11.519333768078914,33.01394898515747,0,1,3,0,OffHours,1,0,0.28779246396760605
CHG002311,High,Normal,Dev,0.27924155393356226,0.07943941982184555,33.46911705127699,78.86305375360597,0,0,1,0,OffHours,1,0,0.05503377912418995
CHG002312,High,Standard,Dev,1.3687846319035628,0.14926434935302182,19.866477628264736,60.086967288664596,0,1,4,0,BusinessHours,0,0,0.13994274236575469
CHG002313,Low,Standard,Production,0.05593935013240072,0.07577143115351656,26.760900072844404,77.06680525931253,0,0,1,0,BusinessHours,0,0,0.06591851976802497
CHG002314,Low,Normal,Staging,0.4961207080887857,0.08648214210951444,18.999177808741873,65.51083532813384,0,0,2,0,OffHours,1,1,0.2224297335002747
CHG002315,Medium,Normal,Dev,0.3663329336500437,0.0919040444466932,19.518612259828,66.77412088376288,0,0,2,0,OffHours,1,0,0.12457090252425403
CHG002316,Medium,Normal,QA,-0.2882854581273188,0.11716297055746348,8.611660509655461,65.94972333253168,0,0,2,0,Weekend,1,0,0.23919618272084334
CHG002317,Medium,Normal,Dev,0.4049823189246768,0.11789142928971899,18.403673161687006,68.93339659516617,0,0,2,0,BusinessHours,0,0,0.11096704595706518
CHG002318,Medium,Normal,QA,2.234386246197682,0.21126192272207997,12.35462735669074,51.4577329130148,0,0,4,0,OffHours,1,1,0.6472831928427298
CHG002319,Medium,Normal,QA,-0.270396942095442,0.1016975912126925,30.374552776376625,46.890484016097446,0,1,1,0,BusinessHours,0,0,0.0639648943314099
CHG002320,Critical,Standard,Dev,0.4194648928532483,0.21243513798742913,1.0,38.183048134174584,0,0,4,0,OffHours,1,0,0.5065545443369098
CHG002321,Medium,Standard,Dev,1.2577789508694428,0.15605080725328116,6.344599116960184,27.565057563138716,0,1,3,0,BusinessHours,0,0,0.25208113938156024
CHG002322,Low,Normal,Production,1.1402532809442802,0.13779858006440315,26.3467815626397,70.1110634809891,0,1,2,0,OffHours,1,0,0.12599645055961523
CHG002323,Medium,Emergency,Production,0.011716417719365251,0.015157973268199988,27.98954041199499,80.27856690587532,1,0,2,1,BusinessHours,0,0,0.09896080680223276
CHG002324,Medium,Standard,Dev,-2.3833887029573617,0.01,31.700681420482862,100.0,1,1,1,0,Weekend,1,0,0.0007546508217573915
CHG002325,Medium,Emergency,Staging,0.5167028186484662,0.06303647972410598,28.23641118989746,53.295795915411716,0,0,1,0,OffHours,1,0,0.21812767460101465
CHG002326,Medium,Normal,Dev,-2.2194742586230527,0.01,29.864487728920533,93.53166817745536,1,0,2,0,BusinessHours,0,0,0.0019892360148665044
CHG002327,Medium,Normal,Production,1.469937230941231,0.14875083672449146,18.225334839198172,54.257703487883674,0,0,3,0,OffHours,1,1,0.6149611283913817
CHG002328,High,Standard,Production,0.16947387119326057,0.10798116444076618,16.39249400323454,59.18100828054591,0,1,2,1,OffHours,1,0,0.2843136373388893
CHG002329,Critical,Standard,Staging,0.999674019871989,0.1296363309114879,35.19122860815216,49.3896701753123,0,1,5,0,BusinessHours,0,0,0.13051450806639112
CHG002330,Medium,Normal,Staging,-0.9021111381810512,0.031108063719240044,9.861319365396016,88.45049204234351,1,1,2,0,BusinessHours,0,0,0.015288791785603988
CHG002331,Low,Standard,QA,-1.5525074733000543,0.01,43.38026590116157,80.74113571502056,1,0,1,0,Weekend,1,0,0.001384304491204217
CHG002332,Medium,Standard,QA,0.2607543841411672,0.13519962770361332,10.628913829929427,55.95735671760894,0,0,2,0,BusinessHours,0,0,0.12311870119997129
CHG002333,Medium,Standard,Staging,-0.03360343995614198,0.036452040581531925,37.030229961417,90.58879975869084,1,0,1,0,BusinessHours,0,0,0.00970935278271036
CHG002334,Critical,Emergency,Dev,-0.4915408261571657,0.0869364651095401,18.381185648796972,53.35378935683858,0,0,3,0,OffHours,1,0,0.23482208365963275
CHG002335,Medium,Standard,Staging,0.08466128073276377,0.047222418063060184,30.537320021179376,74.62666865109767,0,0,2,0,BusinessHours,0,0,0.037401329258973576
CHG002336,Medium,Normal,Staging,2.76743589203226,0.11227694974775862,27.55042722944846,56.17262795012926,0,0,5,0,BusinessHours,0,0,0.4795228839496843
CHG002337,High,Standard,Dev,0.8345255473690577,0.14576191403683544,16.968833256488132,51.954106958067854,0,1,3,0,BusinessHours,0,0,0.12950946252268264
CHG002338,Medium,Standard,Staging,1.049498605863319,0.10625613468903522,9.667540486868845,54.58968786677449,0,0,3,0,BusinessHours,0,1,0.3121266961879267
CHG002339,Low,Standard,Production,0.8439368915533556,0.1495929937449849,15.488834251274737,53.58467474232351,0,1,2,0,BusinessHours,0,1,0.23241953003324564
CHG002340,Medium,Normal,Staging,1.4794621438521929,0.18914487907744262,3.000992150578109,45.451122886063416,0,0,5,0,OffHours,1,1,0.6219670322157834
CHG002341,Medium,Normal,Staging,-0.1900716729007449,0.07389352131987936,25.24725455666267,60.44418546296174,0,1,2,0,BusinessHours,0,0,0.028952674502379736
CHG002342,Medium,Standard,Production,-2.0547613076752937,0.01,27.448929395868632,61.46118546177291,0,0,3,0,BusinessHours,0,0,0.03140166859742682
CHG002343,Critical,Normal,Dev,-0.1885861330060098,0.0858473578717738,32.22708332705154,78.8528005606436,0,0,3,0,OffHours,1,0,0.11716322642143433
CHG002344,Medium,Standard,Staging,0.8117357099965018,0.07770534354393226,16.35631878993983,74.92513327505611,0,1,1,0,OffHours,1,0,0.1323695957105076
CHG002345,Medium,Normal,QA,-0.9698003951150737,0.11626221835619915,1.618214149364059,63.80637711359714,0,0,1,0,BusinessHours,0,0,0.12143166529581317
CHG002346,Low,Standard,Dev,-0.17636595048933035,0.04783394058331349,27.6808215004366,79.3677637355154,0,0,2,0,BusinessHours,0,0,0.022295095680499262
CHG002347,Low,Normal,Production,-0.6917697430023131,0.04679688323437385,28.48251461088533,57.10824046667339,0,1,1,0,BusinessHours,0,0,0.04814178401418793
CHG002348,Medium,Emergency,QA,1.5020292518431304,0.13471638375812334,23.917577288980127,17.447550945552983,0,1,4,0,BusinessHours,0,0,0.19244692338424127
CHG002349,High,Normal,QA,0.7494570154065637,0.11315131964061806,30.339023144949067,60.36507204158931,0,0,3,0,BusinessHours,0,0,0.16621066383014335
CHG002350,Medium,Standard,Dev,0.651540620643959,0.06651064648647613,32.464908156939835,46.61502473245342,0,0,2,0,OffHours,1,0,0.03880360239779528
CHG002351,Medium,Normal,Production,0.6216013131209713,0.091559521580518,13.165078382735128,61.505984135984875,0,0,1,0,Weekend,1,1,0.3032357808136603
CHG002352,Low,Normal,Production,-0.037249252552126945,0.14577426977052096,1.0,66.08340193972458,0,1,2,0,BusinessHours,0,0,0.3929363093659416
CHG002353,Medium,Normal,Dev,0.1975562825275035,0.09723743783517337,17.39156216002998,56.42578028278148,0,0,2,0,BusinessHours,0,0,0.07783017100671816
CHG002354,Medium,Standard,Staging,-1.1851845805323176,0.01,33.19002097414325,69.18207985324673,0,0,2,0,Weekend,1,0,0.03328098550658529
CHG002355,High,Normal,Dev,-2.1864419787505676,0.01,13.013979427125715,63.18177838642907,0,0,1,0,BusinessHours,0,1,0.057850072685916167
CHG002356,Medium,Standard,Production,0.15008113034502407,0.09201097241793216,26.451795034142187,65.36281002556261,0,1,2,0,Weekend,1,0,0.10333811128942626
CHG002357,High,Normal,Staging,0.3239902562721444,0.12025652232817483,10.020639713724073,59.482185022269086,0,1,5,0,OffHours,1,1,0.2805007498295715
CHG002358,High,Standard,Dev,1.2092645684253776,0.211648348170355,7.631858827842853,33.6970391236243,0,1,6,0,Weekend,1,0,0.389633304018698
CHG002359,Medium,Normal,Staging,1.5713358160823676,0.13602341824007874,29.266098778240544,68.08060215541508,0,1,4,0,OffHours,1,0,0.268904840070699
CHG002360,Medium,Standard,Production,1.5699984849989468,0.13553005990737077,10.03436400038264,80.92237373830272,1,1,2,0,BusinessHours,0,0,0.18593569387346714
CHG002361,High,Standard,QA,-0.9980235932938778,0.09306610347685741,16.429129325439312,84.41784046245088,1,0,1,0,OffHours,1,0,0.03979784074355921
CHG002362,Critical,Standard,Dev,-0.3522650349497693,0.10088650698021005,11.900538637063235,63.25281768849362,0,1,4,0,BusinessHours,0,0,0.11456526262410008
CHG002363,Medium,Emergency,Production,0.48033429588137955,0.022043591477961796,34.016000699316024,58.33516537723024,0,1,2,1,OffHours,1,0,0.13992160440313087
CHG002364,Medium,Normal,Dev,2.5319046777421774,0.16189787171751777,21.665253434782358,38.295638889096246,0,1,5,0,BusinessHours,0,0,0.38667224348073914
CHG002365,Medium,Normal,Staging,1.480099203713916,0.12699980511408326,24.04972565803891,47.302829920870536,0,1,4,0,OffHours,1,0,0.23665961284658157
CHG002366,High,Normal,Staging,1.1193971619983802,0.15475693495475623,20.83028594391184,64.45824933484626,0,1,4,0,BusinessHours,0,0,0.39000445399507416
CHG002367,High,Normal,QA,-0.3877879555492906,0.01,22.56456056201141,83.36285480040458,1,1,2,0,BusinessHours,0,0,0.01479708994150582
CHG002368,High,Standard,Dev,-0.8831996311551246,0.01,35.81070299719168,67.47646926502466,0,0,3,0,BusinessHours,0,0,0.01375315460805823
CHG002369,Low,Normal,Dev,0.7889078833832395,0.10774146791984383,22.23364578893674,67.61954760442879,0,0,2,0,BusinessHours,0,0,0.10101590609630401
CHG002370,Low,Standard,Dev,-1.10066126423436,0.01,28.623536197858694,91.94686377402166,1,0,1,0,BusinessHours,0,0,0.00435701636052203
CHG002371,High,Normal,Staging,-0.23843635098030264,0.06721080817002481,14.995075246594089,66.94891801029677,0,1,3,0,BusinessHours,0,0,0.03730151133868906
CHG002372,Medium,Standard,Production,-0.11477794900192263,0.1341550303770955,5.226277907064638,53.718119314043655,0,1,4,0,Weekend,1,0,0.16344035480887445
CHG002373,High,Emergency,Dev,1.592912089122808,0.1530669977849208,24.570065364315028,44.47566358489528,0,0,6,0,OffHours,1,1,0.6518118346378599
CHG002374,Medium,Normal,Production,-0.35469730295967755,0.04889598432300475,21.41504053485943,75.09568167076768,0,0,4,0,OffHours,1,0,0.2500509140923486
CHG002375,High,Standard,QA,-2.4392496385726155,0.01,17.249822092702377,84.58164876623347,1,1,2,0,OffHours,1,0,0.00951951349043663
CHG002376,Medium,Normal,Dev,0.5044446476624683,0.07867193896420403,7.364224144788562,56.563428707893685,0,1,2,0,BusinessHours,0,0,0.19343815638221995
CHG002377,Low,Standard,Staging,-0.6990218531039264,0.10168060021954617,1.0,62.149995764772754,0,1,1,0,OffHours,1,0,0.06580765602144296
CHG002378,Low,Standard,QA,0.042631024437746814,0.1264930424865935,7.9059654737313885,51.900639822342434,0,0,1,0,BusinessHours,0,0,0.1210063903997884
CHG002379,High,Normal,Staging,-0.08670470084212364,0.05984084274073086,17.612153118120744,50.48536652189517,0,1,3,0,BusinessHours,0,0,0.1814192466643266
CHG002380,Low,Normal,QA,-0.2737039958177683,0.09057562282302435,29.01692500101663,48.02427369791226,0,0,1,0,OffHours,1,0,0.09760615119353809
CHG002381,High,Normal,Staging,0.7903405817847039,0.1374565801684127,18.750266900669583,60.2726360729149,0,1,4,0,Weekend,1,0,0.3293488891104116
CHG002382,Medium,Normal,Production,-1.5328648783527072,0.021518003448463947,21.176041057784065,79.11376053870629,0,0,1,0,BusinessHours,0,1,0.054975636383726295
CHG002383,Medium,Standard,QA,-0.5170142249543602,0.06429450697139054,16.857894892415963,71.56551332157748,0,0,2,0,BusinessHours,0,1,0.03871042839037572
CHG002384,Medium,Standard,Production,0.6840379131173813,0.08950518786392767,32.515292502769796,57.2151603080953,0,0,2,0,OffHours,1,0,0.09795053780842793
CHG002385,Critical,Normal,QA,-0.6140847753443682,0.08609659562408808,12.113014560259407,70.0123291796024,0,1,3,0,BusinessHours,0,0,0.048348064014670414
CHG002386,High,Normal,Dev,-1.6088067092699718,0.01,15.963897500544697,83.68845015679038,1,0,2,0,BusinessHours,0,0,0.0086258296653461
CHG002387,High,Standard,Dev,0.6685553432567358,0.11586643627932779,25.342650502793255,76.42214141474412,0,1,4,0,BusinessHours,0,0,0.09571053755524649
CHG002388,High,Standard,Production,1.123094630441539,0.18242646555154463,9.143495005323185,56.421804858267805,0,1,3,1,BusinessHours,0,0,0.40318758029858265
CHG002389,Medium,Standard,Staging,-0.04499520764300634,0.08927734916322554,12.714152620364263,55.845828731086826,0,1,1,0,OffHours,1,1,0.0647721604414645
CHG002390,Critical,Standard,Production,-1.9608455984695325,0.07217598292320945,1.0,78.09203140461094,0,1,2,1,Weekend,1,0,0.06315182165556367
CHG002391,Medium,Standard,Production,0.7059697466988162,0.09695262156044739,23.604367278461808,49.63269856919685,0,0,3,0,OffHours,1,0,0.21726469056698935
CHG002392,Medium,Standard,QA,-1.659887881419688,0.027527442959394133,11.431177644478058,41.70742887208337,0,0,1,0,OffHours,1,0,0.024090534135799823
CHG002393,Medium,Normal,Production,0.3087992768481657,0.06535389254213234,25.057007685415698,85.91475976406113,1,1,3,0,BusinessHours,0,0,0.07853265154178406
CHG002394,Medium,Standard,Production,-0.8874638247421598,0.09927251002912048,7.942365168902535,58.20407319459759,0,0,1,0,BusinessHours,0,0,0.10604533744719831
CHG002395,High,Standard,Production,-1.1598392857669653,0.027715648515947718,19.946419736698996,86.85518447495724,1,0,1,1,BusinessHours,0,0,0.02862820158054825
CHG002396,Medium,Normal,Staging,-0.4419100170796902,0.031236149060979525,21.618071041592472,64.60607258545764,0,0,1,0,BusinessHours,0,0,0.047364189594254334
CHG002397,High,Normal,Production,-0.18329755642725984,0.07870318319853054,26.87821443261857,63.13136824518938,0,0,3,1,OffHours,1,1,0.15694950311980904
CHG002398,Critical,Standard,Dev,-0.6442082503864482,0.11334681900228381,16.77202411888892,58.24537730608935,0,1,1,0,Weekend,1,0,0.1620430164178195
CHG002399,Medium,Standard,Production,0.5887032782151507,0.09644174383715917,18.763365177096283,63.44642247393784,0,1,3,0,BusinessHours,0,0,0.238285243369379
CHG002400,Low,Normal,Production,-0.44606937845883377,0.029284654273507297,19.809057979432552,71.97134264616231,0,0,2,0,Weekend,1,0,0.0918414055012153
CHG002401,Medium,Standard,Staging,0.980190871671822,0.11006419548756889,35.41469969372544,73.96071732727438,0,1,4,0,BusinessHours,0,0,0.0478455707137158
CHG002402,Low,Standard,Dev,0.28117316564347944,0.14510143920317234,11.520259007985793,46.42487713252855,0,0,3,0,BusinessHours,0,0,0.16987918684210818
CHG002403,High,Normal,Dev,-0.697557206596308,0.08784523560053761,7.023728570041516,64.68786470581878,0,0,2,0,BusinessHours,0,0,0.16270712824154773
CHG002404,Medium,Standard,Production,-0.8659398838322859,0.01,42.2911557326333,81.44070264201109,1,0,2,0,BusinessHours,0,0,0.004648769157728756
CHG002405,Medium,Normal,Production,-1.6474962990474387,0.01,15.19640767918498,93.8998641148795,1,0,1,0,OffHours,1,0,0.04292359403521383
CHG002406,Medium,Normal,Production,0.2907331778668224,0.14009343229299723,4.940639400563828,33.669170219390686,0,1,1,0,OffHours,1,1,0.46616522256015913
CHG002407,Medium,Standard,Production,-0.3545875472513581,0.09684740325914676,22.50943329422942,53.895201772601496,0,1,2,0,OffHours,1,1,0.08589626050815714
CHG002408,Medium,Standard,Staging,-2.3721955280635143,0.059227168310707005,1.0,59.51436104481438,0,0,1,0,OffHours,1,0,0.11090684218906277
CHG002409,Medium,Emergency,Production,-0.5357148727694001,0.06000345428057044,32.74859024443133,89.63934628298678,1,0,3,1,OffHours,1,1,0.10031514767474234
CHG002410,Medium,Normal,Dev,-0.901034029254952,0.01993240756459196,27.576250730901364,87.07874172298341,1,0,2,0,BusinessHours,0,0,0.011297076525035261
CHG002411,High,Emergency,Dev,1.5756775921706603,0.14923923535185918,11.874408446413836,25.769989689934782,0,1,4,0,Weekend,1,1,0.496355721989284
CHG002412,Low,Normal,Staging,-1.7027786118933097,0.05843318604793584,16.135796291685566,85.19345461663787,1,0,1,0,BusinessHours,0,0,0.010686375744620757
CHG002413,Medium,Standard,QA,-1.4413507997340538,0.01,28.102382491692588,89.18634446222,1,0,1,0,OffHours,1,0,0.005360302904527903
CHG002414,Low,Standard,QA,1.1099696431056998,0.18351820318760342,7.61253342100268,47.153668397164935,0,1,3,0,OffHours,1,1,0.31391269774709485
CHG002415,Medium,Standard,Production,1.3567631574639631,0.18501808708073278,4.4675935304061785,53.244665087508125,0,1,3,0,BusinessHours,0,0,0.542575170389382
CHG002416,Low,Normal,Dev,-0.7449829387256415,0.021186303728676865,17.009277588935333,70.05991550374235,0,1,2,0,BusinessHours,0,0,0.03014067445495803
CHG002417,High,Standard,Production,-0.6320858228089109,0.0674230201705758,10.359340749087004,66.83991544709056,0,1,2,1,BusinessHours,0,0,0.10054067457006678
CHG002418,Low,Normal,Dev,0.6162353965533128,0.08291941197780332,22.7971750725963,39.37791919276039,0,1,4,0,BusinessHours,0,0,0.06120570380676126
CHG002419,Medium,Normal,Production,-2.32709979694531,0.027322242100209605,1.0,92.087733338059,1,0,1,0,OffHours,1,0,0.048347217668084
CHG002420,Medium,Normal,QA,-1.8611936845055561,0.01,22.49902297797687,76.01968284208293,0,0,1,0,Weekend,1,0,0.023574204368976566
CHG002421,Medium,Normal,Production,-0.28073340085071186,0.07607443301965125,11.215286381247786,51.354526492018515,0,0,2,0,BusinessHours,0,0,0.059937518697328565
CHG002422,Low,Standard,Staging,1.549890566129126,0.1490916908848933,26.554713979993778,50.39332543744754,0,1,2,0,OffHours,1,1,0.16230560626390136
CHG002423,High,Standard,QA,-0.4357300881667396,0.026611767174874647,19.608671483118197,64.31998489254113,0,0,2,0,BusinessHours,0,1,0.06509045981902792
CHG002424,Critical,Normal,QA,0.10093679173515462,0.061851750047121144,12.569547748642965,56.024511396932205,0,0,4,0,OffHours,1,0,0.12206071891973014
CHG002425,Low,Normal,Dev,1.133789272564012,0.17702775152805056,13.1406939449891,55.13733313726418,0,1,1,0,OffHours,1,0,0.32630458232270015
CHG002426,Critical,Normal,QA,2.106884733278146,0.1547763759267493,11.358796449343496,63.28338043928181,0,1,7,0,OffHours,1,0,0.4631484946987162
CHG002427,Medium,Normal,QA,-0.5768484731483126,0.04054343847051056,17.195971358560833,43.788329843091844,0,1,3,0,BusinessHours,0,0,0.033027963514010814
CHG002428,Medium,Normal,Dev,-0.016836723733426057,0.10825507763973759,22.12316608645424,57.791194717891884,0,0,4,0,OffHours,1,0,0.18521698107439297
CHG002429,High,Standard,Production,1.8220552213428425,0.152298720011691,35.26977357642107,52.44415243174503,0,1,5,1,OffHours,1,0,0.30855495773528785
CHG002430,Low,Standard,QA,-1.5221992751914284,0.04920683583339236,6.193731559932695,70.07580099108135,0,0,1,0,Weekend,1,0,0.023514286032391682
CHG002431,Medium,Normal,QA,1.0275810705538218,0.05038628499718892,28.229355357199484,86.71344586177142,1,1,3,0,BusinessHours,0,0,0.02410914934418642
CHG002432,Low,Normal,QA,-1.0183155323612583,0.01,36.97406753318997,73.49490754143945,0,1,1,0,Weekend,1,0,0.00874981363538217
CHG002433,Medium,Normal,Staging,0.10247236710315673,0.0683222128815164,31.778479013710996,88.19865778897073,1,0,2,0,BusinessHours,0,0,0.0363597142810354
CHG002434,Medium,Standard,Staging,-0.24261904740027426,0.09427701609965157,18.558751118116497,58.3220914202745,0,0,1,0,OffHours,1,0,0.17164401746135458
CHG002435,High,Normal,Staging,-0.9580116007012293,0.13421322590238083,15.317560855870832,76.22077249653985,0,1,4,0,OffHours,1,0,0.22641692531412125
CHG002436,Medium,Standard,Staging,-0.9831019276582751,0.01,26.08721491042678,76.68517637735475,0,0,1,0,BusinessHours,0,0,0.014356118748687103
CHG002437,Critical,Standard,Staging,0.2764143642537545,0.12980586981134756,22.752990041168072,58.43140009872592,0,0,6,0,BusinessHours,0,0,0.17845573096394787
CHG002438,Low,Standard,QA,0.9955393281626821,0.1578398415418219,12.309097732089931,51.54765506442636,0,0,2,0,OffHours,1,0,0.19333045944447577
CHG002439,Medium,Normal,QA,-0.1297362031885032,0.045125284159032567,19.512929975015552,89.75983462728047,1,1,2,0,OffHours,1,0,0.01524343367161434
CHG002440,Medium,Standard,Production,0.07011315873321637,0.12705984045567134,12.65751438621452,60.30797869336441,0,1,3,0,OffHours,1,0,0.23423368342157458
CHG002441,Low,Standard,QA,0.5711740662910472,0.14618932586120545,6.634935490956519,59.972550509552406,0,0,2,0,OffHours,1,0,0.11410849048296569
CHG002442,Low,Standard,Production,-0.9716187730129598,0.043369578498847476,21.594980292759075,84.08755503151806,1,0,1,0,Weekend,1,0,0.015371076859136714
CHG002443,Medium,Standard,Staging,0.739692508412923,0.14147908495128664,3.750386756949675,40.730560547878966,0,1,3,0,BusinessHours,0,0,0.1526673198765306
CHG002444,Low,Normal,Staging,0.819343097059747,0.10285974582545444,21.318438396934365,61.71914615823642,0,1,3,0,BusinessHours,0,0,0.15917226803935355
CHG002445,Medium,Normal,Staging,2.60362629875041,0.12902878968731987,24.820466043585142,44.25717305054192,0,1,6,0,Weekend,1,1,0.23397564895139172
CHG002446,Critical,Normal,Production,-0.3761041905595823,0.01,12.76284577968423,87.1417928547725,1,0,3,1,BusinessHours,0,0,0.08125411052596206
CHG002447,Medium,Standard,QA,-0.4580818016681276,0.027738605434514188,34.30770401058624,82.42058373411939,1,0,1,0,OffHours,1,0,0.014045132511335708
CHG002448,Low,Normal,QA,0.7689658715737455,0.06899717136039188,26.05006125523455,75.09620728328315,0,0,1,0,BusinessHours,0,0,0.06258684330376565
CHG002449,Low,Standard,Production,0.8191041689121383,0.10584944592478379,17.901396113204648,34.029411726601126,0,0,4,0,BusinessHours,0,0,0.20046647629496214
CHG002450,Low,Normal,Staging,-0.535087153376712,0.14927590584232403,1.0,61.404290698159635,0,0,1,0,OffHours,1,1,0.2662364520396334
CHG002451,Medium,Normal,QA,-0.40316267693004887,0.09480521156661892,16.89920257319145,58.354406547524185,0,0,1,0,OffHours,1,0,0.14179690783733975
CHG002452,High,Normal,QA,0.5411308382180404,0.11664728312210497,27.459267901589314,48.76839500642745,0,1,4,0,BusinessHours,0,0,0.08517601067930022
CHG002453,Medium,Emergency,QA,-0.8275842407346614,0.08194217634838828,4.532546315283442,51.908666095835756,0,0,1,0,BusinessHours,0,1,0.14840674443600743
CHG002454,Low,Standard,Production,-0.4105339880150149,0.05396039488859536,7.81628153204753,47.777970059204165,0,0,2,0,OffHours,1,0,0.07456984852066853
CHG002455,Medium,Normal,QA,0.08959276736843465,0.048276564797054666,35.26101592099789,73.9849651204422,0,1,3,0,OffHours,1,0,0.08766075385694672
CHG002456,Medium,Normal,Dev,0.9959386848222581,0.09020544767399766,41.653402649033694,84.52713784202936,1,0,2,0,BusinessHours,0,0,0.031676684060565154
CHG002457,Medium,Normal,Dev,-0.6045986161795408,0.09609636736305209,22.615352500878743,44.3248212888324,0,0,3,0,BusinessHours,0,0,0.06845330350799053
CHG002458,Critical,Normal,Production,-1.842384462030672,0.013721354866092585,11.336239859665843,74.87488158761727,0,0,1,1,OffHours,1,0,0.13466573945821192
CHG002459,Medium,Standard,Staging,-1.916597467518211,0.01,17.075697826789604,77.9869705942785,0,0,1,0,OffHours,1,0,0.012263913551183872
CHG002460,Medium,Normal,Staging,-1.2594130667061334,0.049701612678668225,24.810630754268352,53.656843692570796,0,1,2,0,OffHours,1,0,0.016194905040841194
CHG002461,High,Normal,Production,-1.3131677181999373,0.01,14.296757217343934,85.42366202219458,1,1,1,1,Weekend,1,0,0.0411148779466072
CHG002462,Medium,Normal,QA,-0.15461075861990903,0.06254192274596318,23.447150713534498,81.09028973000169,1,0,2,0,OffHours,1,0,0.022826139202103683
CHG002463,High,Standard,Production,-1.188880153597605,0.04499948164049306,20.89964214389318,93.23009579521191,1,0,3,1,OffHours,1,0,0.060845750003629975
CHG002464,High,Standard,Production,-0.7027549598212041,0.05622688074798429,20.6855856656613,77.41717527720007,0,1,1,1,BusinessHours,0,0,0.06648344797122142
CHG002465,Medium,Emergency,Staging,-0.7740858849820498,0.05721861773971994,17.962356746283582,53.76117914299136,0,1,1,0,OffHours,1,0,0.04793806241725618
CHG002466,Medium,Standard,Production,-0.4405078608479934,0.08391179365700444,21.561474205108,71.89446448707106,0,0,3,0,Weekend,1,0,0.10752050793768311
CHG002467,High,Standard,Production,1.3225043315231224,0.10180375390834534,23.848187897537162,75.7156200939534,0,0,4,1,BusinessHours,0,0,0.23806322088991236
CHG002468,Medium,Standard,QA,0.6619475894305167,0.1299310925642326,11.294895557922805,55.168690774047406,0,0,3,0,BusinessHours,0,0,0.11031363656303649
CHG002469,Medium,Normal,Dev,0.016129415276003874,0.0627618329150649,20.63670321328552,80.6218527123389,1,0,2,0,BusinessHours,0,0,0.020724176521516396
CHG002470,Medium,Normal,Production,-0.4610262805808381,0.12938601565494573,18.970365712646586,41.78802874547911,0,0,2,0,OffHours,1,0,0.10427054783989315
CHG002471,High,Emergency,QA,-0.4332326566230212,0.017275463243956866,24.111033536725426,78.80149735329107,0,0,2,0,OffHours,1,0,0.2358939976563146
CHG002472,Low,Normal,Staging,0.3277464699519495,0.07768307203883235,15.799554038229003,67.55594189263307,0,0,2,0,BusinessHours,0,1,0.16653698594759733
CHG002473,Low,Standard,QA,0.5841690733522902,0.1421751254485028,21.092677400763954,25.37881188450914,0,0,2,0,OffHours,1,0,0.17274688441264313
CHG002474,Medium,Standard,Production,-0.9076175061006004,0.01,28.61000743006075,85.42358800183379,1,0,1,0,OffHours,1,0,0.00818908410976653
CHG002475,Medium,Standard,Production,0.03648075561423148,0.07824610479522474,22.755818193107714,45.318686872573764,0,0,2,0,Weekend,1,0,0.06732883027324722
CHG002476,Medium,Normal,Production,-2.031619568663027,0.01,18.041511872634103,66.75918031050585,0,0,1,0,OffHours,1,1,0.0873307191700007
CHG002477,Low,Emergency,Staging,0.21171378417059702,0.0841253036114585,26.340409314251914,62.71875045220163,0,0,2,0,OffHours,1,0,0.1738848886502715
CHG002478,Medium,Standard,Production,0.762149241958686,0.19084560090673353,1.0,40.6540605393218,0,1,3,0,BusinessHours,0,0,0.42596848321336667
CHG002479,Medium,Standard,Staging,-0.2800686268808754,0.07514124296144682,16.8686265953104,78.30232143997044,0,1,2,0,Weekend,1,0,0.056495838646149356
CHG002480,Low,Normal,Staging,1.8165269961401054,0.1284668436638723,25.31161018927771,57.95979316014242,0,1,4,0,OffHours,1,0,0.21323025440510945
CHG002481,Medium,Normal,Staging,-0.8812384474360504,0.02127430614632897,13.188025980184676,70.7244922653427,0,0,1,0,OffHours,1,0,0.0895459739160333
CHG002482,Medium,Normal,Staging,0.21744041530326128,0.09305669368511588,31.929482036836358,77.26780276096824,0,0,3,0,OffHours,1,1,0.15233492705040913
CHG002483,High,Normal,Staging,-0.035824746665955476,0.19796740801637894,1.0,40.120769959272394,0,0,3,0,Weekend,1,1,0.6819987853477719
CHG002484,Medium,Standard,QA,-0.10029766744340833,0.06300414255598848,18.336934623040907,62.75461039867338,0,0,3,0,OffHours,1,0,0.08809026822030049
CHG002485,Low,Normal,QA,-0.11432216800474763,0.039319879684636856,15.12944054573947,69.56251121926672,0,0,1,0,BusinessHours,0,0,0.042908101496473575
CHG002486,Medium,Standard,Production,0.10710503000947168,0.09412392621251192,27.404577076085328,66.59017298892022,0,1,1,0,BusinessHours,0,0,0.05141963665463683
CHG002487,Low,Normal,Dev,0.8479587434636998,0.05873492221059452,21.6695569005602,78.87543543132143,0,1,2,0,BusinessHours,0,0,0.05259223436539068
CHG002488,Low,Standard,Production,1.3777362362747443,0.15822920157369444,26.70773089308581,44.50468454187616,0,1,3,0,BusinessHours,0,0,0.1734691768849611
CHG002489,Critical,Normal,QA,-0.0022502445041573905,0.08598663431748685,27.661803800937925,53.894735270732745,0,0,4,0,BusinessHours,0,1,0.19641629337941893
CHG002490,Low,Emergency,QA,0.8153160721716332,0.14421972691260998,12.171255843770824,26.412484786875222,0,0,3,0,OffHours,1,1,0.4470508926708689
CHG002491,Low,Normal,Staging,-0.7017669462667825,0.08739546488464445,18.938235413650983,43.48049993693973,0,1,1,0,OffHours,1,0,0.05916029310563252
CHG002492,High,Standard,QA,0.765955452726233,0.16704842614932378,8.970323899960018,67.84623588221203,0,1,2,0,Weekend,1,0,0.25301739838934095
CHG002493,Medium,Emergency,Production,-0.7619915238269903,0.11055075520692029,4.979319012510169,37.35140144765441,0,1,4,1,Weekend,1,0,0.4417269339809146
CHG002494,Medium,Standard,Production,1.0906599360881322,0.11312844817596698,13.36474066148054,45.815321812185985,0,1,2,0,BusinessHours,0,0,0.27671523714243107
CHG002495,Medium,Normal,Staging,2.2106408773932396,0.13741016218963142,32.51820461817887,76.57150050800749,0,1,3,0,OffHours,1,0,0.1826957569511116
CHG002496,Critical,Standard,QA,-0.12208388797139179,0.06181628201016241,22.744034474466808,62.38009826419148,0,0,5,0,Weekend,1,0,0.26318881560161805
CHG002497,Low,Normal,Dev,-2.1925434908074086,0.01,17.167528275495684,90.25234254371885,1,0,1,0,OffHours,1,0,0.003311077708095836
CHG002498,Low,Standard,Production,-0.548072933244823,0.07362865157473916,23.532441995799186,48.742998680671064,0,0,1,0,BusinessHours,0,0,0.074122101785506
CHG002499,High,Standard,Dev,1.2318751342893033,0.22093708237962845,3.56229803884037,59.391395508394496,0,1,4,0,Weekend,1,0,0.5013936388366975
CHG002500,High,Emergency,Production,0.5530767870252449,0.0689748365741343,23.759510150870724,55.66900103902794,0,1,3,1,BusinessHours,0,0,0.14797806410022296
CHG002501,Critical,Normal,Production,0.24891359867502955,0.12666705142160892,4.435469398313396,35.5837720309918,0,0,3,1,OffHours,1,1,0.756211384458663
CHG002502,Medium,Standard,Dev,1.008668355954839,0.1663833887084137,17.694421069465402,40.818816575000675,0,1,4,0,BusinessHours,0,0,0.07617070933298141
CHG002503,Critical,Standard,Staging,0.484453439248422,0.1155312282954031,10.879730486151086,81.02177875370472,1,1,4,0,OffHours,1,0,0.09754793520163373
CHG002504,Medium,Standard,Staging,1.2177251874511363,0.13705383429391632,19.43836821282341,49.837501128765176,0,1,2,0,Weekend,1,0,0.2433102642023974
CHG002505,High,Standard,Staging,0.9194236766469855,0.16833939527232916,3.327993292681626,40.60018963963417,0,1,3,0,OffHours,1,0,0.16392206822008001
CHG002506,High,Normal,Dev,1.5217004527369589,0.2304710395737872,1.9177727011824874,34.76383246644926,0,1,4,0,BusinessHours,0,0,0.535799411448079
CHG002507,Low,Normal,Production,0.35879608390625434,0.10054996084932262,10.428037298295067,57.066447092498485,0,1,1,0,BusinessHours,0,0,0.1593916959208685
CHG002508,Low,Emergency,Dev,0.9052594014939547,0.1108533206335137,15.497241024325263,44.338452170526494,0,0,2,0,Weekend,1,1,0.2863200349232783
CHG002509,Medium,Normal,Production,-0.3071270730857854,0.10775710680165526,9.876273257605671,67.37765330382994,0,0,2,0,Weekend,1,0,0.16738943565094677
CHG002510,High,Emergency,Staging,-0.6014608115590059,0.021590463495270357,25.005229945522863,69.419229095599,0,1,2,0,Weekend,1,1,0.10241685329928418
CHG002511,Low,Normal,Staging,1.7067676404189733,0.18124322890033576,16.81061632585428,50.61630401124338,0,1,2,0,OffHours,1,0,0.4712661618220208
CHG002512,High,Standard,Production,0.21620467632268803,0.05718542096178624,32.72879484195249,62.10425895325093,0,1,3,1,BusinessHours,0,0,0.06393836182081443
CHG002513,Medium,Normal,Production,0.804880565862379,0.11912424383371087,16.6618541568168,84.53518864963294,1,1,4,0,BusinessHours,0,0,0.07385919402029381
CHG002514,Medium,Standard,Staging,0.12374001441139017,0.06417857172852168,32.77992430773181,64.87198365238405,0,1,4,0,BusinessHours,0,0,0.025194865682129256
CHG002515,Medium,Standard,QA,-0.5865156509199643,0.05742336838235198,20.87398148998749,84.98892736489995,1,0,1,0,BusinessHours,0,0,0.012918913713660761
CHG002516,High,Normal,Staging,0.010982892582401323,0.028938541734658752,17.635104073417153,63.261905146351495,0,1,4,0,BusinessHours,0,0,0.06865057827476408
CHG002517,Low,Normal,QA,1.4359940177677142,0.16678936542966055,14.666387611089275,35.17329935701183,0,0,2,0,BusinessHours,0,0,0.2553026656985971
CHG002518,Medium,Standard,Production,0.555240074279424,0.09429191733845108,8.335976683994584,43.59376328890915,0,1,2,0,OffHours,1,0,0.11793824469345449
CHG002519,Low,Standard,QA,-1.711473159730459,0.07898618083132367,9.594302724967243,71.81860666591298,0,0,1,0,OffHours,1,0,0.0683672541664676
CHG002520,Critical,Standard,QA,-0.2152444565761547,0.10847831356809573,1.0,62.19751701826329,0,0,1,0,BusinessHours,0,0,0.3568259921918561
CHG002521,High,Normal,Production,1.782293792704712,0.1411018091604785,23.690009513996678,39.57222077084911,0,1,6,1,Weekend,1,0,0.43976571843148843
CHG002522,Low,Standard,QA,-0.21379686184995605,0.04417465557149661,36.304224616906666,59.19872316648333,0,0,1,0,BusinessHours,0,0,0.025771802835966827
CHG002523,Medium,Normal,Production,-1.8004786917341806,0.01,31.769708696452504,87.36588439703341,1,0,1,0,Weekend,1,0,0.020696144587894535
CHG002524,Medium,Normal,QA,1.8930488854225436,0.1903341421684867,11.965508276228363,46.150577373295626,0,0,4,0,BusinessHours,0,1,0.5086856093435275
CHG002525,Medium,Standard,Dev,0.6823925098127926,0.07000298015013307,26.873866923948402,62.94114823865454,0,0,4,0,BusinessHours,0,0,0.025385476571116266
CHG002526,High,Normal,Staging,-0.0700128588128004,0.09135826480133938,22.785885169660375,46.98981054531886,0,1,3,0,OffHours,1,0,0.24093735563306015
CHG002527,Medium,Emergency,Staging,-0.37141773608206863,0.052772528667140904,18.343024836804535,64.62640227441494,0,0,2,0,BusinessHours,0,0,0.0830741717377872
CHG002528,Medium,Normal,Production,1.0823519297917354,0.07425968688741284,29.712703635228063,68.33881556068248,0,1,4,0,OffHours,1,1,0.2600016277910373
CHG002529,High,Normal,QA,-0.5419834002261925,0.01,47.429248800950525,87.26804188073334,1,1,3,0,OffHours,1,0,0.014163380140825837
CHG002530,Medium,Standard,Dev,1.1482564245159883,0.15786689646516816,20.840854180687973,53.912904369389175,0,1,2,0,BusinessHours,0,0,0.12398189781672983
CHG002531,Low,Normal,QA,0.542195285724256,0.11117286197870782,20.694525341581063,43.42162924402497,0,0,2,0,OffHours,1,0,0.18791671194445642
CHG002532,Low,Normal,QA,0.24468192548734993,0.1575400194473522,13.354986875462755,56.330182357690525,0,0,2,0,OffHours,1,0,0.24335614040350861
CHG002533,Medium,Emergency,Staging,0.14551480533559535,0.05577700072315999,29.633444417079403,67.58038845471701,0,1,1,0,BusinessHours,0,0,0.059450836937720304
CHG002534,Medium,Normal,QA,-0.17496803671417813,0.07794305352732864,24.822240055761878,53.591038847012925,0,1,3,0,OffHours,1,0,0.059829804432279
CHG002535,Low,Normal,Staging,1.0456401202092658,0.1148920594274719,18.842310594511424,56.17820823205203,0,0,1,0,Weekend,1,0,0.21870982742965359
CHG002536,Medium,Standard,Production,-0.8653428321018342,0.01,51.38327463440269,98.13683641398285,1,0,1,0,BusinessHours,0,0,0.003767679559175633
CHG002537,Medium,Standard,QA,-1.6219251268302093,0.01,17.174723148281267,79.31182983374978,0,0,2,0,BusinessHours,0,0,0.013863516000037197
CHG002538,Medium,Standard,Staging,0.6144401228924746,0.1564549650804339,13.08637122560748,27.441817753692476,0,0,2,0,BusinessHours,0,0,0.3563195924827226
CHG002539,Low,Standard,QA,0.6312383280671477,0.06861435788708997,24.09136148434392,50.89452256917009,0,0,1,0,OffHours,1,1,0.09931873726940142
CHG002540,Medium,Normal,Production,0.4802411525117667,0.1533286462184864,9.743528847168225,45.85207468807836,0,1,3,0,Weekend,1,1,0.3246032185968365
CHG002541,Low,Standard,QA,0.4077283696180388,0.09818279775819523,13.228074990043632,65.6786205486102,0,0,3,0,OffHours,1,0,0.0950559729677296
CHG002542,Medium,Normal,Staging,-0.32054037833754784,0.0775303897650948,15.930818459506009,95.926796677429,1,0,1,0,OffHours,1,0,0.13781110351093753
CHG002543,Low,Normal,QA,0.7874827043855253,0.12755678911653504,10.841646930343202,56.19855006671206,0,0,1,0,BusinessHours,0,0,0.22951406478434874
CHG002544,Medium,Standard,Dev,-0.04555812675454088,0.11917949848856316,9.635727929800119,41.23587886472698,0,0,3,0,OffHours,1,0,0.1991373212494696
CHG002545,High,Normal,QA,-0.4871135608151781,0.01,28.155162357195415,78.1183476123232,0,1,3,0,BusinessHours,0,0,0.023910276729023763
CHG002546,Low,Standard,QA,-0.3118913122553999,0.0615934068502114,18.168004502176593,69.71468269852416,0,0,1,0,BusinessHours,0,0,0.02968926146637351
CHG002547,High,Standard,Production,2.020639698775832,0.1794770416320605,20.93073821068988,56.33572293575007,0,1,3,1,BusinessHours,0,0,0.6609726419100885
CHG002548,Medium,Emergency,QA,-1.7349760820454327,0.01,29.148893483807953,89.08873652654383,1,0,1,0,BusinessHours,0,0,0.015109973042536758
CHG002549,Medium,Standard,Production,0.49978810429579884,0.05984379077410408,22.3009665605083,80.9913801249991,1,1,4,0,OffHours,1,0,0.04714827879307872
CHG002550,Medium,Standard,Staging,-1.6791104276237172,0.02248216803870582,13.97340702135409,86.80946899169848,1,0,2,0,OffHours,1,0,0.00844424506271361
CHG002551,Medium,Normal,QA,-0.10823333832297323,0.06931666716603614,31.334287699304546,70.6513417166027,0,0,2,0,BusinessHours,0,0,0.05894974789134557
CHG002552,High,Standard,QA,-0.4336274851541877,0.06461168298688834,18.82947111965624,87.2073871554541,1,0,3,0,BusinessHours,0,0,0.02517842658042159
CHG002553,High,Standard,Dev,-2.085028296679878,0.01,35.67334674966253,82.20175018178547,1,1,1,0,OffHours,1,0,0.0028432286125905275
CHG002554,High,Normal,Production,0.389037590433763,0.08728038679621863,25.362914048066063,67.81324018173585,0,1,4,1,BusinessHours,0,0,0.08923909475912062
CHG002555,Medium,Normal,Dev,-0.3800380621921959,0.035858901644212474,21.98063681723979,66.25809038799683,0,0,3,0,BusinessHours,0,0,0.025716807728862697
CHG002556,Medium,Normal,Production,-2.099206342561244,0.01,16.078086898758432,54.67538914242119,0,0,1,0,Weekend,1,0,0.0722967453177705
CHG002557,Low,Normal,Dev,0.8395680907742521,0.041540930849380875,33.46022825705206,84.25732620579973,1,1,3,0,OffHours,1,0,0.015104291840476458
CHG002558,Medium,Standard,QA,1.435006177988935,0.14849725445632936,33.559624457078066,58.280870297828066,0,1,3,0,Weekend,1,0,0.2066622002429578
CHG002559,Low,Normal,Dev,1.490124342296572,0.1072577482316022,21.3856638477383,27.378085621853707,0,1,3,0,Weekend,1,0,0.13329931170802486
CHG002560,Low,Standard,Staging,0.35895644065147114,0.09705722252009191,29.69290987588099,77.04675634868399,0,0,1,0,OffHours,1,0,0.09213197393443595
CHG002561,Medium,Standard,Staging,0.04605813857711549,0.108792697726696,15.576705769843661,56.72338226920344,0,1,3,0,BusinessHours,0,0,0.09716868165721694
CHG002562,High,Emergency,Production,1.328156620895797,0.14594942479016182,19.406387474771506,50.58254276460376,0,0,5,1,BusinessHours,0,0,0.8005207232766504
CHG002563,Low,Normal,QA,1.6823835853400984,0.17971688836915442,7.5097496229665985,49.9734481282315,0,1,3,0,BusinessHours,0,0,0.2543218574240071
CHG002564,Medium,Standard,Dev,1.133568702875625,0.12098294657558024,25.78670553886988,36.197861426692484,0,0,3,0,BusinessHours,0,1,0.16859347852787926
CHG002565,Medium,Standard,Production,-0.9415376022298011,0.08537672339061222,10.04008273783564,62.64162909761933,0,0,2,0,OffHours,1,1,0.2180084340039445
CHG002566,Critical,Standard,Staging,0.2013448532149219,0.09530222005455391,13.449263149182265,48.04734649031456,0,0,4,0,BusinessHours,0,0,0.2357159688429354
CHG002567,Medium,Normal,Production,0.4395161442914286,0.10444139159350994,26.646333370549314,48.67281144835552,0,0,4,0,BusinessHours,0,0,0.24208144470553236
CHG002568,Low,Standard,QA,-1.8096169689172292,0.01,30.847099187004286,98.74288885032483,1,0,1,0,BusinessHours,0,0,0.0012211203038536749
CHG002569,Low,Emergency,Production,0.4693606596207741,0.10818181711914263,18.695749134159485,59.824401266705486,0,1,2,1,OffHours,1,0,0.2359101369461081
CHG002570,Medium,Standard,Dev,2.272991825979389,0.2505653969618286,1.0,46.59014923176973,0,0,4,0,BusinessHours,0,1,0.6721453073743071
CHG002571,Low,Standard,Production,0.6399361658007914,0.027166400024072154,34.260723335928645,59.637016843699186,0,1,3,0,BusinessHours,0,0,0.04156761490808047
CHG002572,Critical,Emergency,Dev,1.4734130814417563,0.1470637074398561,14.420537590447802,27.750792085064013,0,1,5,0,OffHours,1,1,0.48676723868806676
CHG002573,Critical,Normal,Production,0.18291473012870507,0.1050293810713731,20.559994120659223,74.37389568209638,0,1,6,1,BusinessHours,0,0,0.18517450954972436
CHG002574,Critical,Standard,QA,-0.07321832398382148,0.07099543197223432,17.210834659652786,55.48261621344476,0,0,4,0,BusinessHours,0,0,0.20912263856680113
CHG002575,Medium,Normal,Production,0.3812713900809755,0.06268076021669092,25.780846685099934,56.87867724393125,0,1,3,0,BusinessHours,0,0,0.15567109171325094
CHG002576,High,Normal,Production,-0.8158266479844326,0.05942064300707857,16.73155694305871,77.11210830965118,0,1,2,1,OffHours,1,0,0.10561156758508412
CHG002577,Medium,Normal,Production,-0.9637751872343886,0.05260290920561472,23.042433575554757,71.04188372838465,0,1,1,0,BusinessHours,0,0,0.06115867993237884
CHG002578,Low,Normal,Staging,1.2663045571693656,0.07577605355355055,29.08208919654906,58.41562660976503,0,0,2,0,BusinessHours,0,0,0.08833394907999016
CHG002579,Medium,Normal,QA,1.3723423428665182,0.13054851722536948,13.568671917603883,37.051694390655896,0,1,4,0,BusinessHours,0,0,0.18152984630117458
CHG002580,Low,Emergency,Production,-0.9911063155873504,0.01,33.1907135644129,81.77030032551464,1,0,1,1,OffHours,1,0,0.02517437676125248
CHG002581,Medium,Normal,Staging,0.9679988045538644,0.1009741701891072,33.03426967425381,59.41422831084229,0,1,2,0,BusinessHours,0,0,0.15361122836703783
CHG002582,Critical,Standard,Staging,-0.08695997560602091,0.0576422235475931,21.939770808453922,77.78211407804957,0,1,4,0,OffHours,1,0,0.07709354278873924
CHG002583,High,Normal,QA,0.33980857449043056,0.12387540431278599,5.518264106563767,55.6071106251092,0,0,4,0,BusinessHours,0,1,0.48526791232423405
CHG002584,Medium,Normal,QA,0.4602186394350634,0.0647188893481101,29.418105184223656,82.23012403279888,1,0,2,0,OffHours,1,0,0.03418753094094198
CHG002585,Medium,Normal,QA,0.9943504681243184,0.11885057010169689,18.562413525140446,51.01306702651177,0,0,3,0,BusinessHours,0,0,0.20000849524715414
CHG002586,Low,Standard,Staging,0.08271820186318887,0.09105812351819287,35.58227111030085,65.17572012338883,0,0,1,0,BusinessHours,0,0,0.04709289864650915
CHG002587,Medium,Normal,Dev,1.410161995301936,0.18345641947345803,10.600385857903394,33.61175241898746,0,1,4,0,BusinessHours,0,0,0.2923017729466494
CHG002588,Low,Normal,QA,0.30941283975992473,0.12548314801095273,8.869186202047874,47.71736928267561,0,0,2,0,OffHours,1,0,0.2905009567859303
CHG002589,Medium,Emergency,Production,0.6241842724695326,0.04729699188573777,34.93453437082728,67.93520850851353,0,1,4,1,BusinessHours,0,0,0.06674885829477784
CHG002590,Medium,Standard,Staging,-0.8332625915372465,0.09565451290241316,7.633061949266197,55.162565795798564,0,0,1,0,BusinessHours,0,0,0.06992911024844364
CHG002591,High,Normal,Production,2.158659010704834,0.1284909534688096,20.558044759147233,59.54291813421281,0,1,5,1,BusinessHours,0,1,0.2817143007329806
CHG002592,High,Normal,QA,0.4698249232049664,0.11040823777437278,21.616178090355653,79.6778471621803,0,0,3,0,Weekend,1,0,0.19807305809326403
CHG002593,Low,Standard,QA,0.7129974253450992,0.15067122135531602,19.275423760197448,51.01263329439876,0,1,2,0,OffHours,1,0,0.06429443836016287
CHG002594,High,Normal,Staging,-1.6081858112115415,0.01,19.653631214200335,61.77925019034235,0,0,1,0,Weekend,1,0,0.05258550234843992
CHG002595,Low,Standard,QA,-0.822702023079101,0.11904765599116132,9.277711876830804,57.51314088130903,0,0,1,0,BusinessHours,0,0,0.08186198971409592
CHG002596,Medium,Normal,Staging,1.2378836879187305,0.15703031671514311,15.39631503450451,37.92873002516555,0,1,2,0,OffHours,1,0,0.19881389562541654
CHG002597,Medium,Normal,Dev,0.2868911182926047,0.12892903019620156,12.600089698383988,71.13637128843136,0,0,2,0,OffHours,1,0,0.1892179462892462
CHG002598,Low,Standard,Staging,-1.913779734828926,0.01,17.68574558507932,78.56034734749981,0,0,1,0,BusinessHours,0,0,0.013711923970175637
CHG002599,Low,Normal,Dev,1.038289928983819,0.09849484100200846,29.7768557055245,54.42933271093275,0,1,3,0,BusinessHours,0,1,0.048407658296390335
CHG002600,Medium,Emergency,Staging,-0.5437828043527234,0.04573294961160529,23.651905403757674,54.41132300350705,0,0,1,0,BusinessHours,0,0,0.12605308128471018
CHG002601,Low,Standard,Production,1.411316985876712,0.16506235728274177,10.111717658644427,29.148913735094897,0,1,2,0,Weekend,1,1,0.3402905755065359
CHG002602,Critical,Emergency,Dev,-0.08783567860369966,0.06158743295497625,33.405811641111754,73.79678446070673,0,1,4,0,OffHours,1,0,0.05698823009423323
CHG002603,Medium,Standard,Staging,0.20470668602052994,0.06793077431158269,22.80418708334406,85.35900269940296,1,1,4,0,BusinessHours,0,0,0.030127110493445
CHG002604,Medium,Standard,Staging,1.1789545785916484,0.1366526493962232,18.065566562423882,33.84395285840452,0,1,3,0,OffHours,1,0,0.32470978026855035
CHG002605,Critical,Normal,Production,-0.8974929708546623,0.015191958172400922,17.26085343182355,89.92580936551089,1,0,1,1,OffHours,1,0,0.055799124571117416
CHG002606,Medium,Standard,Dev,-0.9928468078339396,0.017997143660533624,23.929829686991468,68.82211775982823,0,0,1,0,BusinessHours,0,0,0.028257817975021766
CHG002607,Medium,Normal,QA,-0.19649842039810733,0.12027934384355776,9.18543380364098,73.62224223350023,0,1,4,0,BusinessHours,0,0,0.10960822368202677
CHG002608,Critical,Normal,Production,0.8271727996212221,0.05308585983274497,35.1785329941673,49.31134773455896,0,1,6,1,OffHours,1,0,0.18765032431833398
CHG002609,Low,Normal,Staging,-1.3308772526134907,0.05326039938407781,13.497192802677533,78.23074231561026,0,0,1,0,BusinessHours,0,0,0.025730703022053988
CHG002610,Low,Normal,Production,-1.6680345998890966,0.010827112081437305,29.798285990386347,72.8797866423376,0,0,1,0,BusinessHours,0,0,0.03148151496259183
CHG002611,Medium,Normal,QA,0.8237209270437923,0.11697008872318614,4.3880800676779845,63.48356493077171,0,0,4,0,BusinessHours,0,0,0.32221097168390056
CHG002612,Medium,Normal,Production,-0.6029783125670037,0.01,36.88028816830458,78.81728920340319,0,1,1,0,BusinessHours,0,0,0.0416690210598971
CHG002613,High,Normal,Dev,-0.3922260129202831,0.08083789884803576,17.92677476775534,64.73073070339021,0,0,4,0,OffHours,1,0,0.12098734439245441
CHG002614,Low,Normal,Dev,-1.8568104019401659,0.0529705443308552,1.0,67.76778545429698,0,0,1,0,BusinessHours,0,0,0.02794061442557634
CHG002615,Medium,Normal,Staging,-0.6789793143519821,0.08803649198747004,24.752565593569194,84.42867735452565,1,0,2,0,OffHours,1,0,0.05341241699330506
CHG002616,High,Standard,Staging,-0.007567296631150636,0.04123444992777696,33.18302423629379,72.24827599283665,0,1,2,0,BusinessHours,0,0,0.022254436650327468
CHG002617,Critical,Normal,Staging,0.9303778576228922,0.13412950337229335,14.865474944943326,73.75330123757394,0,1,4,0,BusinessHours,0,0,0.15435442032425065
CHG002618,Low,Standard,QA,-0.7712301662346388,0.06592560821282532,15.847591556646954,76.92689182898994,0,0,1,0,BusinessHours,0,0,0.028414085804804604
CHG002619,Low,Standard,QA,1.6573761202324966,0.08536065086896406,33.65861491913218,72.01948631214503,0,1,4,0,BusinessHours,0,0,0.04181977830393925
CHG002620,Critical,Standard,Production,-0.6845560241798007,0.01,34.5497270698099,63.535038438941235,0,1,3,1,BusinessHours,0,0,0.057528451780719234
CHG002621,Medium,Standard,QA,-0.6830918015851747,0.0713699582225455,15.821044351427084,77.08468566326015,0,1,2,0,BusinessHours,0,0,0.016952539537848057
CHG002622,Low,Standard,Production,1.5373575518978022,0.12610503543760407,5.438167078873217,55.58220383357235,0,1,3,0,BusinessHours,0,0,0.1565381403824669
CHG002623,Low,Normal,Staging,0.21146015236391716,0.0904757618270068,29.929644946456307,51.34006449785654,0,0,1,0,BusinessHours,0,0,0.09952877290039099
CHG002624,High,Normal,Dev,-0.5520247290115766,0.10078840022957977,15.835915196187337,61.04424065642333,0,0,3,0,OffHours,1,0,0.24338228202226223
CHG002625,Medium,Standard,Production,-0.15513313118059344,0.09205436631104238,8.873270890725976,93.80395540314338,1,0,1,0,OffHours,1,0,0.06617961068652842
CHG002626,Medium,Emergency,Production,1.3530735775420593,0.10748379715877024,24.18158764024369,41.63332765494121,0,1,3,1,BusinessHours,0,0,0.31035556519430124
CHG002627,High,Emergency,Production,1.4662028196256818,0.2076865234422341,8.747102467140586,27.049816587228793,0,1,4,1,BusinessHours,0,1,0.7381789731246707
CHG002628,Low,Normal,Dev,-0.816793179270256,0.05945966727322376,16.861855852442883,75.61762436716029,0,0,1,0,Weekend,1,0,0.03822965274384388
CHG002629,Low,Standard,Staging,-0.042433810079108215,0.07523691194351473,13.439136716069445,56.727630747575205,0,0,1,0,BusinessHours,0,0,0.09743293541519155
CHG002630,Medium,Standard,Production,0.09015682766757308,0.04957620959124565,25.17588752803171,73.1606596365304,0,0,1,0,BusinessHours,0,0,0.0714757239550864
CHG002631,High,Normal,Staging,-0.9862401105165975,0.10531090058395182,3.6172550645604296,54.59153236353758,0,1,1,0,BusinessHours,0,0,0.11328886097816085
CHG002632,Medium,Normal,QA,-0.05568505264999431,0.07576075652862374,18.721553922550687,67.60357161901915,0,0,2,0,BusinessHours,0,0,0.12626894081548504
CHG002633,Medium,Normal,Dev,0.005322860451700487,0.10070274288746561,20.087762462236128,60.84248835888997,0,0,3,0,OffHours,1,0,0.19192249074285184
CHG002634,Low,Normal,Staging,1.1402094789367356,0.12571828921060849,16.941410300937783,86.02273446333162,1,1,3,0,BusinessHours,0,0,0.05459800175311298
CHG002635,Low,Normal,Production,1.207425028311201,0.14888452082051598,20.93148653919163,55.58785730198907,0,1,3,0,BusinessHours,0,0,0.2903532010014332
CHG002636,High,Emergency,Production,-0.32920939835900803,0.014588508566356496,36.808489567170675,67.5350066454321,0,0,3,1,BusinessHours,0,0,0.11988988734687572
CHG002637,Low,Normal,Production,-0.21395314386081168,0.056258324961999485,26.143413958902716,83.70035382604276,1,0,1,0,BusinessHours,0,0,0.022960038537239515
CHG002638,Low,Emergency,QA,0.6642923020556356,0.10811712314774778,14.693937448245814,30.121087003920938,0,1,2,0,OffHours,1,1,0.17404979467918993
CHG002639,High,Normal,Staging,-0.5851884489270115,0.0392047730014775,29.016321523524176,91.65978894342496,1,1,3,0,BusinessHours,0,0,0.046861407064689296
CHG002640,Medium,Standard,Dev,0.5886401517374027,0.08342374444051157,23.889462504003056,45.95062827899209,0,0,4,0,BusinessHours,0,0,0.09935556461175828
CHG002641,Medium,Normal,Dev,-0.08790648736921473,0.05572405219297368,25.04410572256668,86.02839597015868,1,1,1,0,OffHours,1,0,0.009380922091954572
CHG002642,High,Standard,Dev,-0.9693985777386207,0.0948399569211206,8.92702834984626,80.9091215449956,1,1,2,0,OffHours,1,0,0.040387531761780227
CHG002643,Low,Standard,Production,-0.9568367128796466,0.06502054106829314,17.269633408890734,60.57914648207565,0,0,1,0,Weekend,1,0,0.10949152883507134
CHG002644,Medium,Emergency,Dev,1.447058696031102,0.10666516638191162,30.058659322186017,41.45680490142818,0,1,3,0,BusinessHours,0,0,0.19928799641135117
CHG002645,Medium,Standard,Staging,-0.1564214791432986,0.0382930168831164,25.72843404031384,73.52153080575387,0,1,1,0,OffHours,1,0,0.02891986385041799
CHG002646,Low,Normal,QA,1.640354093898311,0.2385085129962991,1.0,43.92194373490722,0,1,3,0,BusinessHours,0,1,0.44009926201341554
CHG002647,Medium,Emergency,QA,-0.5136362607149101,0.03618004617641383,32.366579066704304,56.7536909289091,0,1,1,0,BusinessHours,0,0,0.023806678427803738
CHG002648,Medium,Standard,Staging,0.2912052011314934,0.09526277461957375,13.261022405107033,60.37869849370255,0,0,3,0,OffHours,1,0,0.0822253715964007
CHG002649,High,Standard,Dev,2.3926767230182415,0.27317192581377225,1.0,28.91036425631111,0,1,7,0,BusinessHours,0,1,0.5597278081035081
CHG002650,High,Standard,QA,-1.0573867446632792,0.1817307052679463,1.0,38.631249936201826,0,1,2,0,BusinessHours,0,1,0.2442670502980645
CHG002651,High,Normal,Staging,-1.8978144998997766,0.040366149687518824,9.850729559155006,56.93676226543423,0,1,3,0,BusinessHours,0,0,0.02361674413057863
CHG002652,Medium,Standard,Production,1.2865901312872332,0.12713705556344534,27.610412669709262,56.108308092556754,0,0,3,0,BusinessHours,0,1,0.2641555385626118
CHG002653,Low,Standard,Production,-0.8268091053930736,0.06277120290337594,15.928992381796107,72.47949082451606,0,1,1,0,OffHours,1,0,0.03112494098842246
CHG002654,High,Normal,Production,-0.020706364106233777,0.04191620505172436,24.444271254583597,60.43032726005564,0,1,4,1,BusinessHours,0,0,0.12201004740988243
CHG002655,Medium,Standard,QA,-0.5859182104515849,0.09003057157793982,16.381827850850982,66.79183977957143,0,0,1,0,BusinessHours,0,0,0.030392679527008432
CHG002656,High,Normal,Dev,0.2681627809553161,0.12599708150082733,7.892678769754678,47.33498079932107,0,0,4,0,OffHours,1,1,0.2685364364251727
CHG002657,High,Standard,QA,-0.9505362071857422,0.06180391313213549,13.059489595356101,85.39777707780583,1,1,2,0,BusinessHours,0,0,0.014732562912528422
CHG002658,Medium,Normal,Production,-0.1799400878833061,0.06028533098934055,21.943807048573394,65.4390101123966,0,1,1,0,BusinessHours,0,0,0.10211901059249938
CHG002659,Low,Normal,QA,0.4498153265565342,0.07531536207467768,15.859024307475371,76.1873067677762,0,1,1,0,BusinessHours,0,0,0.058989016389485185
CHG002660,Medium,Standard,Dev,-1.008308886274262,0.023633276208891302,9.84961369635217,47.23004279251461,0,0,1,0,BusinessHours,0,0,0.02338789449990338
CHG002661,Medium,Standard,Production,-0.7000840296458889,0.05464885573325634,26.19863420396888,80.78398903448635,1,0,2,0,Weekend,1,0,0.01902637596576708
CHG002662,Medium,Standard,Production,-0.3473828335985318,0.10357551866871798,16.64113163658923,70.58223035995452,0,1,1,0,Weekend,1,0,0.08386953754307372
CHG002663,Medium,Standard,Dev,-1.4288154342262782,0.06240608362587803,5.466028212069986,68.68790150453032,0,1,1,0,BusinessHours,0,0,0.020470643242195153
CHG002664,High,Standard,Production,-0.4225609827987464,0.08633582898968842,15.006783651889489,58.11750579453152,0,1,3,1,BusinessHours,0,1,0.10115329057950348
CHG002665,Medium,Normal,QA,0.11879653990290184,0.01,22.144442742518848,69.72689549673922,0,0,2,0,OffHours,1,0,0.10612974440106478
CHG002666,Low,Standard,Staging,-0.39954894158842846,0.052979912424281024,15.51662438912501,76.17639846844085,0,0,1,0,OffHours,1,0,0.04761521737648284
CHG002667,High,Standard,Staging,-0.27137649293172456,0.0848587263021135,18.387025281409347,47.78301817849632,0,1,3,0,OffHours,1,0,0.10079333113091737
CHG002668,High,Standard,Production,-0.019901670906585355,0.029793773600119717,27.039634415659204,80.04784527328168,1,1,3,1,OffHours,1,0,0.03119488741337739
CHG002669,Critical,Normal,Dev,-0.655743462432314,0.01,45.48733870544137,89.0655759519468,1,0,3,0,BusinessHours,0,0,0.009584325181635201
CHG002670,Low,Standard,Production,0.6910625658668772,0.08180476661943378,21.31647346241184,57.80976837282857,0,1,1,0,Weekend,1,0,0.13560480402087904
CHG002671,High,Normal,Dev,1.4359781248017758,0.10140671013805615,34.71080380078511,59.53232035948946,0,0,4,0,BusinessHours,0,0,0.14880928470114396
CHG002672,High,Normal,Staging,-0.46438039219544847,0.03133042542533639,32.26249714681179,76.70991086019362,0,1,2,0,BusinessHours,0,0,0.03383511680604045
CHG002673,High,Standard,Staging,0.4851982314777071,0.13572757848761266,15.088780595825664,76.78237074642853,0,1,4,0,BusinessHours,0,1,0.1762063883771412
CHG002674,Medium,Standard,Production,-0.23961715543464693,0.11087988238618679,13.634810171083625,71.27940584170086,0,0,1,0,BusinessHours,0,0,0.0692540414859038
CHG002675,Low,Standard,Production,0.3654873450385047,0.14681106309461972,9.214011869011122,41.785982978449596,0,1,2,0,BusinessHours,0,0,0.19559345617728552
CHG002676,Medium,Normal,Production,1.5657795312032543,0.14526845556183673,15.696608454296575,45.81558992075034,0,1,4,0,Weekend,1,1,0.39634465976723876
CHG002677,Medium,Standard,Production,0.5086595430180988,0.15513862303572942,12.133382314560363,42.81245311929115,0,1,2,0,OffHours,1,0,0.16047271900826546
CHG002678,Medium,Standard,QA,-1.7734145388096807,0.01,17.55601729416453,53.689655172541976,0,0,1,0,BusinessHours,0,0,0.010500282441455372
CHG002679,Critical,Emergency,Production,0.4539956314469589,0.07907981422695037,6.7529850635855055,32.17311640986689,0,1,4,1,BusinessHours,0,0,0.443467727758702
CHG002680,Low,Normal,Staging,1.2328637433090093,0.1201929857729335,13.33400546381222,54.56832875015158,0,0,1,0,BusinessHours,0,1,0.24760238394379605
CHG002681,Critical,Standard,QA,-0.2215961699981027,0.07141292157009452,19.197538818589415,85.78588753362916,1,1,3,0,OffHours,1,0,0.029037076299653027
CHG002682,Medium,Emergency,Staging,0.9956348061178324,0.12678135459835474,17.772941852642898,58.14775896325794,0,1,3,0,Weekend,1,1,0.3088414704972211
CHG002683,High,Standard,QA,-0.690115541151946,0.08576010017585185,1.244207827249344,43.607182516677405,0,0,3,0,BusinessHours,0,0,0.11711889216385789
CHG002684,Medium,Standard,Staging,-1.4855391595222738,0.02842015985816594,10.518891637496061,62.089669022437185,0,1,1,0,BusinessHours,0,0,0.021705484422099144
CHG002685,Medium,Standard,QA,0.14116901883264016,0.1063990713202341,8.522122250674814,41.97064590267274,0,0,3,0,BusinessHours,0,0,0.12397879997153913
CHG002686,Medium,Emergency,QA,-1.7564767207463141,0.01,19.7240574461714,39.78092200120295,0,0,1,0,BusinessHours,0,0,0.02119344768890356
CHG002687,Critical,Standard,Production,-0.23977101289359176,0.08633079405765638,24.050570346843198,68.42969822103923,0,1,3,1,OffHours,1,0,0.14153698339387796
CHG002688,Low,Normal,Production,1.286842262645503,0.12090854447518885,16.473895198487668,66.14015891014598,0,1,4,0,BusinessHours,0,0,0.18664330682070865
CHG002689,Low,Normal,Staging,-1.9097629057462808,0.06262325733550866,9.558653423281175,71.73758784867518,0,0,1,0,Weekend,1,0,0.041051536959639666
CHG002690,Critical,Normal,Production,-1.2794967959138979,0.01,32.178973667596274,61.75015325175958,0,0,1,1,OffHours,1,0,0.1687836497576482
CHG002691,Low,Standard,QA,-1.0320322451615775,0.06264463813116505,12.752062198899694,59.823679181265334,0,0,1,0,BusinessHours,0,0,0.0264273439812894
CHG002692,Medium,Standard,QA,-0.06331985971095996,0.1161556223104004,1.0,53.59281913445173,0,0,1,0,BusinessHours,0,0,0.15954262540980851
CHG002693,Low,Normal,Production,-0.36571678564620924,0.06070706244286346,27.646080421829357,82.36188391452272,1,0,1,0,OffHours,1,0,0.03909223349448237
CHG002694,Low,Standard,Staging,1.3991363816960873,0.11651559275241086,23.00437700317842,57.33928767980975,0,0,2,0,OffHours,1,0,0.11215834675299378
CHG002695,Medium,Normal,Production,0.9543483290916974,0.10940873659661216,28.810398349734484,71.62639341192937,0,1,3,0,BusinessHours,0,0,0.12256304406819964
CHG002696,Medium,Standard,QA,0.49527294606859795,0.1291453280939135,14.685536236621132,55.80328017122526,0,1,3,0,OffHours,1,0,0.09590431239331765
CHG002697,Medium,Normal,QA,0.14563031434388482,0.028618905394662126,32.18427970202643,74.93196144647989,0,1,2,0,BusinessHours,0,0,0.03801991757076295
CHG002698,Medium,Normal,Dev,0.3932297769848273,0.12519095390778293,15.553227953070799,47.11705640248252,0,0,2,0,BusinessHours,0,0,0.18674638149918446
CHG002699,High,Normal,Production,-0.861982355313375,0.023853685526462807,24.095249255466392,68.2402304486502,0,1,3,1,BusinessHours,0,0,0.03411610717000946
CHG002700,Critical,Normal,QA,0.8572103535566122,0.11408140241207487,21.652300845198987,39.49621254848145,0,1,4,0,BusinessHours,0,1,0.24332215308404745
CHG002701,Medium,Standard,Staging,-1.112044254359201,0.0561172502720213,7.117431830779244,79.54834384909863,0,0,1,0,OffHours,1,0,0.03949467504424308
CHG002702,Medium,Standard,Dev,0.8353769939022309,0.20448158643390935,1.0,37.874517489132366,0,0,3,0,Weekend,1,1,0.39224696548583154
CHG002703,Medium,Standard,Staging,1.186142502118831,0.12683179323108734,13.4592196701167,10.225898881745174,0,1,2,0,BusinessHours,0,0,0.1504044443256015
CHG002704,High,Normal,QA,0.2108646020880872,0.07869058671390562,12.264500192239552,69.72456595956481,0,1,3,0,BusinessHours,0,0,0.11253678611392853
CHG002705,Medium,Standard,Production,-0.17621305896197587,0.05751056013607618,14.322668923139974,75.2290524609522,0,0,2,0,OffHours,1,0,0.2098669484018931
CHG002706,Medium,Standard,Staging,0.4003099083096733,0.01,31.1591053834651,64.35031069168262,0,0,4,0,OffHours,1,0,0.03694320106752599
CHG002707,Medium,Standard,Dev,-2.861518370100673,0.01,15.573772176341196,85.51830395204678,1,0,1,0,BusinessHours,0,0,0.0038061907649147167
CHG002708,Medium,Standard,Dev,0.30225821848546125,0.12483885549548718,15.049990105476539,56.12013301825719,0,1,2,0,OffHours,1,0,0.0901427337031334
CHG002709,High,Normal,QA,-0.11335399783980703,0.09114670449784779,11.695962647607479,34.15887808043479,0,0,4,0,BusinessHours,0,0,0.20846420404730126
CHG002710,Medium,Normal,Production,-0.05062811305699102,0.12344405812518763,13.590591534421739,84.8941972484688,1,0,3,0,BusinessHours,0,1,0.07318448097217002
CHG002711,Medium,Standard,Production,0.7065325128978275,0.07321742879105533,22.991325236427155,64.12299577802118,0,0,2,0,Weekend,1,0,0.10109314790028327
CHG002712,Medium,Standard,QA,-0.07476892156472781,0.028648102805131602,36.27822382799459,78.36136373385534,0,1,2,0,OffHours,1,0,0.016343716088350505
CHG002713,Medium,Normal,Staging,-1.140206856651158,0.049633669850778904,20.44404397773514,61.721014471715975,0,0,1,0,OffHours,1,0,0.10686636489041183
CHG002714,Medium,Normal,QA,-0.14140267082537805,0.11566597092463471,8.155109654896087,57.52380651378809,0,0,2,0,OffHours,1,0,0.2126336870305982
CHG002715,High,Normal,Production,0.06755548408082447,0.09823786741497695,18.84325007878185,58.29960441922184,0,1,4,1,OffHours,1,0,0.2893272563578015
CHG002716,Medium,Normal,Production,0.11493391158101274,0.04282959152114965,27.095370184837705,60.71405059661146,0,0,3,0,BusinessHours,0,0,0.06219355531560766
CHG002717,Low,Normal,Production,0.16191936728506806,0.041899203428185455,25.205452159368356,91.87925246653367,1,1,1,0,BusinessHours,0,0,0.027881180542675674
CHG002718,Low,Normal,Dev,1.0393690449185533,0.11352285502957218,21.516113958591756,66.00093613605887,0,0,1,0,OffHours,1,1,0.16104523287979117
CHG002719,Medium,Normal,QA,-1.0860345530341475,0.07914468065740714,11.641427129717139,70.11752452291994,0,1,1,0,BusinessHours,0,0,0.06820448690005254
CHG002720,High,Normal,Production,0.17570045616484992,0.12396142939464003,9.190378850458456,52.74637050974353,0,1,1,1,Weekend,1,0,0.392644629351975
CHG002721,Medium,Normal,QA,1.289929698618241,0.14751173040627227,19.633611886485706,46.74034394203906,0,1,5,0,BusinessHours,0,0,0.1583151318388836
CHG002722,Medium,Normal,Staging,-1.7346114969371953,0.01,30.2564677623875,95.08333276357138,1,1,1,0,OffHours,1,0,0.006108579384475759
CHG002723,Medium,Standard,Production,0.17964668078005355,0.16027032628148336,1.0,56.42813385782407,0,1,2,0,BusinessHours,0,1,0.35455942796414375
CHG002724,Critical,Standard,Production,-0.5853785019730434,0.06967926016844811,17.085675395714972,62.64078969641958,0,1,2,1,OffHours,1,0,0.08790951132325425
CHG002725,High,Emergency,Staging,-0.37071038447310495,0.04469788793854351,41.41530446651175,56.279488922382455,0,1,1,0,OffHours,1,0,0.05327539966163864
CHG002726,Low,Normal,Staging,-0.904807503214422,0.044285276695270985,11.574510012155091,51.80506353971755,0,0,2,0,BusinessHours,0,0,0.06139691729826302
CHG002727,Medium,Standard,Production,-0.16955071570044408,0.02253740077691331,29.623857090955564,77.12673892885049,0,0,1,0,BusinessHours,0,0,0.033845518335843115
CHG002728,High,Standard,QA,1.8412556144269043,0.14907961246393542,30.318045340773136,51.82618828743582,0,0,7,0,BusinessHours,0,0,0.2489352260144526
CHG002729,High,Standard,Production,-1.2644303611772136,0.055631116740789854,13.965763400942212,81.7529801340907,1,0,3,1,BusinessHours,0,0,0.07477796364800353
CHG002730,Medium,Standard,QA,-1.1696100024788274,0.05196357239627352,22.128717602713323,84.21463527495655,1,0,1,0,BusinessHours,0,0,0.0154681814600465
CHG002731,High,Normal,Production,-1.3019345701635046,0.07854173246053699,12.356024530285662,74.98134856208462,0,0,1,1,BusinessHours,0,0,0.11077037131970974
CHG002732,Medium,Normal,Production,1.727418286628101,0.15809302525393096,13.9854825478065,43.53963635494329,0,0,3,0,OffHours,1,1,0.7605016490456278
CHG002733,Low,Normal,Staging,-0.46233970552128695,0.12123586179124404,10.815022362568083,48.08459439791887,0,0,3,0,BusinessHours,0,0,0.07273204877524199
CHG002734,Low,Standard,QA,-0.025639060347674214,0.023927247256326552,43.416233585290385,88.48422272491055,1,0,2,0,BusinessHours,0,0,0.006960470927972888
CHG002735,Medium,Standard,Dev,-0.4027829411062397,0.11996307416675399,16.228004072881493,60.699980480337864,0,0,1,0,BusinessHours,0,0,0.056187385073564945
CHG002736,Low,Standard,Production,-0.9444228784030915,0.02359091967613103,28.515895552919222,87.36780733011602,1,1,1,0,OffHours,1,0,0.007737270189075737
CHG002737,Medium,Standard,Staging,-0.2351506466144354,0.09569506167268332,17.93761665601301,77.94746328146647,0,0,3,0,BusinessHours,0,0,0.10999273015462195
CHG002738,High,Normal,QA,2.45824360573656,0.17607966118273516,20.06632413225556,38.36728485849811,0,0,6,0,BusinessHours,0,0,0.40692351404741633
CHG002739,High,Standard,Production,1.392070920974255,0.11381743890534961,27.989830384936507,47.86135515065051,0,1,5,1,BusinessHours,0,0,0.14899854275536217
CHG002740,Low,Emergency,Production,-0.8529378177922723,0.04939909587461807,10.930027745625804,87.25805989537541,1,0,2,1,BusinessHours,0,0,0.04156819741496176
CHG002741,Low,Normal,Production,0.6475741030616857,0.08899135554756096,31.369321207126173,70.92836274287419,0,1,3,0,OffHours,1,0,0.09518678621681452
CHG002742,Medium,Standard,Staging,-0.8315227726663764,0.10445375115451597,1.0,53.98399277052141,0,0,2,0,Weekend,1,0,0.17425037693490322
CHG002743,Medium,Standard,Production,-1.7763676388462208,0.01,24.542878235021817,97.16764187290092,1,1,1,0,OffHours,1,0,0.011265352716575907
CHG002744,Low,Standard,Production,1.0195109176646295,0.16662323841297486,1.0,35.865118441662915,0,1,1,0,BusinessHours,0,0,0.3539781049396051
CHG002745,High,Standard,Dev,1.1600928466435507,0.13366201806320668,18.399363482132042,58.037154750268286,0,0,4,0,BusinessHours,0,0,0.36250915198861944
CHG002746,Low,Emergency,Production,1.0460522510478993,0.12146786019431627,31.774037602400746,45.79248370166625,0,0,2,1,BusinessHours,0,0,0.283875466140097
CHG002747,Low,Normal,Staging,-0.46986524921957273,0.0614175015431339,16.41663534392131,72.91134308504134,0,1,2,0,OffHours,1,0,0.03639242263345125
CHG002748,High,Normal,Production,-0.16677573400198623,0.11274132053691223,8.765324606349576,53.95649094425795,0,1,5,1,OffHours,1,0,0.3790736351559286
CHG002749,Medium,Normal,Production,0.7497655536581233,0.19632891607363012,3.443899858449549,41.79165378044608,0,0,3,0,Weekend,1,0,0.40912432349170635
CHG002750,Medium,Emergency,Staging,0.3914960373481072,0.10477293660519017,13.093711242913834,49.96167730969834,0,0,3,0,Weekend,1,0,0.3497215918852348
CHG002751,Medium,Normal,QA,-0.3936374712970443,0.05693458442100143,14.277761004842974,61.789468629731054,0,0,1,0,OffHours,1,0,0.05577702343672404
CHG002752,High,Standard,Dev,-1.6190718201181646,0.047184822957181606,4.553463072604642,70.64088672678216,0,1,1,0,BusinessHours,0,0,0.05844489994321636
CHG002753,Low,Standard,QA,0.11387519414201226,0.07687900880895172,17.763361893381227,60.341902272155295,0,0,1,0,Weekend,1,0,0.05122744294008177
CHG002754,Medium,Standard,Staging,1.0790096392361133,0.14957378694278223,26.22704767933287,37.90673439931099,0,0,2,0,BusinessHours,0,0,0.13936396332536785
CHG002755,Low,Standard,Production,-1.1975882890341571,0.033277960220372715,23.878493108062102,80.04962313706169,1,0,1,0,BusinessHours,0,0,0.014212746884097932
CHG002756,Medium,Normal,Dev,0.638759381675977,0.059234122362327,24.255808286649415,71.2183416750707,0,1,2,0,OffHours,1,1,0.11363244282468725
CHG002757,Medium,Standard,QA,0.33154169513369264,0.10398992072145435,26.25806819372443,90.95635961783624,1,0,1,0,BusinessHours,0,0,0.029285100238205356
CHG002758,Medium,Normal,Staging,0.7501482632323336,0.13403976315543578,22.57905914212546,55.41989611462547,0,0,4,0,BusinessHours,0,1,0.2032564454031146
CHG002759,Low,Standard,QA,0.8719754997190072,0.18957762211705131,1.0,46.67073038455842,0,0,3,0,BusinessHours,0,0,0.32612059117298103
CHG002760,High,Normal,Dev,-0.694465241925353,0.04227797631100378,28.242232480716574,77.23269340437409,0,0,3,0,OffHours,1,0,0.07192530688971296
CHG002761,Medium,Standard,Dev,-1.616959400164946,0.023771407658254397,12.190701463406748,83.50057339593046,1,0,1,0,BusinessHours,0,0,0.01751079488374351
CHG002762,High,Standard,Staging,-0.5335195256828793,0.07233703165648675,10.481375611698233,76.70614991010713,0,0,2,0,BusinessHours,0,0,0.11170709917976201
CHG002763,Medium,Normal,Staging,0.8891273175270074,0.1122882658898788,25.325305682991548,65.06627557999276,0,1,2,0,BusinessHours,0,0,0.119909911861724
CHG002764,High,Standard,Production,-0.542003903525971,0.014353303554396396,30.97819140357316,78.86166128082304,0,1,4,1,BusinessHours,0,0,0.033682096715510174
CHG002765,Medium,Normal,QA,-0.6940433238576419,0.061139174214597906,12.660459983099223,80.39786757829779,1,0,1,0,BusinessHours,0,0,0.02931079608247759
CHG002766,Medium,Normal,Dev,-1.8213503419246384,0.01,18.92727120002879,82.55406490757805,1,0,2,0,OffHours,1,0,0.008330485007948989
CHG002767,High,Standard,Production,1.752647554550939,0.20194221299524434,16.630736923776592,25.397447570421548,0,1,6,1,BusinessHours,0,0,0.6594775891495893
CHG002768,High,Standard,Production,0.8257136414253099,0.10560255946795608,23.357062930329086,42.0982576791567,0,0,4,1,BusinessHours,0,0,0.2284477518278432
CHG002769,Medium,Standard,QA,0.7698959812747644,0.09847553905750796,26.929723734339923,54.902313072414394,0,1,5,0,OffHours,1,0,0.07341245829206457
CHG002770,Medium,Standard,Production,0.9677253867794737,0.08463119115419704,27.750954936234216,67.30241839408669,0,1,4,0,BusinessHours,0,0,0.06897317410995438
CHG002771,Medium,Emergency,Production,0.5767083615434017,0.11154824582370376,11.668187139727063,76.2674746587129,0,1,2,1,OffHours,1,0,0.26220709737833825
CHG002772,Medium,Normal,Production,-0.24432885517952907,0.08981926366526055,9.650326146977369,63.82286123777109,0,0,1,0,BusinessHours,0,0,0.12327280500805184
CHG002773,Medium,Standard,QA,-0.16376410412220166,0.05914814004577364,33.31040029375078,74.28102064973115,0,1,1,0,BusinessHours,0,0,0.015263015641164971
CHG002774,High,Normal,Dev,-0.4275643645921248,0.0756891950191953,21.316891068240732,62.924284183112476,0,0,3,0,OffHours,1,0,0.1479344941833379
CHG002775,Medium,Emergency,Dev,2.634740754415,0.1859551233844024,9.091542841028284,33.5858556074201,0,1,4,0,Weekend,1,0,0.7255528450371961
CHG002776,Medium,Standard,Production,0.5559120312994426,0.01,36.449768388740644,81.77825354634716,1,1,1,0,Weekend,1,0,0.021469209190319076
CHG002777,Medium,Standard,Production,-0.46380044135143456,0.08107422791723909,17.00560586347919,53.500215452846945,0,0,2,0,Weekend,1,0,0.20089134306366416
CHG002778,Critical,Normal,Staging,0.4654967741662798,0.08463459252652167,18.595993694221395,48.685599071087665,0,1,5,0,BusinessHours,0,0,0.1365296441440547
CHG002779,Medium,Normal,Dev,-1.0108689178563175,0.018307659105079307,21.940854170827095,70.68536605238887,0,0,3,0,BusinessHours,0,0,0.03564168299490357
CHG002780,Low,Standard,Dev,1.504506718589227,0.1506567129539857,19.137086594787057,44.7168159212074,0,1,3,0,OffHours,1,0,0.12675836930615708
CHG002781,Low,Normal,Staging,-0.6610690958071401,0.07322263605868394,16.44475290422062,66.18641519464934,0,0,1,0,OffHours,1,0,0.04290741225040917
CHG002782,Medium,Standard,Production,0.5010854326224657,0.09710920182595528,21.272531208042352,61.3957514017202,0,1,1,0,BusinessHours,0,0,0.1466191956863812
CHG002783,Medium,Normal,QA,1.0659776297431345,0.14152293437819696,11.038343921599184,48.81333363265707,0,0,4,0,BusinessHours,0,0,0.324702459274635
CHG002784,Medium,Normal,Staging,0.3847685442049928,0.1354455985752505,11.476215379614063,71.56430124517229,0,0,1,0,BusinessHours,0,1,0.16731166882544063
CHG002785,Low,Standard,Staging,0.09446999181963821,0.018615047020026542,41.97967900958436,93.20851211281921,1,0,2,0,OffHours,1,0,0.006352050716395983
CHG002786,High,Normal,Production,0.010802084856015158,0.10999630497774257,17.816279045469717,60.61895512295778,0,1,3,1,OffHours,1,0,0.26495961298680987
CHG002787,Medium,Normal,Production,-0.056441096887107134,0.04660850019135469,30.046579245755794,58.060050884592386,0,1,2,0,BusinessHours,0,0,0.06533647162216075
CHG002788,Medium,Normal,Dev,-0.5766984889275022,0.06802683691861651,24.02577286668216,66.91349284364739,0,1,1,0,BusinessHours,0,0,0.0584945829712755
CHG002789,Low,Normal,Staging,-0.44948342976970423,0.05164637093316828,21.679802347142516,64.50790156007164,0,1,1,0,Weekend,1,0,0.07877975079284348
CHG002790,Low,Normal,Production,1.479590373650935,0.13278833573039656,13.670171852755006,49.22178190449153,0,1,2,0,BusinessHours,0,0,0.3691202641205354
CHG002791,Low,Standard,Production,-0.10853663268515668,0.09493860783452114,7.424041906197902,50.243070968654024,0,1,1,0,OffHours,1,1,0.21967501551832708
CHG002792,Medium,Standard,Staging,-0.7857962693827731,0.033669640405687484,20.443881806910454,57.56926825362083,0,0,2,0,Weekend,1,1,0.04329450401838947
CHG002793,Medium,Normal,Dev,-0.5162975968615086,0.07322033697823228,14.39519008312079,66.70000133603152,0,1,1,0,Weekend,1,0,0.049375297208909895
CHG002794,Low,Normal,Staging,1.100370680697223,0.08281940836750705,26.856665683680397,60.187329522049716,0,1,2,0,BusinessHours,0,0,0.11097458234305613
CHG002795,Medium,Standard,Staging,0.6756066331644784,0.13752784304598295,7.609832313495264,48.07502188397328,0,1,3,0,OffHours,1,0,0.2035465940537715
CHG002796,Low,Emergency,QA,0.5603291782322569,0.1137443200920986,28.100625584795413,47.60487009935639,0,1,2,0,OffHours,1,0,0.2712453186156341
CHG002797,Medium,Normal,Production,-0.25752119890979147,0.13210721854740567,11.457022670066028,59.938785434789516,0,1,4,0,BusinessHours,0,0,0.1422040670016091
CHG002798,Low,Standard,QA,0.5733624701729451,0.03691498401062096,36.88362119607009,71.37745242990798,0,0,3,0,BusinessHours,0,0,0.023465506169209626
CHG002799,Low,Standard,Production,-0.643561124950648,0.05545794195296616,8.697721032244438,59.29642632451128,0,0,1,0,BusinessHours,0,0,0.06467018142336885
CHG002800,Low,Normal,QA,-0.25961403134577454,0.035837991552916226,33.00727394505681,75.33474865939297,0,0,2,0,BusinessHours,0,0,0.04538249428433453
CHG002801,Medium,Standard,Dev,0.9698044873917454,0.08824943860059062,25.868454460270986,55.41910422152572,0,0,4,0,BusinessHours,0,0,0.08949155345260991
CHG002802,Critical,Emergency,Staging,0.8742776789190644,0.1296502207509659,19.095901244688843,33.92761930104773,0,0,6,0,BusinessHours,0,1,0.5575330691659989
CHG002803,Medium,Normal,Staging,-0.9819098459508032,0.09439968846789129,1.0,52.53785301733309,0,1,1,0,OffHours,1,1,0.10637010771772697
CHG002804,Low,Standard,Production,-0.8555264529085758,0.10559632397396343,14.669774028456278,54.17486056441456,0,1,1,0,Weekend,1,0,0.05928636577265414
CHG002805,Critical,Standard,Staging,0.10870215281340967,0.05639038684781016,33.544211658042485,54.695112512147645,0,1,4,0,OffHours,1,0,0.07667954019900138
CHG002806,Critical,Standard,Dev,1.7261323746695099,0.17893669315264002,3.978889863163378,22.054302187258134,0,1,6,0,OffHours,1,1,0.526341856771298
CHG002807,Medium,Normal,Production,-1.9155651644689942,0.024285808988488942,29.010233998874394,89.110238462004,1,0,1,0,BusinessHours,0,0,0.009040318447836001
CHG002808,Low,Standard,Staging,0.27833293957050426,0.03201867674927182,14.228354831378336,78.8646986820699,0,1,1,0,OffHours,1,0,0.06274597271051836
CHG002809,High,Normal,QA,-1.3760433315731482,0.014899472656626203,26.177395772024344,85.34072303624305,1,1,3,0,BusinessHours,0,0,0.008378720985377694
CHG002810,Critical,Normal,Production,-0.6343309935255456,0.0490793549134804,22.33282958804567,67.57857881892178,0,0,3,1,BusinessHours,0,0,0.12097311482035575
CHG002811,High,Emergency,Dev,-0.3644284180642414,0.13090666685750568,19.211903106564183,30.782498708726045,0,0,1,0,OffHours,1,0,0.3325269348980437
CHG002812,Medium,Standard,Dev,-0.4205083434368909,0.05923418819586168,13.441731906624351,63.83869693680547,0,1,2,0,Weekend,1,0,0.0894600713374648
CHG002813,Medium,Standard,Staging,-0.5337959396592085,0.028797595622032456,30.376758264850544,54.98717562152392,0,1,1,0,BusinessHours,0,0,0.02983861255052446
CHG002814,Critical,Normal,Staging,0.007207060376370152,0.07201641670975219,21.154026462956736,59.49701910815871,0,1,3,0,OffHours,1,0,0.23874464374236748
CHG002815,Low,Standard,Staging,-0.5352555666305784,0.10512870474340591,1.0,40.43605016539408,0,0,1,0,BusinessHours,0,1,0.23219717987381594
CHG002816,Low,Standard,Production,-1.4624573848541527,0.01,25.045526058849283,53.87381019884219,0,0,1,0,OffHours,1,0,0.023346168473659515
CHG002817,High,Emergency,QA,0.7798696125227764,0.15894449829522225,6.154000939521697,59.27362332357153,0,1,3,0,BusinessHours,0,0,0.4655900434021166
CHG002818,Low,Normal,Production,0.7528721671488805,0.12022020211541964,22.23696540232344,47.177327035323486,0,0,2,0,BusinessHours,0,0,0.16873112676287327
CHG002819,Medium,Normal,Dev,0.843174310022669,0.06130486076911289,40.777939579310015,63.73486592646718,0,1,3,0,BusinessHours,0,0,0.05949330648663111
CHG002820,Medium,Standard,Dev,-1.5407344962640819,0.031198271242210075,23.91301205755459,75.895565716204,0,1,1,0,BusinessHours,0,0,0.007136032073753667
CHG002821,Low,Normal,Dev,0.29891815258415083,0.05812937718682058,22.743128951768064,63.93360757312423,0,1,2,0,OffHours,1,0,0.022902196326109493
CHG002822,Low,Normal,Dev,0.6759788558069234,0.11355669939864123,29.38759462888494,66.24371502425885,0,0,3,0,OffHours,1,1,0.1271901281105828
CHG002823,Medium,Normal,QA,-1.031202068439585,0.014218542371366674,34.64445051749214,75.46997710247064,0,0,1,0,OffHours,1,0,0.015283757255935428
CHG002824,Medium,Standard,Production,0.009173248182129144,0.10834553440301331,15.655265534488972,62.07476316230205,0,1,3,0,Weekend,1,1,0.27369366254255806
CHG002825,Medium,Normal,Production,-0.11626664531036575,0.0971352712485802,22.3869242328152,69.69468745475668,0,0,1,0,BusinessHours,0,0,0.12772364328624666
CHG002826,Medium,Standard,Production,1.8421506585682637,0.10923063243439958,27.484084994072735,38.44190556032693,0,1,3,0,OffHours,1,0,0.3087899920172247
CHG002827,Critical,Normal,Dev,1.924496037012573,0.17582240453018497,8.488136731519138,51.10123574677985,0,1,4,0,BusinessHours,0,0,0.4488664278423678
CHG002828,Medium,Normal,Production,-1.6643563933302008,0.01,34.752548877362514,73.73271591950217,0,0,2,0,BusinessHours,0,0,0.012047136633517086
CHG002829,Critical,Normal,QA,2.4939270057279894,0.21132245054690538,5.2720064328489045,28.03661797604453,0,1,5,0,OffHours,1,1,0.7236226013032884
CHG002830,Medium,Standard,Production,-0.9152257211533239,0.01,41.63491031645627,90.29415485905534,1,0,2,0,Weekend,1,0,0.006241679138092569
CHG002831,Low,Normal,Production,0.9806732943274258,0.051444786656156,37.475412997719985,67.10975114025884,0,0,3,0,BusinessHours,0,0,0.13417240043459766
CHG002832,High,Normal,Dev,0.9704979808637308,0.11640126195219053,26.433897353272677,63.68577221652224,0,0,4,0,OffHours,1,0,0.20210748428989742
CHG002833,High,Standard,Staging,-0.9956902268418067,0.03245540432371709,25.212813816620653,81.41458918768969,1,1,2,0,OffHours,1,0,0.010030247637450935
CHG002834,Low,Standard,Production,0.493267793839099,0.0662980876721827,34.75213113504168,52.259493272624425,0,1,1,0,BusinessHours,0,0,0.019894514908951756
CHG002835,Medium,Normal,QA,-0.10753374426606396,0.1398982978400754,10.583161071740491,66.43730283660736,0,0,3,0,OffHours,1,1,0.17831987099165122
CHG002836,Medium,Normal,Production,0.5543300046323907,0.11562028040922756,10.908633282225871,54.801556575937816,0,1,2,0,BusinessHours,0,1,0.37823213486552343
CHG002837,Low,Emergency,Production,0.2306723023806257,0.0467293079998326,32.07515179672587,54.90990072459647,0,1,2,1,BusinessHours,0,0,0.05449653629613791
CHG002838,Medium,Standard,QA,1.196339485370247,0.08587848322784195,31.585119179174846,55.71671573481035,0,1,3,0,BusinessHours,0,0,0.1078527140063368
CHG002839,Low,Standard,QA,0.07539954314606226,0.10223611530931408,21.18933341551285,72.04097896555878,0,0,1,0,Weekend,1,0,0.07955660849660363
CHG002840,Low,Standard,Staging,-0.16787406942631122,0.0840437270853184,13.504722208760757,62.585522896331156,0,0,3,0,OffHours,1,0,0.047256336778105146
CHG002841,High,Emergency,Production,1.0960642330571804,0.26239588080753445,1.0,54.912309574371925,0,1,4,1,BusinessHours,0,1,0.8128732053505501
CHG002842,Medium,Normal,QA,0.5803959648586033,0.12945990119577083,21.46552154255938,76.91121203758266,0,0,3,0,BusinessHours,0,0,0.12910302553590333
CHG002843,High,Emergency,Staging,0.7318133943208879,0.13849124077169933,20.27435580445796,45.27556794112486,0,1,1,0,BusinessHours,0,0,0.4728393908891355
CHG002844,High,Normal,QA,-0.6645866722585968,0.0309722856146804,23.73369258745955,74.00734492833315,0,1,2,0,BusinessHours,0,0,0.016309726667160344
CHG002845,Critical,Standard,Production,-1.045262781398474,0.01,39.15963430872225,78.1112359476731,0,1,3,1,BusinessHours,0,0,0.037387538331176993
CHG002846,Medium,Normal,Production,-0.5677221432527015,0.04260046112528486,25.49146089753105,66.37069807815027,0,0,2,0,OffHours,1,0,0.07153167405726586
CHG002847,Medium,Standard,Staging,-0.6208213856805886,0.048828364340679796,25.266506203275945,74.23744199433592,0,0,1,0,BusinessHours,0,0,0.03547556380024246
CHG002848,Medium,Standard,Production,0.7861992686529143,0.11707318644817352,1.7508585399371546,56.479537824217196,0,1,3,0,OffHours,1,0,0.39969863543315703
CHG002849,Medium,Standard,Staging,0.9759840502940518,0.10525834142199583,30.302527548989737,45.13289191743021,0,0,4,0,OffHours,1,0,0.14868793348885717
CHG002850,Medium,Standard,Production,-0.15513028953240038,0.0569330414204973,22.806262692098453,78.3601769127969,0,0,1,0,BusinessHours,0,0,0.1126585185678012
CHG002851,High,Standard,Dev,1.4309190188243524,0.13496124667443524,26.23212707327622,73.47160930404807,0,1,4,0,Weekend,1,0,0.08383600088354602
CHG002852,Medium,Emergency,QA,1.3684693937651298,0.06855904618164958,35.35971390337485,65.74583588030892,0,0,5,0,Weekend,1,0,0.10584528742799473
CHG002853,Low,Normal,Production,0.24339891640053923,0.12520186978657932,13.373402169653486,49.64554622842669,0,1,1,0,BusinessHours,0,1,0.4069720872665874
CHG002854,High,Normal,QA,-0.82189177154304,0.0641492755484241,19.22089901355191,75.22336269947259,0,1,2,0,BusinessHours,0,0,0.06485528911329083
CHG002855,High,Standard,QA,1.5753766494355401,0.16677002652977704,9.6164407208684,62.79249222628526,0,1,4,0,OffHours,1,0,0.3778917673183795
CHG002856,Medium,Normal,Production,-0.06101735102840823,0.06977207784484438,18.728162649345443,65.99735882013049,0,0,2,0,OffHours,1,0,0.2819500487758424
CHG002857,Medium,Standard,Staging,0.1261651964309746,0.05906477589476565,27.155047740654968,64.36781365303581,0,0,2,0,Weekend,1,0,0.07314293941519386
CHG002858,Medium,Standard,QA,-0.33960502560656863,0.07031787119195469,16.9454383392981,91.66880453127894,1,1,1,0,BusinessHours,0,0,0.01683264852275593
CHG002859,High,Standard,QA,-0.8897903262971976,0.01,31.022897686745917,82.99847855822424,1,0,2,0,OffHours,1,0,0.009697423084935756
CHG002860,Medium,Standard,QA,-1.4686394303152919,0.04996721914456521,15.214431488881266,56.95168831022419,0,0,1,0,BusinessHours,0,0,0.03613700657505779
CHG002861,Medium,Normal,Dev,0.6328683235572881,0.15119144142789168,1.0,63.12485813600979,0,0,2,0,OffHours,1,0,0.20409333423897383
CHG002862,Low,Normal,QA,-0.7834010538966204,0.06590042919215927,18.128152571631187,68.92093434995066,0,0,1,0,BusinessHours,0,0,0.07306642945242359
CHG002863,Low,Standard,Staging,3.0595312289968235,0.2087664271226617,12.855621862883464,30.136452738689574,0,1,4,0,OffHours,1,1,0.502946317976601
CHG002864,High,Normal,Production,-1.086073582612479,0.084238862511686,8.368337522816264,51.84103081979592,0,1,1,1,BusinessHours,0,0,0.1374412391510532
CHG002865,Medium,Standard,QA,-1.25738247498137,0.025773799982274623,27.308024649348702,77.58223368521315,0,0,2,0,BusinessHours,0,0,0.01123964656141492
CHG002866,Low,Standard,QA,0.5101387156134412,0.15755397420745346,25.910701924210723,59.039247278863584,0,0,3,0,OffHours,1,0,0.1253058755118252
CHG002867,Low,Normal,Staging,1.5293134789672953,0.16974532259692532,16.171778605715087,32.32888886354338,0,0,1,0,BusinessHours,0,0,0.3727485773692592
CHG002868,Medium,Normal,Dev,0.06458965694322165,0.03153265801052625,30.63232477302347,69.53796140620366,0,0,3,0,BusinessHours,0,0,0.0959551983940315
CHG002869,High,Normal,QA,0.5722424201872743,0.08788865779456446,24.41380438758946,58.188294783882526,0,0,4,0,BusinessHours,0,0,0.1912263437845634
CHG002870,Medium,Standard,QA,-1.8435474174587096,0.01,35.65171863453679,86.4379371027333,1,0,1,0,OffHours,1,0,0.003045029641167236
CHG002871,High,Normal,Staging,-0.6775115456917667,0.04225050798148168,26.226694226003403,74.95381952628797,0,0,2,0,BusinessHours,0,0,0.11086384240390112
CHG002872,High,Standard,Dev,-1.073615729137567,0.048520779845826326,20.34495205224981,52.27683905997992,0,0,1,0,Weekend,1,0,0.028019771235158003
CHG002873,Medium,Standard,QA,-1.895045849947881,0.01,11.8110654721276,62.87534641893503,0,0,1,0,OffHours,1,0,0.032588251945875224
CHG002874,High,Standard,Staging,0.11698023402388695,0.07826649045031545,18.667864103697937,58.17148835495021,0,1,2,0,Weekend,1,0,0.07969528042439364
CHG002875,Low,Standard,Production,-2.2428276216104335,0.01,26.333850777788907,100.0,1,0,1,0,BusinessHours,0,0,0.0027010603682486294
CHG002876,Medium,Standard,Production,-1.3221959660874487,0.029056745233565818,16.443989283933885,100.0,1,0,2,0,OffHours,1,1,0.03749951016882227
CHG002877,Low,Standard,Production,-0.537193794013418,0.056389620619616006,19.086186072552106,72.98454955962002,0,0,1,0,Weekend,1,0,0.05152398963074984
CHG002878,Low,Normal,Staging,-0.8312858359510763,0.03747157031712257,15.681995181889693,66.5075977435663,0,0,2,0,Weekend,1,0,0.09696460185666611
CHG002879,Low,Standard,QA,0.3964085022070677,0.06567252204013659,18.233466160362894,37.8217028882852,0,0,2,0,OffHours,1,0,0.03514509052661098
CHG002880,Low,Standard,QA,0.30558019190248,0.09190147474664112,15.78769075908562,69.34956603631888,0,0,1,0,Weekend,1,0,0.14708495931939908
CHG002881,High,Emergency,Dev,0.8937987459354568,0.09619697277239272,27.56093984833287,59.207096585566184,0,1,5,0,BusinessHours,0,0,0.11597209725542715
CHG002882,Medium,Normal,QA,0.7523837327126781,0.08757049048132322,21.064016015484068,62.80539588196639,0,1,4,0,BusinessHours,0,0,0.06958693704218091
CHG002883,Critical,Standard,Dev,1.1408127893613809,0.12139703717709119,36.423703864009305,51.565614988483055,0,1,4,0,BusinessHours,0,0,0.07330248118239747
CHG002884,Medium,Standard,QA,-0.0019184000090541567,0.08175759790556726,14.360488488862043,80.69552867012266,1,0,3,0,BusinessHours,0,0,0.06366471285290942
CHG002885,Medium,Standard,Production,0.3034669008166697,0.15913960210959766,19.303977510949586,70.48554264868629,0,1,2,0,Weekend,1,0,0.26012661516318614
CHG002886,Low,Emergency,Staging,0.5115137019191913,0.13651260716811964,12.481703113090727,50.12661348081649,0,1,3,0,BusinessHours,0,0,0.2391140464489822
CHG002887,Medium,Standard,QA,0.1416566973910257,0.13340181946727048,10.319778237981765,66.0784068589177,0,0,2,0,BusinessHours,0,0,0.1572023618177523
CHG002888,Medium,Standard,Staging,-0.3971943099170739,0.10668293950640519,10.01430470908675,59.11172970183922,0,0,1,0,BusinessHours,0,0,0.08360671410295044
CHG002889,Critical,Normal,QA,-0.3324425343397702,0.08515494922574442,25.813337907133125,81.86332026729534,1,1,4,0,OffHours,1,0,0.0346833764578323
CHG002890,Critical,Normal,Staging,-0.8175583983299655,0.09684230565740554,13.6422984799259,55.82419393948036,0,1,3,0,BusinessHours,0,0,0.08043004087295491
CHG002891,Low,Standard,Staging,0.4216168299098296,0.10710976873206532,10.245172639838565,30.984787468356707,0,0,2,0,OffHours,1,0,0.1466282526712314
CHG002892,Medium,Standard,QA,-0.09401517408515554,0.09100365843143964,16.936631571429782,47.809484951680645,0,1,2,0,Weekend,1,0,0.06022991940677646
CHG002893,Medium,Standard,QA,-0.6631737506367649,0.06034217554926058,7.342629094828282,56.4469352582975,0,0,3,0,BusinessHours,0,0,0.10569622441997048
CHG002894,Medium,Standard,Production,-0.6622448193245927,0.01,31.531926567349025,74.12779232407904,0,0,1,0,BusinessHours,0,0,0.0344435838731403
CHG002895,Low,Standard,Staging,-1.2103987277827886,0.06291147720327106,10.878256336390947,74.9120032741825,0,1,1,0,BusinessHours,0,0,0.015296071355822944
CHG002896,Medium,Normal,Staging,0.9788413412371997,0.1638101186516945,7.933041617040509,44.82627239653417,0,1,5,0,BusinessHours,0,0,0.24705715616612864
CHG002897,High,Normal,Dev,0.07861766953178756,0.027058762528980797,32.03003971789234,69.59944284989042,0,1,3,0,BusinessHours,0,0,0.07052377405244896
CHG002898,Medium,Normal,Dev,-0.8628000195732701,0.06108070762129709,12.882276947838466,56.176793352980056,0,0,1,0,BusinessHours,0,0,0.05919614947922268
CHG002899,Medium,Normal,QA,0.8085477496020183,0.056841496380664165,40.65918526334266,57.549041240547965,0,0,3,0,BusinessHours,0,1,0.07477251539903323
CHG002900,Low,Normal,Production,-0.560448809794373,0.06134332302121729,12.933916435852886,66.29339149040781,0,0,1,0,BusinessHours,0,0,0.09714924554572767
CHG002901,Critical,Standard,Dev,-1.4065006270122327,0.01,24.534109794449705,75.66863381225144,0,0,2,0,OffHours,1,0,0.021538336235628817
CHG002902,Low,Normal,QA,1.021222289219133,0.09685856699899031,30.985306924737912,64.46038753728544,0,1,5,0,OffHours,1,0,0.041809552867836025
CHG002903,Low,Standard,Production,-0.5370969895661131,0.10633382848702849,14.4585708417711,72.18021747334117,0,1,1,0,OffHours,1,1,0.06566471714738563
CHG002904,Medium,Standard,Staging,-0.4088990902087895,0.09389957202202756,9.594295016822304,82.74458080737325,1,1,1,0,OffHours,1,0,0.030190166470834008
CHG002905,High,Standard,QA,0.04118002034917748,0.07501588991109519,24.079545725527733,69.61469944670009,0,0,4,0,Weekend,1,0,0.06145141796395291
CHG002906,High,Normal,Staging,1.1425892227901149,0.09181288350138953,15.715966984444565,81.64365644627287,1,1,4,0,OffHours,1,0,0.1561745809294638
CHG002907,Low,Normal,Staging,0.020037290866311695,0.11483434686445676,10.621041793314232,59.84072885862474,0,0,2,0,BusinessHours,0,0,0.19760739795098717
CHG002908,Low,Normal,Production,-1.1991171261452302,0.07804871950105342,1.0,74.96792729152835,0,1,1,0,BusinessHours,0,0,0.07930274234339635
CHG002909,High,Normal,Dev,0.5438770041121802,0.15068108261994606,4.148657875433213,55.53099515568496,0,1,2,0,BusinessHours,0,1,0.43600693752981784
CHG002910,Medium,Normal,Production,-0.48498972426172404,0.046882839376237155,27.839404587356743,81.68458472168149,1,0,3,0,BusinessHours,0,0,0.04315630503018107
CHG002911,Low,Standard,QA,1.8879239715294662,0.17324023531920016,25.912556425724283,38.443336013508954,0,0,3,0,Weekend,1,1,0.22420204718227718
CHG002912,Critical,Standard,Production,-0.0011197219978901704,0.08404904175011137,29.6131822008086,76.87056532238742,0,0,6,1,BusinessHours,0,0,0.17601285589959015
CHG002913,Low,Normal,Production,-2.235035497898666,0.047729343663874296,11.147302016681172,66.5511841928083,0,1,1,0,OffHours,1,0,0.05460315356164227
CHG002914,Medium,Normal,Production,0.357364972155674,0.1283940664345822,8.078156008426145,58.074628387198565,0,1,4,0,Weekend,1,1,0.43488285656580267
CHG002915,Low,Standard,Production,1.9445977922602284,0.15967944701287953,27.03944062643658,47.69171977755923,0,1,5,0,BusinessHours,0,1,0.35311088551531333
CHG002916,High,Standard,Production,1.5759202885453896,0.13964444422133968,8.651728899595192,61.41551487853123,0,1,4,1,BusinessHours,0,1,0.44610614781720315
CHG002917,High,Emergency,Dev,1.8309542887565653,0.14789682229877543,11.429170439930811,45.894020820922,0,1,5,0,BusinessHours,0,1,0.5215028855080431
CHG002918,Medium,Standard,Dev,-1.0197601853814635,0.04779566885365908,33.9300647222654,60.60843230357236,0,1,1,0,OffHours,1,0,0.011299460207645266
CHG002919,Medium,Normal,QA,0.9121523959767788,0.06888533337905776,41.16469147065177,98.68994991394914,1,1,4,0,OffHours,1,0,0.014532051522114496
CHG002920,High,Normal,Staging,-0.7219945397367117,0.044814083401403866,10.460775976686884,80.65504333007127,1,0,3,0,Weekend,1,0,0.058761048791634435
CHG002921,High,Normal,QA,0.2242893994169245,0.048187407311162556,22.146425295050694,64.40759218018306,0,0,4,0,BusinessHours,0,0,0.09053720546054206
CHG002922,Medium,Standard,Production,-1.2729524287397325,0.04518683837106434,16.116642939666132,55.726219676022154,0,0,1,0,OffHours,1,0,0.05871514102982541
CHG002923,Medium,Normal,Production,-0.6444557648827163,0.09567848147016914,2.25060528754379,69.82225528483626,0,0,2,0,OffHours,1,0,0.3145740794699024
CHG002924,High,Standard,Production,-0.6762466973636153,0.06927416996880294,13.550842346808135,55.71506629496779,0,1,3,1,BusinessHours,0,0,0.04791178272573204
CHG002925,Low,Standard,QA,0.8985552801426162,0.18502349064925996,17.050338426106386,56.23610820392929,0,0,2,0,Weekend,1,1,0.29048143750347116
CHG002926,Low,Standard,Production,0.8007191216696554,0.15684475455101793,30.858355913504656,71.52595349314977,0,0,4,0,Weekend,1,0,0.18745836802910645
CHG002927,Low,Standard,Production,0.2768197293308208,0.09788946249810607,14.490179023222836,49.525051416875236,0,1,1,0,OffHours,1,0,0.1425566626324776
CHG002928,High,Standard,Production,-1.3504214180553855,0.09763489181870431,3.6133614671663756,53.25563006772783,0,1,3,1,BusinessHours,0,0,0.07277709762721822
CHG002929,Low,Normal,Production,-0.31163943394972,0.026300356326326955,38.40047706019791,74.00268286323299,0,0,1,0,BusinessHours,0,0,0.03150668849729923
CHG002930,Medium,Standard,QA,-0.746116482942726,0.05968726368591147,12.891473186949703,55.33943837109929,0,0,2,0,BusinessHours,0,0,0.06220854828340652
CHG002931,Medium,Standard,Dev,0.869675756694491,0.14339542437504837,1.0,49.33408151215056,0,1,4,0,BusinessHours,0,0,0.27318188274949723
CHG002932,Low,Standard,Production,1.1781848528171845,0.10568970233436233,13.377726607598625,66.32907520903416,0,0,3,0,OffHours,1,0,0.22054866036812815
CHG002933,Medium,Normal,Production,1.056385586030883,0.1865114500549151,13.80309341280881,60.17852040565991,0,1,4,0,BusinessHours,0,0,0.34488310784438264
CHG002934,Medium,Standard,Production,-0.7552194194170205,0.0224671843029719,33.13072122385543,68.67302847881801,0,1,1,0,BusinessHours,0,0,0.038079727553011145
CHG002935,Low,Normal,Production,-2.739533122289479,0.01,14.212845095509023,91.86201706046769,1,0,1,0,BusinessHours,0,0,0.007463582989852168
CHG002936,Critical,Standard,Production,-1.7669618981300543,0.02240312860968493,19.722622320170878,63.49729876292697,0,0,1,1,BusinessHours,0,0,0.05785883352787459
CHG002937,Low,Normal,Production,1.4216269780822084,0.10371664729680766,27.307821599184688,66.11351408026488,0,1,3,0,BusinessHours,0,0,0.2031872392116145
CHG002938,High,Normal,Production,-0.4012549393198239,0.04652342672394903,31.6759583841723,54.522662984550784,0,1,2,1,BusinessHours,0,1,0.09812555523036914
CHG002939,Medium,Normal,Production,-0.7507246182651125,0.040584663702513187,27.07919265250163,95.1980620757871,1,0,1,0,OffHours,1,0,0.03990199309208605
CHG002940,Low,Normal,QA,1.642660293436234,0.13454664420764934,20.661447455027012,44.97233240003833,0,1,4,0,BusinessHours,0,0,0.10162633874704144
CHG002941,Low,Emergency,Dev,1.2651599454883269,0.04963569548098433,24.044936146057605,55.76810380963614,0,0,4,0,BusinessHours,0,0,0.1517849048757256
CHG002942,Medium,Standard,Dev,0.02444872191978665,0.0641467121243337,24.67301448714135,78.16534847486398,0,0,1,0,BusinessHours,0,0,0.041099953794435456
CHG002943,Medium,Standard,QA,-0.2934030910639739,0.052215750994575996,13.744403302845964,53.51679689019559,0,0,3,0,BusinessHours,0,0,0.03386071664462357
CHG002944,Low,Emergency,Production,-0.13210121281312523,0.06398229818971461,24.71865554318989,65.07980088077332,0,1,3,1,BusinessHours,0,0,0.12924498372269466
CHG002945,Critical,Normal,Production,0.22716279838746606,0.11725932831513947,6.518839225035769,46.45665782450915,0,1,4,1,Weekend,1,1,0.5458418888434947
CHG002946,Medium,Normal,QA,1.600047281319608,0.1340317050633216,22.58815162729648,52.72095740269124,0,1,5,0,BusinessHours,0,0,0.17591342964158982
CHG002947,Critical,Standard,QA,0.4224674242372267,0.08747536774872561,17.62929987179923,53.87280937377668,0,1,4,0,Weekend,1,0,0.1749279258205348
CHG002948,Low,Standard,Staging,0.7260290330391413,0.14005854954049507,9.989134026537423,75.66197964661475,0,1,1,0,Weekend,1,0,0.16033914073112743
CHG002949,Low,Normal,Production,1.1692701090701714,0.10748684679721617,29.79441487852191,50.55050666308067,0,1,2,0,Weekend,1,0,0.14035772518561812
CHG002950,Medium,Normal,Staging,-1.169676001024419,0.07063532884893622,11.159455946485625,69.52602594496763,0,1,2,0,Weekend,1,0,0.06407610651219108
CHG002951,Medium,Standard,Dev,0.7548618924740429,0.05045606673781973,29.625852956113132,62.985424398006394,0,1,3,0,OffHours,1,0,0.03306940277017329
CHG002952,Low,Standard,QA,-0.29456875466161137,0.07143961827996739,25.009819304608687,80.29350283904014,1,0,1,0,BusinessHours,0,0,0.02520965086880417
CHG002953,Low,Normal,Staging,-2.516095195772766,0.01,20.698088639862146,100.0,1,0,1,0,BusinessHours,0,0,0.004232585457546566
CHG002954,Low,Normal,Staging,-2.128169541985812,0.01,9.17637617633974,71.69590440336034,0,0,1,0,OffHours,1,0,0.0335075300431126
CHG002955,High,Emergency,Production,-1.0181176115186856,0.12756955795613417,13.531908578536717,53.15613619943687,0,0,1,1,BusinessHours,0,1,0.41142215933767806
CHG002956,Medium,Standard,Production,0.5312232285925814,0.11972394104588874,19.87543418858584,55.150517811148156,0,1,3,0,OffHours,1,0,0.14902482452863358
CHG002957,Critical,Standard,Dev,0.11379956534029644,0.06523993457626967,26.99437531666413,78.8896720756215,0,0,5,0,BusinessHours,0,0,0.07269510849337775
CHG002958,Low,Standard,QA,0.184366707175664,0.028760240657496147,29.844101841272284,65.27422316511453,0,1,2,0,BusinessHours,0,0,0.04200212824860339
CHG002959,Medium,Normal,QA,1.950943482686692,0.16037009801925778,13.685185366730842,58.872488386163745,0,1,7,0,OffHours,1,0,0.2933601408245719
CHG002960,Medium,Standard,QA,-1.2690896148598123,0.08325307424103287,1.0,55.03216689641448,0,0,1,0,OffHours,1,0,0.11518507490626613
CHG002961,Medium,Standard,QA,-0.027433354183723595,0.12394104210859282,12.838139619623295,81.35268740655434,1,1,4,0,BusinessHours,0,0,0.05057427179475249
CHG002962,High,Standard,Dev,0.3044355228138156,0.01,45.59224456620897,50.63036284774371,0,1,4,0,BusinessHours,0,0,0.011287788579007819
CHG002963,High,Standard,Dev,-0.7362731165383355,0.073880222013889,11.576144623221216,67.76482026355393,0,0,2,0,Weekend,1,0,0.13688351507041252
CHG002964,Low,Normal,Production,0.028326745082940964,0.030095148007321316,28.280446278655216,74.6362360456037,0,0,1,0,OffHours,1,0,0.0735254829695044
CHG002965,Medium,Standard,Dev,-1.599949334084345,0.04017912324087737,20.9389868413791,70.7001702870848,0,0,1,0,BusinessHours,0,0,0.026781420811380383
CHG002966,High,Normal,Production,1.4099062172750279,0.1371457723613413,15.407218369027534,55.86828960013116,0,1,4,1,OffHours,1,1,0.4423627384742031
CHG002967,Low,Normal,QA,-0.6816145525304338,0.03502418676824023,26.646518698873667,75.53058136840117,0,0,1,0,BusinessHours,0,0,0.031005800834107658
CHG002968,Medium,Standard,QA,2.031400164778503,0.21628538755814747,11.29953009742104,45.635899179205964,0,1,3,0,BusinessHours,0,0,0.3087568230236752
CHG002969,Medium,Normal,Dev,-0.03247432391745505,0.020634289225589564,34.08308494987381,81.30250683034241,1,1,3,0,BusinessHours,0,0,0.009382623386520525
CHG002970,Medium,Normal,Dev,1.0280535653991831,0.10062713275661647,15.878566294818137,78.2934422410251,0,0,4,0,BusinessHours,0,0,0.23922734788829889
CHG002971,Medium,Normal,QA,-0.05330286899115438,0.029495749424890666,21.81350188040775,35.46542161725557,0,1,4,0,BusinessHours,0,0,0.021591161280901907
CHG002972,Medium,Normal,Production,-0.03074383226052982,0.076576233806812,14.722657751037984,85.5376566147751,1,1,2,0,BusinessHours,0,0,0.08319510083238364
CHG002973,High,Normal,Production,-0.5840293332220078,0.01,28.580953257574343,100.0,1,1,2,1,OffHours,1,0,0.07837090986881007
CHG002974,Medium,Emergency,Dev,0.11912392936627762,0.05660310087132181,33.44641417249942,44.08560513425923,0,0,1,0,BusinessHours,0,0,0.08457960994231993
CHG002975,High,Normal,Dev,0.31799869441404743,0.09473640929256273,23.35071625477503,62.11128565371342,0,0,4,0,OffHours,1,0,0.23505133231864186
CHG002976,High,Standard,Dev,-0.7842585089151799,0.015527575621046188,29.708902557980743,99.83756884008768,1,0,1,0,BusinessHours,0,0,0.008496222910827399
CHG002977,Medium,Normal,Production,-0.1250444158598842,0.12266003874598007,14.064978600230065,72.74158352054971,0,1,2,0,Weekend,1,0,0.1419357998540533
CHG002978,Medium,Normal,QA,-0.6100988660571137,0.015372006831014286,29.23792605424039,95.34397745202423,1,0,2,0,OffHours,1,0,0.022491780801208002
CHG002979,Medium,Standard,QA,2.2996640696148387,0.15036593749436586,28.206415441530506,54.48980747012502,0,1,3,0,Weekend,1,1,0.23188877340888045
CHG002980,High,Standard,Production,-0.08973076991161853,0.1351019674147492,4.222422640664282,33.844251474619966,0,1,4,1,BusinessHours,0,0,0.17038549442866563
CHG002981,Low,Normal,Production,1.5452321516965593,0.1391793465162844,23.299457673586964,69.79036446392696,0,1,4,0,BusinessHours,0,0,0.29474097015527506
CHG002982,Critical,Standard,Staging,-0.19562233080768832,0.08238432737213916,15.992676542780933,74.2422486352041,0,1,4,0,BusinessHours,0,0,0.07940457950851267
CHG002983,Medium,Normal,Dev,0.25928764153490796,0.13662682237909668,17.7209673971388,74.54947607845892,0,0,2,0,OffHours,1,0,0.12612090551222077
CHG002984,Medium,Emergency,QA,-1.3213640716452693,0.034335657181646176,32.16654440134054,49.669049634730506,0,1,1,0,OffHours,1,0,0.03885493420874535
CHG002985,Medium,Standard,QA,-0.44707259186786463,0.06593560100785066,8.110725640780611,55.00873140388329,0,0,3,0,OffHours,1,0,0.05006416057639592
CHG002986,Medium,Standard,Staging,0.21053467078924676,0.11852622495434625,16.139563658743334,63.00508908314916,0,0,2,0,OffHours,1,0,0.14408491443612248
CHG002987,Medium,Emergency,Production,1.5860038309598667,0.14413239113839285,20.770233975526434,57.82905475961355,0,1,4,1,BusinessHours,0,0,0.45078319407841405
CHG002988,Medium,Standard,Dev,0.22198277767627117,0.10196790683991644,19.26069666367948,81.93313581311797,1,1,2,0,BusinessHours,0,0,0.012944531480336861
CHG002989,Low,Normal,Production,1.3837203611929991,0.14284463299807318,21.756657620867728,42.647388032773605,0,0,1,0,BusinessHours,0,0,0.3209147584001289
CHG002990,Medium,Standard,Staging,0.6407291102029202,0.12184517493914937,21.513994854039986,55.97574138363055,0,1,4,0,BusinessHours,0,1,0.061466544013072846
CHG002991,Medium,Standard,Production,1.6274013394646858,0.15039818719108655,12.199981285263949,81.93692217692879,1,0,4,0,OffHours,1,1,0.2743047859502925
CHG002992,Medium,Standard,Dev,-0.059042217305055426,0.01,36.15281969571215,77.43665260997365,0,0,1,0,OffHours,1,0,0.008909357309087316
CHG002993,Medium,Standard,QA,2.390222710651804,0.23098740153843467,2.7826631707734144,44.11705658990244,0,0,7,0,OffHours,1,1,0.7162440429268998
CHG002994,Low,Emergency,Dev,-0.485396202914123,0.05772346354985458,11.608362381336809,49.367895108662545,0,1,1,0,BusinessHours,0,1,0.04344208706355859
CHG002995,High,Standard,Production,-0.766461834197669,0.04212893654974058,13.128573233103202,73.28861305583331,0,1,2,1,BusinessHours,0,0,0.10148012450933716
CHG002996,Medium,Standard,Dev,-1.2100528496890341,0.01,38.242709237301874,78.56787900917644,0,0,2,0,BusinessHours,0,0,0.0030843864790056253
CHG002997,Medium,Normal,QA,2.3310246715580702,0.2321706173854713,8.655288179051317,27.05683027318298,0,1,5,0,BusinessHours,0,1,0.5492596335203684
CHG002998,Medium,Emergency,Production,0.8194475726178976,0.09315021934822668,20.152908363384206,46.976479913367136,0,0,3,1,BusinessHours,0,0,0.3381983532959249
CHG002999,Medium,Standard,Production,-0.33412073338030845,0.01,16.94057100599104,62.86911678256996,0,1,1,0,BusinessHours,0,0,0.04333513426585471
CHG003000,High,Normal,Staging,1.249022696873495,0.13061764151952582,19.155676582748235,53.69363429312619,0,1,5,0,Weekend,1,0,0.3180301775490648
CHG003001,Low,Standard,Staging,0.687692185117782,0.08366748997765357,27.070581231596428,74.46308177337903,0,1,3,0,BusinessHours,0,0,0.02905614083027273
CHG003002,Low,Normal,Staging,1.9661274713755903,0.13250644475988368,25.98600637012276,80.4663273478304,1,1,3,0,OffHours,1,0,0.08027367117201287
CHG003003,Medium,Normal,Staging,-1.5478328327399113,0.041032461303951315,19.757909306708356,67.13990437878248,0,0,1,0,OffHours,1,0,0.02658933144805768
CHG003004,Low,Normal,QA,-0.26536010831425455,0.05993728873969062,28.392361515161145,56.61941275695434,0,0,2,0,OffHours,1,0,0.07146433571307632
CHG003005,Low,Normal,Dev,-0.46252138394282544,0.1092128227314995,1.0,55.76556806066429,0,1,1,0,OffHours,1,0,0.18126495874982526
CHG003006,Low,Emergency,QA,-1.9736826764086015,0.01,26.389013661985445,61.26695494429985,0,1,1,0,OffHours,1,0,0.014872478831441962
CHG003007,Medium,Standard,Dev,1.060327204779694,0.13228483751240944,17.114268267988997,31.3378568963156,0,0,3,0,OffHours,1,0,0.28459803935332567
CHG003008,Critical,Normal,Staging,-0.2703965558033584,0.08120530374551793,19.408283712900914,78.62968781295021,0,0,4,0,BusinessHours,0,0,0.15446081032193773
CHG003009,Low,Normal,Staging,0.7396312049865622,0.1669049431618636,14.150346302092299,48.25142336887191,0,1,1,0,BusinessHours,0,0,0.33873164991364174
CHG003010,Medium,Standard,Dev,2.3597719343296117,0.17804119975335192,22.38763715701086,51.09785188862405,0,0,4,0,OffHours,1,0,0.34661977691534823
CHG003011,Critical,Emergency,Production,-0.3532436918276083,0.08863868808676148,8.4369358055515,22.82399803306628,0,1,2,1,BusinessHours,0,1,0.4824330130711703
CHG003012,Critical,Normal,Production,-0.4211529826571552,0.025520829596031393,21.80489591411848,62.39006929768507,0,0,5,1,BusinessHours,0,1,0.1747146347248408
CHG003013,Low,Normal,Staging,0.11866416972399602,0.1139476323313406,10.434713791955899,38.4746262723331,0,1,1,0,BusinessHours,0,0,0.16096779866649769
CHG003014,High,Standard,Production,0.9872473529834096,0.12458017226450614,15.497864957907678,50.908895164350035,0,1,4,1,OffHours,1,0,0.4098820231677432
CHG003015,Low,Normal,QA,-0.5667130253101499,0.026409265040996364,29.469965874665426,79.22872794701532,0,0,1,0,Weekend,1,0,0.018025714008057695
CHG003016,High,Standard,QA,-0.6309615971321306,0.01092646538650813,27.03393124290561,75.76630979127326,0,1,2,0,BusinessHours,0,0,0.015553029868970522
CHG003017,Low,Emergency,Dev,1.0571892702413659,0.11141611953133962,25.844524604233452,46.58355646523998,0,0,3,0,BusinessHours,0,0,0.1327915791108614
CHG003018,Medium,Standard,Staging,0.37863932383803556,0.03191255180969093,29.28491780263014,62.65332717382864,0,0,4,0,BusinessHours,0,0,0.030473210042056168
CHG003019,Low,Normal,QA,-2.0447282630048207,0.05324951551998995,10.445496010718589,73.62935858414428,0,0,1,0,Weekend,1,0,0.026631052553033517
CHG003020,High,Standard,Production,-1.2253917994691081,0.01,30.16778554372778,89.58008502666281,1,1,1,1,BusinessHours,0,0,0.007878527002130301
CHG003021,Low,Normal,QA,1.5012358638272103,0.16290996323823875,13.342377519406666,35.780997917015,0,1,3,0,BusinessHours,0,1,0.2701674267315333
CHG003022,Medium,Standard,Staging,0.4019282830788125,0.11558902159388185,23.65777860524004,55.75839852803709,0,1,3,0,BusinessHours,0,0,0.03245840405426067
CHG003023,Medium,Normal,Staging,-0.762195931037249,0.06962134048885946,19.31560263596241,56.907650801419706,0,1,2,0,BusinessHours,0,0,0.08597122074045173
CHG003024,Low,Normal,QA,-0.17040965723498214,0.10441500611315534,13.884830173711554,51.95002465243087,0,0,1,0,OffHours,1,0,0.12610502788625066
CHG003025,High,Standard,Production,0.013236672801670204,0.06079112984547178,22.708650772434556,63.76360272028474,0,1,2,1,BusinessHours,0,0,0.09774672219654053
CHG003026,Medium,Normal,Staging,0.7357333602801638,0.09041185509486908,34.10552488245885,52.55061776119018,0,1,4,0,BusinessHours,0,0,0.14715071653445275
CHG003027,Low,Normal,Production,-1.3582633948587894,0.01,31.00270298559889,76.92685322809308,0,1,1,0,BusinessHours,0,0,0.014754140374551113
CHG003028,Low,Standard,Staging,-0.8409491386704581,0.022616758749035914,21.727789557700895,88.06522316537777,1,0,1,0,OffHours,1,0,0.011591020415477485
CHG003029,Medium,Standard,Staging,0.27295575486338886,0.0826884821440527,20.64996546389483,60.20598014923992,0,0,2,0,BusinessHours,0,0,0.09207141917469482
CHG003030,Low,Standard,QA,-0.09983458049545033,0.06251463836419446,24.683565488869625,54.620546127041266,0,0,1,0,BusinessHours,0,0,0.029446464052914827
CHG003031,Medium,Standard,Production,0.5718591826367099,0.10541625433303192,14.782424384198944,35.449554441070674,0,0,3,0,OffHours,1,0,0.18126201354427207
CHG003032,Medium,Normal,QA,-1.2295073973595978,0.02657281445931617,20.206040815112914,100.0,1,1,1,0,Weekend,1,0,0.01120221061246542
CHG003033,Medium,Normal,QA,0.3571286762713211,0.0914559991010107,23.9445732073293,77.24280566586837,0,0,3,0,BusinessHours,0,0,0.138012011103515
CHG003034,Medium,Standard,Dev,1.0915836193774722,0.08737337092745809,18.827644062034864,65.58207369316348,0,1,3,0,OffHours,1,0,0.0359521393178525
CHG003035,High,Emergency,Staging,0.4868185471492834,0.13625713787275945,3.244214819533402,53.667435731591304,0,1,4,0,OffHours,1,0,0.6579490181081226
CHG003036,Medium,Standard,Dev,0.13911173976159188,0.06567290578289685,16.98709065871472,69.2993404329157,0,0,2,0,OffHours,1,0,0.08860271873192012
CHG003037,Medium,Normal,Production,-0.09588360256597088,0.12953207400033745,23.44750125653748,55.17210122391977,0,0,2,0,BusinessHours,0,0,0.27895113151520484
CHG003038,High,Normal,Dev,-0.8348511527715018,0.02598535147871392,25.582302386997306,58.73346269676703,0,0,1,0,OffHours,1,1,0.07482627826456034
CHG003039,Low,Normal,QA,-0.07199859243978847,0.02402706107611903,38.622150534741195,99.97310223728715,1,0,2,0,OffHours,1,0,0.010057886331900192
CHG003040,Medium,Normal,QA,1.259705852880406,0.14936565571317498,12.18158563974054,46.35926699013336,0,1,3,0,BusinessHours,0,0,0.17572760960326517
CHG003041,Critical,Standard,QA,-0.11902850660012523,0.07149998219163237,22.82829588008253,62.254310602633225,0,1,2,0,BusinessHours,0,0,0.09207912225436865
CHG003042,Medium,Normal,QA,-0.8898039893484101,0.02160101264383901,17.251021176847715,77.86332033222594,0,1,1,0,BusinessHours,0,0,0.01763189108078603
CHG003043,Critical,Normal,Production,-0.4922470887653863,0.10424256601613485,1.8051431162120415,55.11937243088675,0,0,4,1,OffHours,1,0,0.686690140968453
CHG003044,Medium,Normal,Dev,0.20085029727593015,0.10907457752310472,18.349945782451815,66.63490842175922,0,0,2,0,BusinessHours,0,0,0.10720637513372967
CHG003045,Medium,Standard,QA,-0.37351399718084694,0.04786739718602251,15.828235884546396,76.05477231065798,0,0,2,0,OffHours,1,0,0.05050192101304148
CHG003046,Medium,Normal,Dev,0.4853032830631407,0.18459396414310703,1.0,33.91624686201809,0,0,2,0,OffHours,1,0,0.5916744808695861
CHG003047,Low,Standard,QA,0.5228437607490304,0.15337737504353025,14.565889225679012,54.290230583588446,0,0,2,0,BusinessHours,0,0,0.15395549760076818
CHG003048,Critical,Normal,Production,0.8889831804046482,0.0926399518934101,25.794347617121133,72.1110816625956,0,1,6,1,BusinessHours,0,0,0.2360804706726103
CHG003049,Low,Normal,QA,1.4235594722650329,0.09543635976820565,23.84995131106671,52.68861264245534,0,1,3,0,BusinessHours,0,0,0.09170349499476162
CHG003050,Critical,Standard,Production,0.9958587243723608,0.10562652364199537,19.418336878470285,77.01321609590207,0,1,5,1,BusinessHours,0,1,0.23685561207177608
CHG003051,Medium,Standard,Staging,-0.9342390641479599,0.048153246326056394,25.32283635609299,78.40627281499849,0,0,1,0,OffHours,1,0,0.013777626865427557
CHG003052,High,Standard,QA,-0.9035344465762722,0.031257846065073064,20.13696377952307,92.9157148454982,1,0,1,0,BusinessHours,0,0,0.023787909294017393
CHG003053,Critical,Standard,Production,-0.07577147645982442,0.061104918581870935,26.991203010847517,52.788309202881585,0,0,4,1,Weekend,1,0,0.0928676323337286
CHG003054,Medium,Standard,Dev,-0.4511753572394145,0.08470550834879105,14.80275767768524,74.25537374601754,0,1,2,0,Weekend,1,0,0.02570040629303907
CHG003055,Critical,Standard,Production,-1.1383267269609427,0.035296380191968006,28.937132185691624,64.23286662878905,0,1,4,1,Weekend,1,0,0.05330387294303458
CHG003056,High,Standard,Staging,-0.44169179417299426,0.07384707745261469,22.915408279714498,56.49328233256265,0,1,4,0,BusinessHours,0,0,0.10029909006293015
CHG003057,Medium,Normal,QA,-0.474512933619039,0.01,31.288873187378844,88.49870031272143,1,1,1,0,BusinessHours,0,0,0.007859305605054703
CHG003058,Medium,Normal,Production,-0.6718477397612058,0.01,30.449304750791462,78.28397066931325,0,0,1,0,OffHours,1,0,0.07465639969483333
CHG003059,Low,Standard,QA,-0.3157894861550056,0.03913142342016514,28.37289591233756,100.0,1,0,2,0,BusinessHours,0,0,0.004513366628947251
CHG003060,Low,Standard,Production,1.178450850318331,0.16579930099590484,18.318922975983345,58.93196649348309,0,0,2,0,Weekend,1,0,0.2471978521999361
CHG003061,Medium,Normal,Production,0.19923804124923924,0.08727566109102138,14.828381805924565,48.38036921126604,0,1,4,0,OffHours,1,0,0.15601571160615632
CHG003062,Medium,Standard,QA,2.4718090760554694,0.1758188397696453,29.210767449043328,60.40195112867187,0,1,4,0,Weekend,1,1,0.13087028889224417
CHG003063,Low,Standard,QA,0.17050818601964934,0.06473493030856461,22.385610067247583,64.59688513758462,0,0,3,0,Weekend,1,0,0.04120703141761224
CHG003064,Medium,Normal,Production,-0.29006577393725175,0.07703637216191289,24.392391237689807,79.60523064829349,0,1,2,0,Weekend,1,0,0.12880263309391307
CHG003065,Medium,Emergency,Dev,0.004132882654866092,0.08442357231037237,15.27615080193586,46.97727216429077,0,1,4,0,BusinessHours,0,0,0.16952413155216647
CHG003066,Medium,Standard,Production,0.25649197844354,0.04527297626212969,20.544698098452074,70.80782937435768,0,0,1,0,Weekend,1,0,0.1387648611665113
CHG003067,High,Emergency,Dev,0.43525395717106363,0.10370957667500977,11.882973135843157,46.302211241819286,0,1,4,0,BusinessHours,0,0,0.29484875396890786
CHG003068,Critical,Standard,QA,2.0767113258590237,0.1374274473578887,22.04615259047055,53.76589185814878,0,1,6,0,OffHours,1,0,0.37627568130278416
CHG003069,High,Standard,Staging,-0.8453204649775686,0.015302443464134926,27.272800300486786,93.91634972843423,1,0,1,0,OffHours,1,0,0.01975914696008192
CHG003070,Medium,Standard,Production,0.8590460581777356,0.06605432514940919,33.02347829240119,47.90591981491783,0,1,3,0,BusinessHours,0,0,0.04341297008140923
CHG003071,Low,Normal,Production,0.20775059761412384,0.062049609668097694,22.794845660351235,69.46779018745782,0,0,1,0,BusinessHours,0,0,0.08067883855547724
CHG003072,Critical,Normal,Staging,-1.5710977425706176,0.08097720315644003,5.278834489447565,59.480541194102045,0,0,2,0,OffHours,1,0,0.15895655646089615
CHG003073,Low,Normal,QA,0.7706987820947633,0.10494776377663302,26.807211155579836,44.031909695551526,0,1,2,0,BusinessHours,0,0,0.048575035935822276
CHG003074,Low,Emergency,QA,1.2676235608039048,0.07211018351630291,35.15642759765571,49.78309373339199,0,0,2,0,OffHours,1,1,0.14885169743916876
CHG003075,Medium,Normal,QA,-0.8571764037774298,0.1339918379989161,22.26791560316966,58.34008315915653,0,0,1,0,BusinessHours,0,0,0.06923797673511048
CHG003076,Medium,Standard,QA,-0.008933867891970693,0.08125732233830683,22.65974222769657,61.83315215113604,0,1,2,0,BusinessHours,0,1,0.03979455768790061
CHG003077,Medium,Normal,QA,-1.7253542620077036,0.01,27.20467786520385,92.74545675369772,1,1,3,0,OffHours,1,0,0.0048908259023591905
CHG003078,Low,Standard,Staging,-1.2588064596843365,0.02075291929908904,30.73586942906843,85.89790829146072,1,0,1,0,BusinessHours,0,0,0.005184934865430345
CHG003079,High,Normal,QA,1.0480295776172526,0.06219827236784185,36.258153096030526,69.06803858288316,0,0,4,0,OffHours,1,0,0.11888185362558398
CHG003080,Low,Normal,Dev,-0.4664165060074345,0.08934909042217822,24.003782480441238,82.61672602492094,1,0,1,0,BusinessHours,0,0,0.019054373684367847
CHG003081,Medium,Normal,Staging,-1.1088029749380393,0.06847880382009089,13.212919061640385,62.4861730081285,0,0,1,0,Weekend,1,0,0.1249179721558825
CHG003082,Medium,Standard,Dev,0.22946036445842968,0.0820992707564397,32.505840503199735,48.375716010997635,0,1,1,0,Weekend,1,0,0.020552347261314444
CHG003083,Medium,Normal,Production,-0.5224124314310232,0.12212480583641773,10.587735007733928,56.673052671242104,0,1,2,0,OffHours,1,0,0.12272488961487472
CHG003084,High,Standard,QA,-0.4708216577755361,0.06472815031126522,19.755269012454516,67.95512145410729,0,0,4,0,BusinessHours,0,0,0.052817230804560626
CHG003085,Low,Standard,Dev,0.7393260256749032,0.0986725461349862,18.329279258645304,19.350267417726116,0,0,4,0,BusinessHours,0,0,0.08117161866673095
CHG003086,Low,Normal,Production,-1.1617333589343466,0.011035038303973201,23.658873988629555,96.03382416673448,1,0,1,0,BusinessHours,0,0,0.008419573235195016
CHG003087,Low,Standard,Staging,-0.9053652126818322,0.012372685292333634,26.612519162805647,75.35387749143719,0,0,1,0,OffHours,1,0,0.025089050332732135
CHG003088,High,Standard,Production,0.15407999214886864,0.09015448562284274,28.780516142677754,53.13806441894329,0,1,3,1,BusinessHours,0,0,0.07482202489057307
CHG003089,Critical,Normal,QA,0.9694097907482053,0.13933044349151633,10.827341273671276,42.90615144926672,0,1,7,0,BusinessHours,0,0,0.2105421551100246
CHG003090,Medium,Standard,QA,1.2381603014898497,0.14647691225662507,37.42240127103483,72.74044571432327,0,1,3,0,BusinessHours,0,0,0.07075060562279357
CHG003091,Medium,Standard,Staging,-0.665061720361623,0.01,55.21227829775148,100.0,1,0,1,0,BusinessHours,0,0,0.0014162668011977037
CHG003092,High,Emergency,QA,0.9373769669196479,0.07518180574963093,23.34571589220419,44.55476735761488,0,0,6,0,OffHours,1,1,0.2294956783548152
CHG003093,Medium,Standard,Staging,-0.7841422934704089,0.03526836840259088,18.523489479781265,55.70734438781287,0,1,1,0,BusinessHours,0,0,0.029040735530748586
CHG003094,Low,Standard,QA,1.8262093469068,0.15370525631796028,18.937908420303415,42.87585092134192,0,1,2,0,BusinessHours,0,0,0.3012717270702965
CHG003095,Medium,Normal,QA,-1.1337710254197284,0.011018666329777445,19.593771913881028,73.38071521781762,0,0,1,0,BusinessHours,0,0,0.04909617941674879
CHG003096,Medium,Standard,Dev,1.328478810791731,0.1418269967963835,23.990574058029306,59.659429828324896,0,1,4,0,BusinessHours,0,0,0.10886853470150182
CHG003097,Medium,Emergency,Production,-0.6564861068187239,0.04593088880943159,14.467889475993019,49.75215888925088,0,0,2,1,BusinessHours,0,0,0.2860817406765598
CHG003098,Medium,Normal,QA,2.0132464547946003,0.1938359078601735,22.648956731859144,47.31629723054929,0,0,5,0,OffHours,1,1,0.4772434507081986
CHG003099,Medium,Normal,Production,0.5913207288524843,0.07347065597692308,35.97102167741184,72.95726012530122,0,1,2,0,OffHours,1,0,0.10380214508433677
CHG003100,Medium,Standard,QA,-1.016016529408222,0.01,29.10408410795682,93.4600422914713,1,0,1,0,OffHours,1,0,0.007965026827713826
CHG003101,Medium,Standard,Staging,-0.5222384795425068,0.057309193505499706,19.27562382710883,84.01772221779865,1,0,1,0,BusinessHours,0,0,0.028793778290337274
CHG003102,Low,Normal,QA,0.7811812052237417,0.17720310568467243,15.884016316781404,69.50087670575638,0,0,2,0,OffHours,1,1,0.2712424060013998
CHG003103,High,Standard,Staging,1.0526444176155614,0.11627689326398258,38.696898859796384,81.57018434474722,1,1,5,0,BusinessHours,0,0,0.03911158218520826
CHG003104,High,Normal,Production,-0.07071559172446261,0.0599910463756517,18.350082238234815,86.98387891080117,1,1,4,1,OffHours,1,0,0.12864353976622492
CHG003105,Low,Normal,Staging,0.044658280963466405,0.11235768121653576,1.0,64.71516365046293,0,1,1,0,Weekend,1,0,0.21637939386339056
CHG003106,Low,Normal,QA,0.7583530326440655,0.0829393948097764,33.917405604952855,56.84795198685772,0,0,1,0,OffHours,1,1,0.17577100135748894
CHG003107,Low,Standard,Production,0.13179842701081995,0.06312517066088633,36.486283088432835,89.52752238690765,1,0,2,0,Weekend,1,1,0.04017483717502102
CHG003108,Low,Normal,Dev,-1.2935048593383758,0.09076362464778673,2.594670168266295,41.8496346633781,0,0,1,0,BusinessHours,0,0,0.0700780371090272
CHG003109,Low,Normal,Staging,-0.8129740246401806,0.08126196156161966,22.36671767531101,94.10548763190052,1,1,1,0,OffHours,1,0,0.02634035955079606
CHG003110,Low,Standard,Production,0.23511994315166507,0.13172439084086515,20.754444535323948,50.64303835307722,0,1,1,0,BusinessHours,0,0,0.0879381740839514
CHG003111,High,Normal,QA,1.2154824164976936,0.07846334537736448,21.33079280191761,71.06949423234137,0,1,6,0,BusinessHours,0,0,0.10263281660213343
CHG003112,High,Standard,Staging,1.6159824241620477,0.1511981769039558,9.313377632587098,65.79296000438593,0,1,5,0,OffHours,1,0,0.38236315623140515
CHG003113,High,Emergency,Production,0.7795294207714503,0.10840559558018423,6.734423517435555,48.450250625903884,0,0,4,1,OffHours,1,1,0.6397504434995771
CHG003114,Medium,Standard,Dev,0.28729076103636375,0.05294485671247508,25.840138122170263,43.18764036959939,0,0,3,0,OffHours,1,0,0.05374578626486792
CHG003115,High,Standard,QA,0.748813885982477,0.11810869679607477,13.92219275676503,44.35590512423483,0,1,4,0,OffHours,1,0,0.1498684820111489
CHG003116,High,Normal,QA,-0.6667508502068556,0.0225241031800475,21.442159105447352,78.41015227869579,0,0,2,0,Weekend,1,0,0.09504893621830211
CHG003117,High,Standard,Production,-0.15323096025821417,0.11761578256586921,10.573341633149575,66.07268843807913,0,0,3,1,OffHours,1,0,0.2844275931770987
CHG003118,High,Standard,Staging,-0.8241307213394766,0.09062388738599142,13.471192578755087,59.9812153090128,0,1,1,0,OffHours,1,0,0.13520598865300676
CHG003119,High,Standard,QA,-1.2487426107077115,0.013372602457214972,23.3071118775251,81.16884915289505,1,0,1,0,BusinessHours,0,0,0.005996171891400403
CHG003120,High,Normal,QA,0.33354901163620493,0.07963240756327863,18.443192003918362,46.47242461140287,0,0,6,0,BusinessHours,0,0,0.1408831287267664
CHG003121,Medium,Standard,Dev,0.1855133065847436,0.055454700522122286,24.97459257387624,91.26531129095898,1,0,2,0,BusinessHours,0,0,0.011067389630193814
CHG003122,Low,Normal,Dev,0.6876524845090128,0.11647007845600181,20.343883389869156,51.235425140549594,0,0,2,0,BusinessHours,0,0,0.196189191409087
CHG003123,Low,Normal,QA,0.5461118308924472,0.12072447771099112,13.289068139491466,64.53047295307405,0,0,1,0,Weekend,1,1,0.18328569694535854
CHG003124,Medium,Normal,Dev,0.24264427132386202,0.057264390450868646,32.28528972207386,89.42662301133663,1,1,3,0,OffHours,1,0,0.01521260604422006
CHG003125,Low,Standard,Dev,0.5566166656775543,0.10948361583576496,15.581447597199578,36.02583538823595,0,1,2,0,OffHours,1,0,0.15350116735284958
CHG003126,Low,Standard,Staging,-0.04268309622747663,0.046507681406111764,44.228051900684456,75.6378738960262,0,0,1,0,BusinessHours,0,0,0.019486129050282627
CHG003127,Low,Emergency,Staging,0.4128913952224006,0.03952590331281103,33.76597473797133,64.2763025542415,0,1,1,0,OffHours,1,0,0.05152217797906201
CHG003128,Medium,Normal,Dev,-0.7261444026863596,0.01837438566258692,29.587499417397037,73.73317428753627,0,0,2,0,OffHours,1,0,0.03198707621115671
CHG003129,Critical,Emergency,Staging,0.3697059256391301,0.08419180456580866,8.57490465082489,58.35596204658316,0,0,4,0,BusinessHours,0,0,0.3669135832525408
CHG003130,Medium,Normal,Dev,0.6684176852860094,0.12405898841746912,15.310387029026028,45.930060276860175,0,0,3,0,BusinessHours,0,1,0.29228342507198185
CHG003131,Low,Normal,QA,-0.6696814280722031,0.06507209672942528,18.629530275320885,69.54679196875915,0,1,3,0,OffHours,1,0,0.0370876476504095
CHG003132,Medium,Emergency,Production,0.05183209899284673,0.13006616140402105,14.100923852574656,41.06932682359721,0,0,2,1,BusinessHours,0,0,0.3568481822909004
CHG003133,Medium,Normal,Staging,-0.6236025096293596,0.060180089226217245,10.347213704956106,91.16347759470568,1,1,1,0,OffHours,1,0,0.0484551121901552
CHG003134,Medium,Emergency,Dev,-0.5265066965161149,0.04777447575289975,26.16145965131273,55.771597531330094,0,0,1,0,Weekend,1,0,0.0830331849100067
CHG003135,Medium,Standard,QA,-1.1249293551021546,0.0383178745484605,28.22095454595102,87.4842296573584,1,0,1,0,BusinessHours,0,0,0.005811433129612513
CHG003136,Low,Standard,Staging,1.2657749251665555,0.15224444101165485,21.09611426183703,69.08646349767089,0,1,1,0,BusinessHours,0,0,0.12579075593293704
CHG003137,Medium,Normal,QA,1.0656851747200478,0.10236201123092803,33.22783444545897,50.186989028957356,0,0,4,0,BusinessHours,0,0,0.14049581827995455
CHG003138,Low,Normal,Production,0.5374338542273371,0.046497323673385306,29.96478822914885,65.0246476964084,0,1,1,0,BusinessHours,0,0,0.11753654681756477
CHG003139,Medium,Standard,QA,1.972195951943814,0.09565056932762918,35.71468638830866,47.95468101780796,0,1,3,0,OffHours,1,0,0.10987381510078886
CHG003140,Critical,Normal,Dev,-0.18924569656839169,0.060766483225201465,22.396458867957346,46.34287924346082,0,1,4,0,BusinessHours,0,0,0.06673980623711777
CHG003141,High,Normal,Staging,3.0317624151106344,0.18862241307651262,32.10134194045549,38.7357586690029,0,1,7,0,BusinessHours,0,0,0.5460184387035273
CHG003142,Low,Normal,Staging,-0.22752941536322038,0.044600939842045634,19.955281083919026,63.315418532263884,0,1,1,0,BusinessHours,0,0,0.0534616420929294
CHG003143,High,Standard,Staging,0.25519335175601643,0.11419758221446044,26.808338535619292,63.68681717086167,0,0,3,0,OffHours,1,0,0.04417979627287126
CHG003144,High,Standard,Production,-0.39777791394020817,0.10898019094345493,18.594906897974457,55.57668519468409,0,0,3,1,BusinessHours,0,0,0.18028175114040298
CHG003145,High,Normal,Production,0.372325560060305,0.07307821860065634,21.715952965650995,61.24271321238391,0,0,3,1,BusinessHours,0,0,0.31662600184076534
CHG003146,Medium,Normal,Dev,0.8356149278862445,0.14033773438715638,20.823203211605563,43.6805818673473,0,1,3,0,BusinessHours,0,0,0.11430099990838548
CHG003147,Medium,Normal,Dev,-0.11391639305308393,0.057696980066320284,19.828554737038417,68.42452410583579,0,1,1,0,BusinessHours,0,0,0.035347042366257866
CHG003148,Low,Standard,QA,1.7767198471176207,0.14432073548316046,23.081953690516833,68.45343289743249,0,1,2,0,BusinessHours,0,0,0.08499574838917028
CHG003149,Low,Standard,Staging,0.23914928463346072,0.051949760496568256,14.29594523730482,83.49520595982625,1,0,3,0,BusinessHours,0,0,0.03760775953372425
CHG003150,Medium,Emergency,Staging,0.2704853861101991,0.05190301414511958,16.816120873584993,52.45982513180929,0,1,3,0,Weekend,1,0,0.13736346092147195
CHG003151,Medium,Standard,QA,-0.9089976945137175,0.06819145244696598,21.670640698548226,81.76002921333495,1,0,1,0,Weekend,1,1,0.021644119409426316
CHG003152,Low,Normal,Production,0.4184990745503845,0.11361632610844793,9.511433608780305,48.329894762751614,0,0,1,0,OffHours,1,1,0.4301864641511208
CHG003153,High,Standard,QA,-0.1340272208093656,0.07623677003414342,28.23955989015332,69.63215596782183,0,1,3,0,OffHours,1,0,0.0348779103157569
CHG003154,Medium,Standard,Production,-0.6082397293372869,0.024819754567844538,16.660646923141222,77.09634451177163,0,1,1,0,BusinessHours,0,0,0.04368779398963974
CHG003155,Critical,Normal,Production,-0.7764744081483639,0.04830662539323269,8.257851092559166,60.06495407351092,0,1,3,1,Weekend,1,1,0.27798378830213694
CHG003156,High,Standard,Dev,2.671763379756685,0.18308785175484096,18.429192005909133,27.103204399010426,0,1,5,0,OffHours,1,0,0.44506929768551795
CHG003157,High,Standard,QA,-0.2634772501790354,0.17957007631871902,10.672905761250924,64.90378214334476,0,0,2,0,OffHours,1,0,0.24145022381355202
CHG003158,High,Normal,QA,-1.4569854207812678,0.03733777688566714,25.90460176299796,66.96023102847356,0,1,1,0,BusinessHours,0,0,0.036559706922065754
CHG003159,Low,Standard,Production,-0.6982214597325725,0.06910040016338634,14.739774290100748,62.95739717051385,0,1,1,0,OffHours,1,0,0.044279217506523146
CHG003160,Low,Standard,QA,-0.051567839476213594,0.10691007913472983,16.937780590102758,74.08994633263383,0,1,1,0,Weekend,1,0,0.04200965943734474
CHG003161,High,Normal,Production,0.546667032616485,0.044631806777318775,25.549657957566016,78.1643687538224,0,1,5,1,BusinessHours,0,1,0.12104997015198453
CHG003162,Low,Standard,Staging,0.5547965217253135,0.19146348992924722,11.032820040249225,54.581882626663095,0,1,3,0,BusinessHours,0,0,0.05853445020069545
CHG003163,Medium,Normal,Staging,0.6766145517765254,0.0950345019989879,30.4177332171483,46.90014572267114,0,1,5,0,BusinessHours,0,0,0.12763489864382516
CHG003164,Medium,Standard,Production,-0.6448603066373296,0.01,37.15842832196388,71.50623599246718,0,0,2,0,OffHours,1,0,0.018038638225922745
CHG003165,Low,Standard,QA,0.34044044350154545,0.08099683961883127,35.19657943455261,74.58524318276997,0,0,3,0,Weekend,1,0,0.040105996257251156
CHG003166,Low,Standard,Production,-0.8760594641105784,0.020438920425568947,23.93228625585542,79.3480847907144,0,1,1,0,BusinessHours,0,0,0.027345720676939266
CHG003167,Medium,Normal,QA,-0.6196429830140117,0.07164940147897543,12.134073626419971,65.05489570970663,0,1,2,0,BusinessHours,0,0,0.11158782131036603
CHG003168,Medium,Standard,Dev,-0.9177089745002595,0.07924322851433775,7.854978684079489,57.12235832196167,0,0,1,0,BusinessHours,0,0,0.0629590201489707
CHG003169,Medium,Emergency,Dev,-1.1883888545982695,0.0646375610334641,14.035937491045338,55.54698423983638,0,0,2,0,OffHours,1,0,0.08030060680019091
CHG003170,Low,Standard,QA,1.0642094888580087,0.11721734131697437,7.214159794909104,54.267291635502446,0,0,3,0,BusinessHours,0,0,0.13859482881507906
CHG003171,Medium,Standard,Production,0.6886117009788877,0.12778378692716294,7.7678381793058975,39.433012908378245,0,1,4,0,OffHours,1,0,0.20251390226314858
CHG003172,Low,Normal,QA,0.9766653699781299,0.12467902805594053,22.364165634279715,56.00275105829887,0,1,3,0,BusinessHours,0,0,0.15316876252461553
CHG003173,Medium,Standard,Staging,0.03931306602429631,0.05315221927502867,26.750477288170657,47.304521907400414,0,1,3,0,BusinessHours,0,1,0.05973516434116943
CHG003174,Low,Normal,Dev,0.7768076988651466,0.08633731674510924,18.476512305955612,49.550480690264216,0,0,1,0,BusinessHours,0,0,0.1307451198700865
CHG003175,Low,Emergency,Staging,-1.761289404642545,0.05752735276163176,10.438564868097307,62.564310914384635,0,0,1,0,BusinessHours,0,0,0.059348060554444935
CHG003176,High,Normal,Production,0.8630875180453551,0.105325421691976,6.669682545079547,60.318377429438705,0,1,2,1,Weekend,1,0,0.37009399112399755
CHG003177,Low,Normal,Staging,0.1771198300050302,0.12010164755905486,13.838705505540641,66.56693437736578,0,0,2,0,BusinessHours,0,0,0.1193198316311099
CHG003178,High,Normal,Production,0.6271096001491656,0.12030984751731423,19.73526513198405,45.240347825800626,0,1,5,1,OffHours,1,0,0.3176946217301549
CHG003179,Medium,Standard,Dev,0.38002329904861315,0.047028353766169984,32.09790448285524,52.3625646258917,0,1,4,0,Weekend,1,1,0.01233342539589267
CHG003180,Low,Normal,Dev,-0.9870551545368866,0.03371415759581027,12.277005114900868,74.42238451312392,0,0,1,0,OffHours,1,0,0.02373860675941464
CHG003181,Medium,Standard,Staging,-1.4980397753910466,0.046639663881669444,15.685605341356151,42.89664621970756,0,0,1,0,Weekend,1,0,0.09645123009919275
CHG003182,High,Standard,QA,-0.7120541661829632,0.025978455497564848,23.0997177021515,84.95681276999781,1,1,2,0,BusinessHours,0,0,0.008246814115257824
CHG003183,Medium,Normal,Staging,0.5649172812729122,0.09346387382873952,18.84328204133596,51.324284388920404,0,1,2,0,OffHours,1,0,0.07764330365539959
CHG003184,Low,Standard,Production,0.6900914151753954,0.09832439336479638,19.639146812231992,85.41364102424303,1,1,2,0,BusinessHours,0,0,0.04352975346088151
CHG003185,Medium,Normal,Dev,-1.3679422773818628,0.06545919060519058,9.888490642537343,55.90586131720771,0,0,1,0,Weekend,1,0,0.057103932159735256
CHG003186,Medium,Standard,Production,-0.9810993674682146,0.01,36.17356547246786,90.71062108846876,1,0,1,0,OffHours,1,0,0.011478736489621756
CHG003187,High,Standard,Dev,-0.7232356859408393,0.09219568822987723,9.741654694820157,54.45740761600924,0,0,1,0,OffHours,1,0,0.09291451783086037
CHG003188,Critical,Normal,Staging,-0.3573050602668157,0.05640624335676745,26.857470076793742,70.46575959204255,0,0,5,0,BusinessHours,0,0,0.16318812585288187
CHG003189,Medium,Normal,QA,-1.3620508308526522,0.01,26.318584099645378,79.5044429578917,0,0,1,0,OffHours,1,0,0.024392415684121094
CHG003190,Medium,Emergency,Staging,-1.4220517661401326,0.01,18.215563694179192,80.9055974090422,1,1,2,0,Weekend,1,0,0.017276846713643195
CHG003191,Medium,Standard,Dev,-0.8218352964075539,0.01,30.1885931250806,95.7568712017378,1,0,1,0,BusinessHours,0,0,0.0037715532525411603
CHG003192,Critical,Standard,Production,0.08625383622500567,0.029380167743635097,28.689420786512837,76.96927138396856,0,1,2,1,BusinessHours,0,0,0.10673287736763098
CHG003193,Medium,Standard,Production,-1.1805943397534906,0.03765830821091891,12.77376054232401,82.98567898754871,1,1,2,0,BusinessHours,0,0,0.00910286690880721
CHG003194,Low,Standard,Staging,-0.11580350997176611,0.09812644259087687,28.43957572665078,66.27500611822306,0,1,2,0,Weekend,1,0,0.01495494758386749
CHG003195,Critical,Standard,Staging,1.0585528161418154,0.15678285520749446,12.599241902738623,59.89943225062118,0,1,6,0,BusinessHours,0,0,0.2961374381249423
CHG003196,Critical,Normal,Staging,-1.30177973741351,0.05086415103474161,19.268338965287406,72.46841481111097,0,0,3,0,BusinessHours,0,0,0.03853242028034267
CHG003197,Medium,Standard,Staging,-0.20644575841053947,0.12270300867452599,7.1906559813117745,69.43471126981562,0,1,1,0,Weekend,1,0,0.05532692407351345
CHG003198,Medium,Emergency,Staging,1.0247567337507726,0.15609757385619,5.440309999554355,40.955867835542755,0,0,3,0,BusinessHours,0,1,0.4440274517357503
CHG003199,Medium,Normal,Staging,-0.4182683903638093,0.07963549660704887,22.707078129301763,76.14900379948985,0,1,2,0,OffHours,1,0,0.07101402680138919
CHG003200,High,Normal,Production,-0.5736696908584189,0.033219183734986765,28.256209620369415,75.6636714721004,0,1,2,1,OffHours,1,0,0.11196790500869802
CHG003201,Medium,Standard,Staging,1.1634958143064738,0.18702184358760535,5.498421784650901,52.899838015551424,0,1,2,0,BusinessHours,0,1,0.25764344964747193
CHG003202,Medium,Standard,Dev,-0.30620207897154783,0.07637525204961484,28.72561359380603,61.23880169039698,0,0,2,0,BusinessHours,0,0,0.027542684396837994
CHG003203,Medium,Standard,Production,1.1044950252055679,0.16275110474636717,10.98915431114777,31.565063046537364,0,1,3,0,BusinessHours,0,0,0.3025370891673914
CHG003204,Medium,Normal,QA,0.4289653911271988,0.08362357447568632,27.486924958538534,82.39370666648703,1,1,3,0,BusinessHours,0,0,0.027326576844510727
CHG003205,Low,Normal,Dev,-0.34284465290983673,0.08049714994091503,19.23776908415347,81.41893829024266,1,0,2,0,BusinessHours,0,0,0.039683285764441904
CHG003206,High,Standard,Production,0.47969053059753036,0.16673790234701147,13.147895084722045,51.90634476401559,0,1,4,1,OffHours,1,0,0.40893800264481267
CHG003207,Low,Standard,QA,0.3204495138460378,0.0863792087387181,20.042642817103044,72.70024559701989,0,1,1,0,BusinessHours,0,0,0.03368482801052614
CHG003208,Medium,Emergency,Dev,1.020882821002474,0.19067621147263714,16.053060543345993,20.867565480201435,0,0,3,0,Weekend,1,0,0.47386750587136967
CHG003209,High,Standard,Staging,-0.5483455378650185,0.03146997269028856,23.716676776223068,70.81090358608705,0,0,3,0,OffHours,1,0,0.04029530098645698
CHG003210,Medium,Standard,Production,0.041206066781619685,0.07395341132873673,18.484381362714885,65.65751860997496,0,0,3,0,BusinessHours,0,1,0.10829647559310113
CHG003211,Medium,Standard,Dev,-0.061515679604637406,0.05850706782602355,23.610676145731173,43.60718258355149,0,1,3,0,OffHours,1,0,0.03100364799446257
CHG003212,Critical,Standard,Staging,0.7041481416397848,0.07425207443624993,29.54503940537891,45.15556366983097,0,1,4,0,BusinessHours,0,0,0.17390514008641408
CHG003213,Low,Standard,Dev,-1.0251791944441757,0.04995402207311046,16.140548933427915,68.06222243804123,0,0,1,0,BusinessHours,0,0,0.0366373624287585
CHG003214,High,Normal,QA,1.016977048237856,0.157579307461746,14.790466548073892,40.57192908314619,0,1,5,0,BusinessHours,0,1,0.4473685545082337
CHG003215,Low,Normal,QA,0.4663287721704166,0.06092343678930359,21.40410987268623,59.967721747163615,0,0,2,0,BusinessHours,0,1,0.09726389273303909
CHG003216,Medium,Normal,Dev,-1.3169250736329463,0.08616828726882483,2.6766439195912426,62.962076763590375,0,0,1,0,OffHours,1,0,0.059777206877093154
CHG003217,Medium,Standard,Production,1.2082628254805003,0.16354527511979028,9.90598681220468,32.23087753925327,0,0,3,0,BusinessHours,0,1,0.33798784573674023
CHG003218,Medium,Standard,Staging,2.2340930807977313,0.1456640358724365,29.874026904569508,50.37427350984188,0,1,6,0,BusinessHours,0,0,0.21758162711807366
CHG003219,Medium,Normal,Production,1.0018339695494078,0.08101369889917918,28.197696575700576,60.49633112488247,0,1,3,0,OffHours,1,0,0.2460169057950656
CHG003220,Low,Standard,Production,1.4269847672264693,0.15931352289083422,7.338006201522916,37.81479081869888,0,1,3,0,BusinessHours,0,0,0.3586722892584521
CHG003221,Medium,Standard,Production,0.0853713816025881,0.05758158965077003,10.206832806008943,53.96537228495151,0,1,2,0,BusinessHours,0,1,0.20196801915469925
CHG003222,Low,Normal,Production,-1.66150491973851,0.0730078526983984,8.427600744844531,69.51823918826996,0,0,1,0,BusinessHours,0,0,0.04776033537927328
CHG003223,High,Normal,QA,-1.8441204511675249,0.01,31.492210723466606,100.0,1,0,1,0,OffHours,1,0,0.004784728585953113
CHG003224,Medium,Standard,Production,0.25508204386775846,0.036184894066275106,17.762385811145883,68.16787181264287,0,0,3,0,OffHours,1,0,0.10223525667390043
CHG003225,Medium,Emergency,Staging,-0.59197880772998,0.09720966091239992,13.997512195916837,33.67398180412589,0,0,1,0,BusinessHours,0,0,0.13154613846722532
CHG003226,Low,Standard,QA,-0.9145762783273513,0.03388240136299595,24.848941117696047,62.02369076908748,0,0,1,0,BusinessHours,0,0,0.013695695220054985
CHG003227,Medium,Emergency,QA,-0.06274668396867535,0.12059045396837946,8.661088906715584,57.190437839970706,0,1,1,0,OffHours,1,0,0.33239371500485715
CHG003228,Medium,Standard,QA,0.6155852878612882,0.13160816555797739,12.967477816933522,47.13953438696624,0,1,1,0,BusinessHours,0,0,0.09117540785743597
CHG003229,Medium,Normal,Staging,-1.4527575467621472,0.037821807616480865,17.39260603472575,76.29426277874722,0,1,1,0,BusinessHours,0,0,0.016878509881251735
CHG003230,Medium,Standard,Production,-0.4488776202803848,0.05047547904928005,20.75381015923736,94.85532870971807,1,0,1,0,OffHours,1,0,0.04199588675266661
CHG003231,Low,Normal,Staging,1.5098706831203152,0.11244790620985941,16.444703650416432,59.82061048346143,0,1,3,0,BusinessHours,0,1,0.14444834618781283
CHG003232,Low,Normal,QA,-1.0752883802213746,0.04421185691722931,25.511508909983856,49.558498346788525,0,0,1,0,BusinessHours,0,0,0.023523633066141983
CHG003233,High,Normal,Dev,0.8697611871649563,0.1208872312208702,20.622047003077522,75.92915995394361,0,1,4,0,OffHours,1,0,0.17474624939767477
CHG003234,Low,Normal,Production,-0.4847307615489939,0.0889491585477855,34.525584167204315,69.52856491597541,0,0,1,0,BusinessHours,0,0,0.10970510669669145
CHG003235,Low,Normal,QA,0.5457937598499527,0.08573414089021521,15.969150998738694,62.99223457752443,0,0,2,0,BusinessHours,0,0,0.16513660258859497
CHG003236,Medium,Standard,QA,1.0973275072028672,0.12209420851673479,18.779246763188837,56.88756742509847,0,0,2,0,OffHours,1,0,0.23290553040655443
CHG003237,High,Standard,Production,0.7412817669850216,0.11053492311482692,20.305331148523027,71.65358416677813,0,0,5,1,BusinessHours,0,0,0.2348763864488539
CHG003238,Low,Emergency,Production,0.9091596022138765,0.08515168508173274,21.61484936422192,49.64553506663773,0,1,2,1,OffHours,1,0,0.2535281871120877
CHG003239,Low,Emergency,Staging,-1.1515935334079561,0.01,29.39873117789057,47.82244123413546,0,0,1,0,BusinessHours,0,0,0.04446059377750729
CHG003240,Medium,Standard,Staging,1.1136597067412988,0.16385091134442112,15.558965475566465,51.72285380743402,0,1,4,0,Weekend,1,0,0.38577817825143423
CHG003241,Medium,Standard,QA,-0.8526931146348199,0.09376026361090752,3.2351281362294024,48.247241863693404,0,0,1,0,OffHours,1,1,0.08725319085847301
CHG003242,Medium,Standard,Production,0.2595417655715384,0.07583658002558813,18.078424505380337,87.51489593082766,1,1,1,0,BusinessHours,0,0,0.04993715868328049
CHG003243,Medium,Standard,Staging,0.2582461869972269,0.057142351004851794,31.092178371417866,68.89005215723382,0,1,1,0,BusinessHours,0,0,0.018149710408262333
CHG003244,High,Standard,Production,0.48512255886958094,0.10289978879437826,18.633759908208454,61.56504153818468,0,1,5,1,BusinessHours,0,0,0.19706827565338858
CHG003245,Critical,Normal,Dev,0.33695667606019053,0.10603822656863804,9.165017122872758,51.31035873700115,0,0,4,0,Weekend,1,0,0.2967725134681618
CHG003246,Medium,Standard,Staging,-0.8438099785247232,0.04223665032966951,22.37374856510376,77.3908713700168,0,0,1,0,OffHours,1,0,0.05015355488697998
CHG003247,Low,Normal,QA,-1.3498674122957162,0.08709270842349884,1.5148029309275426,73.2935751447436,0,0,1,0,OffHours,1,0,0.035509164302227586
CHG003248,Medium,Emergency,Staging,0.8723486799617686,0.056340640974504225,31.105309059211717,49.03937959946797,0,1,5,0,Weekend,1,0,0.20697809233961645
CHG003249,Low,Standard,Staging,0.18583457751891555,0.09729645501133562,25.14263647282657,70.25624836571004,0,0,1,0,BusinessHours,0,0,0.06841982152500628
CHG003250,Medium,Normal,Production,1.1493768409578178,0.12244123486159883,19.00802172412081,51.931499441495234,0,1,3,0,BusinessHours,0,1,0.48804846352379555
CHG003251,High,Normal,QA,-0.04473293418786798,0.06731894236196706,17.944065923979394,63.03986775704664,0,1,3,0,Weekend,1,0,0.1638363003109569
CHG003252,Medium,Standard,Production,-1.4051643606769604,0.06352285882935904,23.337788906809863,63.53361081604574,0,1,1,0,Weekend,1,0,0.022098346395879556
CHG003253,Low,Normal,QA,0.9661296810041061,0.055098460030709,32.15149004675326,94.22531192527863,1,0,3,0,BusinessHours,0,0,0.05204605591548446
CHG003254,Medium,Normal,Staging,-0.370370609661107,0.06642055334208657,22.6112057593907,80.74078663768708,1,0,2,0,BusinessHours,0,0,0.04994019877352376
CHG003255,Critical,Standard,Dev,0.3420034574210212,0.13624610802391923,17.56160731827067,72.09188837286648,0,0,4,0,BusinessHours,0,0,0.1457441758691478
CHG003256,Low,Normal,QA,-0.6474594284795192,0.05740084236749984,32.197985637391746,87.71356778662027,1,0,1,0,OffHours,1,0,0.020198397185008116
CHG003257,High,Standard,Production,1.6443017102336905,0.1532516272635347,14.05907877732718,50.2591212981122,0,1,7,1,OffHours,1,0,0.5271715411891014
CHG003258,High,Standard,Dev,-0.8765648241831969,0.027809618048079035,29.433531113269893,69.17649846868143,0,0,2,0,OffHours,1,0,0.03711748505826572
CHG003259,Medium,Emergency,Production,-0.33742975410617465,0.05486742019025576,28.98625099158384,27.903704553225538,0,0,2,1,Weekend,1,0,0.24340525427330534
CHG003260,Medium,Standard,QA,0.10744870269731638,0.15715919735929412,8.855559474359623,38.63401798705381,0,0,3,0,BusinessHours,0,0,0.14866586538160112
CHG003261,Medium,Standard,Staging,-1.0921823270869582,0.01,24.05000656572734,100.0,1,1,1,0,Weekend,1,0,0.010136985513473777
CHG003262,Medium,Standard,Dev,0.33051952858759515,0.07335026425443192,18.734222165808994,75.95792233657065,0,1,4,0,BusinessHours,0,0,0.07044037263750517
CHG003263,Medium,Standard,Staging,1.6119104774674902,0.15484449147280827,16.943815998067606,55.44230425806782,0,1,3,0,BusinessHours,0,0,0.1260768270562873
CHG003264,Low,Standard,Production,-0.49046216069371046,0.0256898828219806,23.261028648201993,50.24266702396336,0,0,3,0,Weekend,1,0,0.06561829266210902
CHG003265,High,Normal,Staging,0.3951428190317255,0.06980907351974505,24.793569584739156,71.27035467134928,0,0,4,0,Weekend,1,0,0.29622083883051065
CHG003266,High,Standard,QA,-2.7494353860385554,0.01,22.6053830220608,93.02035470755064,1,0,1,0,Weekend,1,0,0.0016324123519185177
CHG003267,Medium,Normal,Production,-0.03892920048484066,0.11315165010359428,10.15004521052127,65.43037669058701,0,1,4,0,OffHours,1,0,0.16221821335581066
CHG003268,Medium,Standard,Production,-0.31304228592620537,0.050450480690005906,21.602853123039694,51.766260417443114,0,1,2,0,BusinessHours,0,0,0.040434824369594544
CHG003269,Low,Standard,Dev,-0.8184976024103849,0.034336345017379116,32.66163450353995,70.33492120842394,0,0,1,0,BusinessHours,0,0,0.010725656553535183
CHG003270,Low,Emergency,Staging,1.081450469628532,0.11990554331195687,27.47398947274558,60.33623180337179,0,1,1,0,BusinessHours,0,0,0.248227984635208
CHG003271,Medium,Normal,Staging,-0.32624368162382816,0.0399182996140302,16.08891077488817,93.95953894262274,1,0,2,0,BusinessHours,0,0,0.025233481927543926
CHG003272,Low,Normal,Production,-0.17747748709358746,0.023508730273385396,36.75639533863373,77.79357957786925,0,1,2,0,Weekend,1,0,0.012950016809963723
CHG003273,High,Standard,QA,-0.37719287478907115,0.0532803406518906,23.18309871843329,60.321147303218055,0,1,3,0,BusinessHours,0,0,0.03037047743722546
CHG003274,Medium,Normal,QA,-1.9168158717650765,0.01,36.04156204179101,100.0,1,1,1,0,BusinessHours,0,0,0.003522847723929802
CHG003275,High,Normal,Production,-1.131986440076961,0.0763483150881536,14.508041961572093,56.7873648308923,0,1,3,1,OffHours,1,0,0.12060300893642907
CHG003276,Medium,Normal,Staging,0.9610934861202163,0.13776462295638678,17.349700602454032,36.1045490235606,0,1,4,0,OffHours,1,0,0.32169355770402486
CHG003277,Medium,Normal,Staging,-2.109950646879972,0.01,14.36979757810253,82.87060968095349,1,0,1,0,BusinessHours,0,0,0.01326733911862977
CHG003278,High,Normal,Production,-0.7663153496157056,0.018252956411081052,28.358770492256426,100.0,1,0,2,1,Weekend,1,0,0.06851246650418243
CHG003279,Medium,Standard,QA,-0.3997200562897638,0.06428942409428898,18.554480412868415,60.86011882075122,0,0,2,0,OffHours,1,0,0.027433629594313398
CHG003280,Low,Standard,QA,1.7436218672915653,0.12801676781761698,22.256944004636928,49.43671357443883,0,1,3,0,OffHours,1,0,0.11856852462685236
CHG003281,High,Standard,Production,0.768603765496369,0.10875735593289455,12.627187298995484,58.686403327437304,0,1,5,1,BusinessHours,0,0,0.1640471614824621
CHG003282,Medium,Standard,Production,-0.5571705270530996,0.06572770464190708,24.225076670903476,61.16814174031407,0,0,2,0,OffHours,1,0,0.09214075460732357
CHG003283,Low,Standard,Production,1.304513697115551,0.12753726011322003,15.08688041104307,32.102875583745615,0,1,3,0,BusinessHours,0,1,0.2083316518943572
CHG003284,Medium,Standard,Staging,-0.7405158205011196,0.050081395444024984,18.060071269184757,85.61894079726174,1,1,2,0,OffHours,1,0,0.00693868109495433
CHG003285,Medium,Normal,QA,1.0090998037340055,0.06998630378176925,18.594234569530954,65.0481939789573,0,1,4,0,BusinessHours,0,0,0.15479338294451603
CHG003286,Medium,Normal,QA,-1.3588772459230156,0.05508920612745112,11.522902760967725,73.22971177944788,0,0,1,0,BusinessHours,0,0,0.07037698854408624
CHG003287,High,Normal,Dev,1.0732578317891572,0.10184933787324328,23.808399734896497,60.04988891474014,0,0,4,0,BusinessHours,0,0,0.14392190195579793
CHG003288,Medium,Standard,Production,-0.4061336454709856,0.08078360546530278,18.037848689776446,81.85212346288002,1,0,1,0,Weekend,1,0,0.07381814138620645
CHG003289,Low,Normal,Dev,-1.0285042409412697,0.044158153275118184,22.575791083165733,70.45602078267399,0,0,1,0,BusinessHours,0,0,0.01212399934335416
CHG003290,Medium,Emergency,Staging,-0.21714361307631405,0.046994267867423764,24.29410511514293,42.46878527043687,0,0,2,0,BusinessHours,0,0,0.11884470533621591
CHG003291,Low,Standard,QA,0.27734417972021486,0.055478455582738305,30.59922745318221,93.70624951747328,1,0,3,0,OffHours,1,0,0.011634591153313048
CHG003292,High,Normal,Dev,-0.49474843052571216,0.047853256688233564,21.78781275667483,39.648031220007425,0,0,3,0,Weekend,1,0,0.17507730932816165
CHG003293,Low,Standard,QA,0.5539535059953238,0.08662425462230122,16.66610968242622,59.97307769325609,0,0,1,0,OffHours,1,0,0.05849542786275917
CHG003294,Medium,Normal,Staging,-0.5829938836640675,0.011528647009824974,17.33607902952038,73.0040120944083,0,0,1,0,Weekend,1,0,0.08398439178157348
CHG003295,Medium,Normal,Dev,0.6203723939313579,0.12439183775554281,8.891637232756235,52.54468110508245,0,1,2,0,OffHours,1,0,0.17572250936607517
CHG003296,High,Normal,Production,0.44222206203659953,0.08831036862467269,13.773429735222628,42.337682308799955,0,1,4,1,Weekend,1,0,0.2850794308220491
CHG003297,Low,Normal,Production,-0.06092305470793503,0.11832606029985726,11.664165481360975,49.40075067433135,0,0,1,0,BusinessHours,0,0,0.14108466671793632
CHG003298,Low,Standard,Dev,-0.4413823123659498,0.0825864400625639,17.957753026134963,76.43024853402969,0,0,1,0,BusinessHours,0,0,0.04809725957957194
CHG003299,High,Normal,Production,0.15154079576526616,0.10804904227802588,15.160632977792455,77.33369499047406,0,1,2,1,BusinessHours,0,0,0.2856703747939603
CHG003300,Medium,Normal,QA,0.5502537430336992,0.04649964042858394,29.604993914816504,63.374350252842625,0,0,3,0,Weekend,1,0,0.08646759452369716
CHG003301,Medium,Normal,Dev,2.0617991527316084,0.19523003040893258,17.849341125500846,33.14778700890372,0,0,4,0,Weekend,1,0,0.5541760246447037
CHG003302,High,Standard,QA,0.939420421798181,0.13334909999930183,16.102779482061468,40.03199930389448,0,0,3,0,BusinessHours,0,0,0.19453935871907652
CHG003303,High,Standard,Production,0.9759899498158413,0.12699993130302364,25.366412353392956,70.68108260773704,0,1,4,1,OffHours,1,0,0.27735886714329805
CHG003304,Medium,Normal,Staging,3.0885121948602836,0.21920963976729316,2.7981348910531505,42.508803182769924,0,1,7,0,BusinessHours,0,1,0.7546552939738369
CHG003305,High,Normal,QA,0.5159584767678441,0.07578041886209225,21.26925546512461,30.7770125622216,0,0,3,0,Weekend,1,0,0.1754358621835197
CHG003306,Low,Emergency,Production,0.4846435113117023,0.14396093896709589,1.0,12.141317933362686,0,1,2,1,BusinessHours,0,0,0.3273233219396129
CHG003307,Critical,Standard,Production,0.7040150743216541,0.07777458461162166,28.297635125611556,65.40633297329454,0,1,5,1,OffHours,1,0,0.30560930144592485
CHG003308,Low,Normal,Production,-1.0089659775882531,0.10551692725561138,7.497152018525464,72.71555884244658,0,0,1,0,BusinessHours,0,0,0.08157834774441318
CHG003309,Medium,Normal,Staging,-0.4439016364187562,0.05234738833031855,14.066393862958426,62.88185046254729,0,0,2,0,BusinessHours,0,0,0.05283030498724533
CHG003310,Low,Normal,Production,-0.506169266692334,0.09771460080667299,4.007854389670174,59.594005843397035,0,0,1,0,Weekend,1,0,0.18071643271571725
CHG003311,High,Normal,Staging,0.6476139772195617,0.09022852963045275,20.335258572689206,57.70889555172266,0,0,2,0,BusinessHours,0,1,0.2334582891054598
CHG003312,Critical,Standard,Dev,-0.17417456222119868,0.0498581792489356,26.619257161811547,73.19918686208203,0,0,4,0,BusinessHours,0,0,0.0715578738036275
CHG003313,Medium,Normal,Production,0.1382234254743028,0.13738490018009403,17.60376683321948,47.434540835752614,0,1,1,0,BusinessHours,0,0,0.18572620125747374
CHG003314,Medium,Normal,QA,1.0874546201484645,0.14401030644580073,14.619815858461553,51.90317462947688,0,1,3,0,BusinessHours,0,0,0.24506871063936111
CHG003315,Medium,Standard,Production,0.8631507387041388,0.09650713374549377,28.465820195055002,53.18473859191017,0,1,4,0,BusinessHours,0,0,0.09230730497062663
CHG003316,Low,Standard,Staging,-0.16172100304124704,0.03766440124402425,25.733568588526712,60.55856570422691,0,1,1,0,OffHours,1,0,0.036686295387219015
CHG003317,High,Normal,QA,-0.6699950968782225,0.1504023024444738,1.0,30.917994274760837,0,0,1,0,OffHours,1,1,0.47534316152402084
CHG003318,Low,Standard,Dev,1.1352747316531886,0.062074919591034596,32.78727855177372,67.91915488010909,0,0,3,0,BusinessHours,0,0,0.03448533392178584
CHG003319,Critical,Standard,Staging,0.7738911809098658,0.09136511703648399,31.78134479358196,72.14442773905466,0,0,4,0,Weekend,1,0,0.12779781572230672
CHG003320,Critical,Normal,Production,-1.6062568182953822,0.01,31.71250272671546,78.82146646018482,0,1,2,1,BusinessHours,0,0,0.0332705549323965
CHG003321,Low,Emergency,Production,-0.3131539389082808,0.06923572382612682,22.97206953277881,52.258650718986885,0,1,3,1,OffHours,1,0,0.10922574260995746
CHG003322,Medium,Normal,Staging,0.1655154620167624,0.13425912418992456,9.934617970320556,65.75703134690839,0,0,1,0,Weekend,1,1,0.4598581132903042
CHG003323,Critical,Standard,QA,0.7788297171210313,0.05439143863987348,27.72340404190864,75.7922055452461,0,0,5,0,OffHours,1,1,0.1884237513982802
CHG003324,High,Standard,QA,0.9101014949397712,0.15315192924874066,17.154029146173343,74.57786449266874,0,1,5,0,OffHours,1,0,0.3248049114832027
CHG003325,High,Standard,Production,0.2839060011754735,0.06433344083697996,24.600027890471704,93.62129654778587,1,1,4,1,BusinessHours,0,0,0.04373257076884058
CHG003326,Low,Standard,QA,0.585247531358856,0.1478853109164357,26.743837603492448,59.500258420829866,0,1,1,0,BusinessHours,0,1,0.06132580446744412
CHG003327,Low,Normal,Production,0.06413680237815363,0.10371312151541602,19.58102278427893,52.267170432029666,0,0,1,0,OffHours,1,0,0.13518623323519327
CHG003328,High,Standard,QA,-0.6738516881805606,0.06189775170004617,15.00152907552906,58.7121767223353,0,0,1,0,OffHours,1,0,0.13489495029469623
CHG003329,Medium,Standard,Dev,-0.261264391041254,0.07100402912340067,18.373759404638257,80.01686234132225,1,0,2,0,OffHours,1,0,0.010860644955482496
CHG003330,Medium,Normal,Staging,0.018991186640108272,0.14862186253891918,3.3393819853395303,73.81068017808258,0,0,2,0,Weekend,1,0,0.22078862019689383
CHG003331,High,Standard,Staging,-0.034679250018589874,0.01,47.04036657921803,68.41006757843029,0,1,3,0,OffHours,1,0,0.017427949583200496
CHG003332,Medium,Standard,Staging,-1.8855729044434706,0.01,40.98749040048655,98.81356249516098,1,0,2,0,OffHours,1,0,0.0023101024145709822
CHG003333,Low,Normal,QA,-0.3974833349294312,0.01,31.99810413127381,70.09442249598088,0,0,1,0,Weekend,1,0,0.02934378974154275
CHG003334,Medium,Standard,Production,0.05620565308915186,0.05159268853212543,30.59545482195625,71.71885636903211,0,0,1,0,OffHours,1,0,0.0629640362045122
CHG003335,High,Standard,Staging,-0.281369991905701,0.05181513362091576,12.533002484011464,64.71976059647224,0,1,4,0,BusinessHours,0,1,0.07401535822999751
CHG003336,Medium,Emergency,Production,-0.24682379551158573,0.043340505557582835,27.1917736627066,69.71465145299538,0,1,1,1,OffHours,1,0,0.10098423617783728
CHG003337,Low,Normal,Staging,0.4879913708045874,0.09104793008729896,11.939904119260623,84.81074057475539,1,1,2,0,OffHours,1,0,0.056213630443967655
CHG003338,Critical,Normal,QA,-1.0789571870486339,0.06785260696430805,6.095332433160291,68.45809401871352,0,0,3,0,OffHours,1,0,0.2318335905365786
CHG003339,Medium,Normal,Staging,-1.6280422139512112,0.01,35.42721391741472,83.38874678436487,1,1,1,0,BusinessHours,0,0,0.003877345367618483
CHG003340,Medium,Standard,Staging,-0.3481697908366748,0.01,31.297100868819573,68.54867832831239,0,1,3,0,BusinessHours,0,0,0.030506185373729542
CHG003341,High,Normal,Staging,0.7641144055017897,0.10026568384218276,27.694884239808587,56.37760234755939,0,1,4,0,OffHours,1,1,0.30280961919166083
CHG003342,Medium,Normal,Staging,1.6875530394866385,0.16952539592131738,11.67219287114225,32.463011502526584,0,1,3,0,OffHours,1,0,0.6171070260251823
CHG003343,Critical,Standard,Dev,0.78212823909474,0.12858803709406266,2.917982446007432,56.315355478353396,0,0,3,0,Weekend,1,0,0.4541263186539792
CHG003344,High,Standard,Production,-1.4682637598688473,0.07798897887557821,15.18417041176666,35.063266420988924,0,0,1,1,BusinessHours,0,0,0.12830176248064493
CHG003345,Medium,Normal,QA,-0.23236723937677117,0.02092938309161223,23.35718000469671,70.94017842410176,0,1,5,0,BusinessHours,0,0,0.03323819893585586
CHG003346,Medium,Standard,QA,0.2566343810815294,0.16038074806138547,7.984044614800566,50.13965837551167,0,0,3,0,OffHours,1,0,0.3452849683196686
CHG003347,Medium,Standard,Production,0.1775911169235922,0.07530734589671216,22.803788027432354,51.65927696234768,0,1,3,0,Weekend,1,0,0.11514921481479294
CHG003348,Medium,Standard,QA,0.539304552942874,0.15693176955025226,14.454946798550354,50.193996659854754,0,1,5,0,BusinessHours,0,0,0.09675947684033871
CHG003349,Medium,Normal,Production,-0.9170489464607607,0.09094079151127533,8.82666647473646,75.78845365075063,0,0,1,0,BusinessHours,0,0,0.1511392133043278
CHG003350,Medium,Standard,QA,0.06494308755074261,0.07682915148074979,22.23522234508151,80.45353320578329,1,1,2,0,Weekend,1,0,0.03738137227077154
CHG003351,Critical,Normal,QA,0.420322829776129,0.09700733273987937,10.721419010723524,52.90316104820303,0,0,3,0,BusinessHours,0,0,0.30931099462785167
CHG003352,Medium,Standard,Dev,0.8256709533036595,0.1001779528108037,39.64042660267474,70.5437801335277,0,1,3,0,BusinessHours,0,0,0.043857691695368115
CHG003353,High,Normal,Dev,-0.805718166612792,0.08647076642058317,13.116339382012253,44.5904833753517,0,1,2,0,Weekend,1,0,0.11185074714282864
CHG003354,Medium,Standard,Dev,-0.345156867242898,0.10608247885695844,14.200886482684583,58.90614858516396,0,0,1,0,OffHours,1,0,0.12373809135372442
CHG003355,Medium,Standard,Dev,-2.7038176800733402,0.07556980700296231,10.108196881075209,72.68671388301665,0,0,1,0,BusinessHours,0,0,0.03390006735887877
CHG003356,Low,Normal,QA,-0.6214619675777742,0.10613486440312399,1.0,73.00440151890058,0,1,1,0,Weekend,1,0,0.13633314363415563
CHG003357,Medium,Normal,QA,-0.524414892971043,0.017346903548561318,38.72748746304905,96.09630297122254,1,0,2,0,OffHours,1,0,0.014524579645558906
CHG003358,Medium,Standard,QA,-1.019584508167443,0.01,33.89295628931979,90.24901833101612,1,1,1,0,Weekend,1,0,0.0025921144540672213
CHG003359,Low,Normal,QA,0.1656121502326517,0.09300493801776434,22.753473903409116,53.385925356535324,0,1,1,0,BusinessHours,0,0,0.06511278736261111
CHG003360,High,Normal,Dev,-0.05594543204526823,0.09381306210149462,15.531632871678188,75.98295059164525,0,0,3,0,OffHours,1,0,0.29800641893509106
CHG003361,Medium,Standard,Dev,-2.2592138775776114,0.01,5.929999718959973,76.90111001920367,0,0,2,0,BusinessHours,0,0,0.01295201935952663
CHG003362,Medium,Normal,Dev,0.21550796930175647,0.05073544929149913,19.830272169417693,74.77282595195051,0,0,2,0,BusinessHours,0,0,0.032443665249362
CHG003363,High,Standard,QA,-0.9283241307890274,0.04622436414271896,23.81708387515516,67.35553993980614,0,0,2,0,OffHours,1,0,0.08856196885799325
CHG003364,Medium,Normal,Dev,0.48568895919051513,0.07549605303732078,20.64024440117876,86.68483101025055,1,1,4,0,BusinessHours,0,0,0.049935630721788846
CHG003365,Medium,Standard,QA,-1.2818512477286654,0.027018685890259582,29.905852493163707,67.84499237173148,0,0,1,0,BusinessHours,0,0,0.017286662803024103
CHG003366,Medium,Emergency,Production,0.03000653853094012,0.08310827456416525,22.000125852682576,61.77330734343592,0,1,3,1,BusinessHours,0,0,0.3709716685755505
CHG003367,Low,Normal,QA,-0.2831633288865059,0.09317212310121681,14.689084071465624,62.54510042446515,0,0,1,0,BusinessHours,0,0,0.09446440444198372
CHG003368,Medium,Normal,Dev,0.30310188495033036,0.08446353103731886,20.803995307190654,71.45768578100049,0,1,2,0,Weekend,1,0,0.09071053381693442
CHG003369,Low,Standard,Staging,0.12469727765134685,0.11767698675542287,20.42697698915638,76.60435143979679,0,0,1,0,OffHours,1,0,0.19051330069603659
CHG003370,Low,Normal,Staging,-0.25516417502145444,0.050771770155584775,34.12893443619401,46.148545577798316,0,0,1,0,BusinessHours,0,0,0.03525713686767501
CHG003371,Medium,Standard,Dev,-1.5362723140442447,0.03407444210038042,14.794360549269951,73.20445192308684,0,0,1,0,OffHours,1,0,0.03280197471974283
CHG003372,Low,Standard,Production,-1.4772079634610316,0.012144212758094679,28.709763226306904,66.9804561189802,0,0,1,0,Weekend,1,0,0.032273861849102206
CHG003373,Critical,Standard,Production,-0.583886939092219,0.030716507046613807,36.22179335027772,84.70761608827367,1,0,4,1,BusinessHours,0,0,0.023233270374448663
CHG003374,Medium,Normal,Production,-0.00827988392958697,0.07586678041398326,24.667200128950206,72.18486280674902,0,1,3,0,OffHours,1,1,0.2205154837314503
CHG003375,Medium,Normal,Production,-0.608247947199117,0.03558644128099652,27.864164359598778,70.65888894413078,0,0,1,0,BusinessHours,0,0,0.03168446319212578
CHG003376,High,Emergency,Staging,0.6252119305794656,0.1326420440246974,2.301647495074545,31.189453428033815,0,1,3,0,Weekend,1,1,0.5874304788064987
CHG003377,Medium,Standard,Staging,-0.2792209192116837,0.09718355027952091,10.965222942618693,66.3869103325262,0,1,2,0,BusinessHours,0,1,0.08195938311104967
CHG003378,Medium,Normal,QA,-0.9650127247795103,0.02938361457653193,13.700177021842787,57.63546783359452,0,0,3,0,OffHours,1,0,0.06944893216699959
CHG003379,Medium,Normal,Production,-0.27809629298790933,0.01,44.941089836408885,84.68669807623696,1,1,3,0,BusinessHours,0,0,0.009776913054411765
CHG003380,High,Normal,Staging,0.22585983631655238,0.1250569632793447,4.375107202755653,39.66093699612051,0,1,4,0,OffHours,1,1,0.38263136174014817
CHG003381,Low,Normal,QA,0.3248847188245844,0.07152325567784097,13.506443054887232,70.53123197886798,0,0,1,0,OffHours,1,0,0.11932678669408135
CHG003382,Low,Standard,Dev,1.8783791319931293,0.10180507310973355,36.66564793761508,44.35521862353026,0,1,4,0,BusinessHours,0,1,0.05511587737569488
CHG003383,Critical,Normal,Staging,-0.6689093400034194,0.10676679245267152,11.325475748872847,58.04891208492231,0,1,3,0,Weekend,1,0,0.15504565062016726
CHG003384,Low,Normal,Staging,-0.07347866159040038,0.07057956071223681,15.042411988101648,55.08431054062489,0,1,1,0,BusinessHours,0,0,0.061631970003154284
CHG003385,High,Normal,Production,0.4261239468194264,0.04290936467308382,32.99396206338863,60.33528452911901,0,1,4,1,BusinessHours,0,0,0.18529151703392258
CHG003386,Medium,Standard,Dev,-0.023422959200815323,0.08083715075139096,14.822554074348451,82.99502429781353,1,0,1,0,Weekend,1,0,0.026677279073821895
CHG003387,Medium,Standard,Production,-0.5006181459886532,0.01,33.70140071848365,90.11694857917917,1,1,1,0,BusinessHours,0,0,0.00721102852617424
CHG003388,High,Standard,Dev,-1.5492571763442435,0.02087165022198656,20.633190102967816,74.7771627619225,0,0,1,0,BusinessHours,0,0,0.011172012220357522
CHG003389,Critical,Normal,Staging,-0.5108345590530156,0.01131189559591149,26.86966168914165,72.61444738542954,0,0,3,0,BusinessHours,0,0,0.06303541536995617
CHG003390,Low,Standard,QA,-1.073702412717801,0.04237199385870628,9.80065901759103,81.6933221981748,1,0,1,0,BusinessHours,0,0,0.011890677136743749
CHG003391,Medium,Normal,QA,-1.7266066811237784,0.05709771216966294,14.373714373787788,59.66169215334353,0,0,1,0,Weekend,1,0,0.035968343420255636
CHG003392,High,Standard,QA,-0.7956788416705864,0.06729913233913346,13.824709469245423,70.05395114342237,0,1,1,0,OffHours,1,1,0.052385696757762154
CHG003393,Medium,Standard,QA,-1.0470917207664545,0.047961882963576785,13.684064798675903,57.99385146513571,0,0,3,0,BusinessHours,0,0,0.08168570232879398
CHG003394,High,Standard,Dev,0.5837865452929482,0.06686093915629308,23.63305905631305,61.65402381724983,0,1,4,0,BusinessHours,0,0,0.06501547203676478
CHG003395,Medium,Standard,Production,0.6010918374142937,0.07994941807391631,15.349848389908315,67.1994135662619,0,1,3,0,OffHours,1,0,0.21382942505607894
CHG003396,Low,Standard,QA,-0.9038792895808748,0.11606291466651705,10.282966346744892,59.49749453033697,0,0,1,0,OffHours,1,0,0.06071039397762115
CHG003397,High,Normal,Production,-0.2602286305631211,0.03737695678676012,31.14279708618846,82.26221442102164,1,0,3,1,OffHours,1,0,0.09148105913915626
CHG003398,Critical,Emergency,Production,-1.8582426621125354,0.06337802654927285,14.528675794745268,88.25497386986439,1,0,1,1,BusinessHours,0,0,0.15496953054472798
CHG003399,Low,Standard,Dev,-0.4943399501826941,0.026465844264342286,22.757304941683454,81.59634510263989,1,0,1,0,Weekend,1,0,0.0048818486519478545
CHG003400,High,Standard,Production,0.3989819007023456,0.08871228673799877,9.3772756668757,57.45075035102106,0,1,5,1,BusinessHours,0,0,0.1692952310603125
CHG003401,Low,Normal,Production,0.8249378896141027,0.07865583778327181,19.832825625619375,80.39979380893232,1,0,2,0,Weekend,1,0,0.056165352219196975
CHG003402,Low,Standard,Production,-0.7130470816913138,0.05672696030636577,22.544866343211893,54.6490688546386,0,0,2,0,BusinessHours,0,0,0.09229007538839878
CHG003403,Medium,Normal,Production,1.0518548605275198,0.11915439807963638,29.601142007618105,79.26140489314685,0,1,3,0,BusinessHours,0,0,0.2012687594005246
CHG003404,High,Normal,Staging,-1.5156919215134717,0.030273130217898958,26.669350471190295,69.34567132923004,0,0,1,0,BusinessHours,0,0,0.030625400400905833
CHG003405,Low,Normal,Production,-1.2476277991437925,0.01,25.349773747686207,100.0,1,1,1,0,Weekend,1,0,0.008092004486845411
CHG003406,Low,Standard,Dev,0.7096618656378763,0.07628897950764688,24.909635267427646,51.486885420346134,0,0,2,0,BusinessHours,0,0,0.047785594938386404
CHG003407,High,Emergency,Dev,1.6711212285632473,0.1728034905097983,11.828791017408214,37.92767044106586,0,1,4,0,Weekend,1,1,0.7547536009196142
CHG003408,Medium,Emergency,Production,0.4934319881836954,0.023824314084130847,27.721371367571287,39.39920448539979,0,0,2,1,OffHours,1,1,0.26573009552757815
CHG003409,Low,Standard,QA,-0.040342386534012425,0.07552759938063643,17.507796042368682,62.14994050511526,0,0,1,0,BusinessHours,0,0,0.04546785023708447
CHG003410,Low,Normal,Staging,-2.1951837465222086,0.01,21.434710221981035,75.13176130804466,0,0,1,0,BusinessHours,0,0,0.005976908803062687
CHG003411,High,Standard,QA,-2.0224470560434793,0.01,27.652716227598418,68.71309100957109,0,0,1,0,Weekend,1,0,0.013582662922812442
CHG003412,Medium,Standard,QA,0.12940953689586895,0.08310225375320503,16.609697320475032,73.01787884162937,0,0,3,0,OffHours,1,0,0.2765323973620136
CHG003413,High,Emergency,Production,-0.35806266957117455,0.09279967780450063,10.648963042803054,36.73028100090015,0,0,2,1,Weekend,1,1,0.45273859244664766
CHG003414,Low,Standard,Dev,-1.105835182152118,0.01,23.79913263877951,69.61329629596763,0,0,1,0,OffHours,1,0,0.017924492321596795
CHG003415,Medium,Standard,Dev,0.06553258083005072,0.08746019500922303,16.487532770450343,52.133691989323545,0,0,2,0,OffHours,1,0,0.08231908261849405
CHG003416,High,Standard,Staging,0.11513136750780958,0.04916787933673459,31.44763956505846,84.30991112742993,1,1,3,0,BusinessHours,0,0,0.02977126607127061
CHG003417,Medium,Normal,Production,0.9444158685402726,0.12809726784182868,11.702764069328193,68.40725479701558,0,1,5,0,OffHours,1,0,0.339093193813221
CHG003418,Low,Normal,Production,0.13660228301270078,0.04345621765244559,22.661010808025416,86.31459122355145,1,0,2,0,Weekend,1,0,0.04624812092253478
CHG003419,Medium,Normal,QA,1.2283943683343845,0.10666175614778405,17.9577094680305,48.69841811410385,0,1,3,0,OffHours,1,0,0.19431955344466584
CHG003420,Medium,Normal,Production,0.007994029548813363,0.0340445356939755,21.561140376390128,83.14708139281316,1,1,4,0,Weekend,1,0,0.08256196815605084
CHG003421,Low,Standard,Staging,-0.11533499480733611,0.08560028488872656,18.584296415905666,53.7647862986727,0,0,2,0,BusinessHours,0,0,0.0714278621049498
CHG003422,Critical,Normal,Production,1.0643121862471823,0.11737349547599446,16.515042190989824,49.05624097112786,0,1,7,1,OffHours,1,0,0.4103783659219152
CHG003423,Medium,Standard,Dev,-0.9784408800414345,0.01,34.0878510883178,72.79276670531367,0,1,1,0,BusinessHours,0,0,0.008087511733584064
CHG003424,Medium,Normal,QA,2.8144474532661614,0.23244104270071622,26.87952359154044,34.157181743575414,0,1,5,0,BusinessHours,0,0,0.5955388703930935
CHG003425,Low,Normal,Staging,0.3752574781667358,0.08233063986332183,26.31838364795725,64.62671845834899,0,1,1,0,OffHours,1,0,0.04858946073406272
CHG003426,Medium,Emergency,Staging,0.3808292528376731,0.09071282580087604,25.98483113642611,42.21356296785707,0,1,1,0,OffHours,1,0,0.1501771859368062
CHG003427,Medium,Normal,Dev,0.5250959739725976,0.10724861705373934,16.420972070702387,64.44839796506139,0,0,3,0,Weekend,1,0,0.2036615111354964
CHG003428,Critical,Normal,Staging,1.8771364753316424,0.1456404070584713,29.330487487058626,30.734002799135563,0,1,5,0,OffHours,1,0,0.2345638899812844
CHG003429,Medium,Standard,Staging,0.7925074116726066,0.08070285641456923,32.1869601363051,69.80980181801017,0,1,1,0,BusinessHours,0,0,0.0661178185533257
CHG003430,High,Standard,QA,-1.6050559790039236,0.01,20.443216943381163,65.32011802103374,0,0,1,0,Weekend,1,0,0.02470855492716172
CHG003431,Medium,Normal,Staging,1.4034703847675043,0.1383463637921098,17.24953191953758,47.24054481194966,0,1,5,0,BusinessHours,0,0,0.18229025229484286
CHG003432,Medium,Normal,QA,-0.3408965794450173,0.06983554340112977,21.510273954971144,55.07094851789136,0,1,3,0,OffHours,1,1,0.1270992984083573
CHG003433,Critical,Normal,Production,0.10715507283932346,0.051025845585378496,20.110178807729255,74.25002555786614,0,1,3,1,OffHours,1,0,0.33946393203884195
CHG003434,Medium,Normal,Staging,-1.2792539721752665,0.05349913242814067,25.986057163822647,83.4550290884291,1,0,1,0,BusinessHours,0,0,0.011189552151432284
CHG003435,High,Standard,Staging,0.5262020181238957,0.10515860304444972,23.433651399259084,64.75817450190436,0,1,4,0,BusinessHours,0,0,0.08194712534903573
CHG003436,High,Standard,Production,-0.6513742900675522,0.013364851071767908,34.393309456497505,66.8727277466028,0,0,1,1,OffHours,1,0,0.06389493368509908
CHG003437,Critical,Standard,Staging,0.10016963799347375,0.09931193481889211,10.346282475556361,65.82836310918813,0,1,4,0,Weekend,1,0,0.28374115272149963
CHG003438,Low,Normal,QA,-0.284099005360783,0.04252990210347138,32.91114568537977,95.64819111481268,1,0,1,0,Weekend,1,0,0.01899163278030363
CHG003439,Low,Emergency,Staging,1.9250128017358519,0.1419601456148975,16.375671529330774,38.64254588307046,0,1,5,0,Weekend,1,0,0.4452314510316253
CHG003440,Medium,Normal,Production,1.9822603001455896,0.18619867980303587,12.947308435052147,23.053153176790396,0,1,5,0,BusinessHours,0,1,0.5539404913994626
CHG003441,Critical,Normal,Dev,0.046513170214741384,0.02750534423295127,33.480258050547306,65.54783484774572,0,0,2,0,BusinessHours,0,0,0.0431886269899757
CHG003442,Medium,Normal,Staging,0.06397771136885474,0.030652692270363397,41.68326754173969,81.44172505281836,1,0,2,0,BusinessHours,0,0,0.019281544130111093
CHG003443,Medium,Standard,Dev,-0.37344296634951507,0.02906276796887449,19.91134035942244,64.52121602786085,0,0,2,0,Weekend,1,0,0.05188447837052775
CHG003444,Medium,Standard,Production,1.1060062915027862,0.11951441015204142,26.683162036900406,50.809169546479154,0,1,1,0,BusinessHours,0,0,0.13505734592320134
CHG003445,Low,Standard,Staging,-0.32891987033337716,0.06789550971632843,29.098869973043406,62.177306055689016,0,0,1,0,OffHours,1,0,0.027222318802988452
CHG003446,Low,Emergency,Production,-0.4213372746456993,0.0192692646463357,24.091976979790644,69.24124492987151,0,0,1,1,Weekend,1,0,0.10553061471627109
CHG003447,Low,Standard,Staging,0.9785928636649645,0.09657680870616524,14.952848984345371,43.861800446069,0,0,1,0,OffHours,1,0,0.11802276393940632
CHG003448,Low,Normal,Dev,-0.5382990953166494,0.11088182488318576,4.399307153301949,59.59669314011944,0,0,1,0,BusinessHours,0,0,0.11002033197521391
CHG003449,High,Standard,Staging,-0.03775503444853058,0.018233589049703056,40.91436144879958,80.43228721891043,1,1,3,0,BusinessHours,0,0,0.006880586548889442
CHG003450,Medium,Normal,Production,-1.5813107815109928,0.01936913903182713,37.10728965444087,79.71582432104854,0,1,1,0,OffHours,1,0,0.03085878837852491
CHG003451,Low,Standard,QA,0.7041903451231669,0.09712608283556708,11.3088789318821,43.28547395057545,0,1,2,0,BusinessHours,0,0,0.09500865370179523
CHG003452,Medium,Emergency,Dev,1.9408669391818687,0.20574226893163386,5.679376899736372,44.48653203339291,0,0,3,0,BusinessHours,0,1,0.744749996745353
CHG003453,Medium,Standard,Production,0.7212253727997919,0.09142056469783202,31.712237319598174,46.770528594720986,0,0,2,0,BusinessHours,0,0,0.12668611558275425
CHG003454,Medium,Emergency,Staging,1.461799167547305,0.12439551797936604,14.946786098821038,43.43055976304786,0,1,3,0,Weekend,1,1,0.33285818552396235
CHG003455,Medium,Normal,Dev,-0.8461021361773309,0.08119782879051923,20.781009112013194,82.81182231369844,1,0,1,0,Weekend,1,0,0.014882297004440301
CHG003456,Low,Standard,QA,0.2363242820282007,0.11485477349309611,33.242924693806714,70.22680174305134,0,1,3,0,OffHours,1,0,0.041816646475747093
CHG003457,Medium,Normal,QA,-0.9431599243693896,0.05510946091657236,21.941968745176826,83.35436527597449,1,1,1,0,BusinessHours,0,0,0.014663743638616278
CHG003458,Low,Normal,Staging,-0.22776554558134285,0.11326712491812152,15.74146362532898,45.38461786147897,0,0,1,0,BusinessHours,0,0,0.2154661704497057
CHG003459,Low,Standard,Staging,0.7722114773525048,0.089890179807802,14.529192136127314,52.032073934533074,0,1,2,0,BusinessHours,0,0,0.04840939823835467
CHG003460,Low,Normal,Staging,0.10182061310329862,0.09386856333115152,9.440620972489507,54.91691402264912,0,1,1,0,Weekend,1,0,0.1262423196461879
CHG003461,Medium,Normal,Production,-1.4126410226012216,0.01,26.77130672595529,100.0,1,0,1,0,BusinessHours,0,0,0.024862564500183856
CHG003462,Low,Normal,QA,-1.3150291055377534,0.04209338506642886,10.842839451597127,72.21059257222333,0,0,1,0,BusinessHours,0,0,0.054566945824539165
CHG003463,Medium,Normal,Staging,-1.3811639314907738,0.06920192391306335,14.093864586865173,82.62423083576468,1,0,1,0,OffHours,1,0,0.024753512042726036
CHG003464,Low,Normal,QA,0.4914525899395903,0.0774341891896581,23.99682067417497,73.91323862628553,0,0,1,0,Weekend,1,0,0.06787494438740488
CHG003465,Low,Standard,QA,2.0638945356566682,0.14538950473469134,30.40238722166839,53.67621413737132,0,1,3,0,BusinessHours,0,0,0.20343474957404664
CHG003466,High,Standard,Staging,1.3624582440002129,0.14193870449909285,21.3311873019621,61.1750812878641,0,0,4,0,OffHours,1,0,0.5416874000312892
CHG003467,Medium,Standard,Staging,-1.8959851991460643,0.04300792715916013,10.624018608652309,49.546382431355376,0,0,1,0,Weekend,1,0,0.027592140332378022
CHG003468,Low,Normal,Production,1.421075938069784,0.10629424339325488,16.691519486497402,57.065436111579196,0,0,2,0,BusinessHours,0,0,0.25817690808326826
CHG003469,Medium,Standard,QA,0.9364004170146472,0.08515026152044271,23.110797102920575,66.57463647385288,0,0,5,0,OffHours,1,0,0.14466068600925824
CHG003470,Low,Standard,Dev,-1.5452999455287577,0.01,29.956728983131953,92.42240904245192,1,0,1,0,BusinessHours,0,0,0.003818106153421264
CHG003471,High,Normal,QA,-0.3032016167104975,0.10909441303686984,22.52038810712318,49.97231234696581,0,1,3,0,OffHours,1,0,0.07902431313725577
CHG003472,Low,Standard,Staging,1.0955224114958095,0.08184819591067435,23.3538691918944,45.33553393109165,0,0,2,0,BusinessHours,0,0,0.23192667662876565
CHG003473,Medium,Standard,QA,0.5504335109347853,0.03336236635468811,29.371396017549337,58.8864765959096,0,1,2,0,BusinessHours,0,0,0.011211522566927642
CHG003474,Critical,Normal,Production,-1.3090950523879856,0.01,27.05498171922452,83.17661825887805,1,0,1,1,OffHours,1,1,0.054297752515473315
CHG003475,Low,Normal,Production,0.6107421557961942,0.13562387766644873,15.049539231823303,55.12104477118249,0,0,1,0,BusinessHours,0,1,0.4456092218005036
CHG003476,Low,Normal,Staging,-2.1375005960805877,0.01,14.358067779065909,72.12476180394371,0,0,1,0,OffHours,1,0,0.012899696966224287
CHG003477,Medium,Standard,Staging,-0.22282217575721136,0.02932401137451546,35.189497367181026,100.0,1,0,2,0,BusinessHours,0,0,0.010329925473107395
CHG003478,Critical,Normal,Dev,1.1379567694000488,0.1597000383800747,15.48066851817128,50.321067524300474,0,1,5,0,OffHours,1,0,0.5454185394594585
CHG003479,Medium,Emergency,Staging,0.018394215571319834,0.07163229059134286,20.606158871667713,56.55138892420922,0,1,1,0,BusinessHours,0,1,0.13369089596511063
CHG003480,Medium,Standard,Staging,-0.4989375499619459,0.0728307234653858,15.746384676204457,64.91562870635853,0,1,3,0,OffHours,1,0,0.04977630124106993
CHG003481,Low,Standard,Production,0.8893462537723492,0.10383929891503373,21.69300422092701,69.72233477899518,0,0,1,0,BusinessHours,0,0,0.19115112300422227
CHG003482,Medium,Standard,Staging,0.9747518150865815,0.1613606652626678,23.407538735077033,63.23568155121387,0,1,1,0,OffHours,1,0,0.12362199208113586
CHG003483,Medium,Normal,Dev,1.3100396928669502,0.0863823596675509,23.48558914353721,85.17770598152696,1,1,4,0,BusinessHours,0,0,0.02437936774007324
CHG003484,Medium,Standard,Dev,0.8743424284463873,0.1207044341972268,21.132241802171517,44.03194935479354,0,0,2,0,BusinessHours,0,1,0.13953243379206717
CHG003485,Low,Normal,Dev,1.0813747939371465,0.10146632070823737,32.054744039506126,46.743053157174984,0,1,1,0,BusinessHours,0,1,0.07157107560518002
CHG003486,Medium,Normal,Production,0.7329085574375346,0.10045173197621306,16.60452843527411,49.43244112027583,0,0,2,0,OffHours,1,0,0.3544236391221873
CHG003487,Low,Emergency,Production,0.26552864911647195,0.10443269583672497,13.301464861797992,57.06501889049002,0,1,2,1,BusinessHours,0,0,0.21562354498528485
CHG003488,Medium,Standard,Production,0.08950899976381409,0.09363894044646362,11.95709818606929,54.46255697101865,0,1,2,0,OffHours,1,0,0.15464706563439504
CHG003489,High,Normal,Production,-0.237259719097402,0.13050263826864228,1.0,69.43080085053955,0,1,2,1,BusinessHours,0,0,0.272134997999085
CHG003490,High,Emergency,Dev,-1.2123682930597257,0.025250309740943534,26.45935405287337,61.90671947691734,0,0,2,0,Weekend,1,0,0.0669809390235556
CHG003491,Critical,Standard,Production,-0.9553115088198088,0.01,31.513801732611483,100.0,1,1,2,1,BusinessHours,0,0,0.010197024848695186
CHG003492,Medium,Normal,Production,-0.28201448193520967,0.031861085274628095,24.61110031596762,60.49462733151594,0,1,1,0,BusinessHours,0,0,0.07143327638899949
CHG003493,Medium,Standard,QA,0.2414521596024293,0.10632956170338402,23.622983995730003,82.07225030397888,1,0,1,0,OffHours,1,0,0.052906974753243095
CHG003494,Low,Standard,Staging,1.4408125980042632,0.16175142843411944,13.164827629576951,67.01211828189139,0,0,3,0,BusinessHours,0,0,0.2836887051432056
CHG003495,High,Standard,Staging,-0.04179722787551253,0.05388536557236279,24.901970993354716,56.846613381150654,0,0,2,0,BusinessHours,0,0,0.11870243229883319
CHG003496,Medium,Standard,Production,1.003476290877664,0.08219241518502092,27.223214513536952,69.73942068028695,0,0,3,0,OffHours,1,0,0.20267086642407917
CHG003497,Medium,Standard,Dev,1.0793156564321207,0.03152389646646138,32.722551988485556,73.63890919173626,0,1,4,0,OffHours,1,0,0.02848818900306555
CHG003498,Medium,Normal,Production,-0.231446797688791,0.04134531733944237,28.077989988917526,83.46769389543958,1,0,1,0,BusinessHours,0,0,0.0161578623059834
CHG003499,High,Normal,Production,0.5946902113701839,0.07919461551348306,28.13728068158666,81.29243308805533,1,1,6,1,BusinessHours,0,0,0.10814633311323747
CHG003500,High,Standard,Production,-0.2435280417248615,0.06928591645254453,24.414143937831945,78.87281694303906,0,0,3,1,BusinessHours,0,0,0.1536225930490883
CHG003501,High,Normal,Dev,1.3221358940784769,0.10974652381321649,28.03152546335277,62.06029847777745,0,1,4,0,BusinessHours,0,0,0.3730057936426701
CHG003502,Medium,Emergency,QA,0.6358433382659322,0.12172767338820786,13.133660156979795,52.59532966731811,0,1,1,0,OffHours,1,0,0.28578137347634164
CHG003503,Medium,Standard,Staging,-1.1904837546883553,0.09156935746380453,7.276004686046228,49.15547584261959,0,1,1,0,BusinessHours,0,0,0.06167597113337841
CHG003504,Critical,Standard,QA,0.16152465215384673,0.14138157985590763,11.640384909786698,55.32917543165474,0,1,4,0,Weekend,1,0,0.19740341872689593
CHG003505,Medium,Standard,Dev,1.6481121618238797,0.16135890783619244,21.23402359916588,38.94565465105502,0,1,4,0,OffHours,1,0,0.1363098892040717
CHG003506,Medium,Normal,Production,-0.18123103454670117,0.050467189170610285,13.803778501867214,64.18798891859964,0,1,1,0,OffHours,1,0,0.25468137095531906
CHG003507,Medium,Normal,Dev,0.44771503009506813,0.1382695318144995,15.55652626192293,64.53389429724018,0,1,3,0,BusinessHours,0,0,0.1138728681725019
CHG003508,Medium,Normal,QA,0.5458788377391453,0.1080211240266198,19.8125217517959,60.28705866213668,0,0,3,0,BusinessHours,0,0,0.1532862454308106
CHG003509,High,Standard,Production,-1.0366228991646005,0.03339248198036909,20.12625744868519,40.99688886882888,0,1,3,1,BusinessHours,0,0,0.0950365428887968
CHG003510,Medium,Normal,QA,0.5107079492135139,0.10243346908887613,12.739481979838189,40.14279593399104,0,1,4,0,BusinessHours,0,0,0.13599337734510747
CHG003511,High,Normal,Production,-1.3938351520346257,0.01,19.058232808676934,80.53248581916489,1,0,2,1,BusinessHours,0,0,0.04332232528577731
CHG003512,High,Standard,QA,-0.6256241064013961,0.09459912113948318,12.411892166478921,61.28895709721257,0,1,3,0,Weekend,1,0,0.07706048606488097
CHG003513,Medium,Standard,QA,1.075722967494192,0.11769880527071482,15.034900467744903,61.48388139886802,0,0,4,0,OffHours,1,1,0.20618898774507674
CHG003514,Low,Standard,Dev,0.356756290308358,0.06742136063700814,38.81708277034322,54.146124944674355,0,0,2,0,BusinessHours,0,0,0.03337768994569459
CHG003515,Medium,Normal,QA,-0.304477807746527,0.12178123465272628,12.712631093021788,58.69613471688128,0,1,2,0,BusinessHours,0,0,0.1363016357471647
CHG003516,Medium,Emergency,QA,0.44646102124518744,0.1543567770165098,4.898646377658981,42.71103875840373,0,0,3,0,OffHours,1,1,0.6870162311323808
CHG003517,Medium,Standard,Production,-0.060092247755131445,0.07110050721996923,18.191964020517265,74.98255000066793,0,0,4,0,OffHours,1,1,0.18957814282765156
CHG003518,High,Emergency,Production,0.012578502351833248,0.09340206468132474,9.680119561188324,47.70974443692732,0,1,3,1,BusinessHours,0,0,0.2163377492734968
CHG003519,Low,Normal,Dev,0.6568185267201376,0.09485854536927606,20.747040187045485,71.93247599708786,0,0,3,0,OffHours,1,0,0.046504695716925046
CHG003520,Medium,Normal,Dev,-0.7273677406591319,0.05456140242288838,15.296116395905143,85.12483551529246,1,0,1,0,OffHours,1,0,0.04565706336618572
CHG003521,High,Normal,Staging,0.040336405554690695,0.11017804685966151,11.07002725813063,30.979510388842485,0,0,5,0,BusinessHours,0,1,0.35170545729870983
CHG003522,Critical,Normal,Staging,-0.3122681946066529,0.04217787292037639,18.703058834886168,68.06736662081009,0,1,4,0,OffHours,1,1,0.1657739945483266
CHG003523,Medium,Standard,QA,-1.5856033746002556,0.03934210102150749,19.57953166650509,52.917580186954986,0,0,1,0,Weekend,1,0,0.03273535780932265
CHG003524,Low,Standard,QA,-0.9204557562492998,0.01,27.406792615292613,72.89879439663983,0,0,1,0,OffHours,1,0,0.010748982111078718
CHG003525,Medium,Normal,QA,1.5682064470638322,0.1399876523249152,18.769440581243405,40.841864436469635,0,1,3,0,OffHours,1,1,0.2928365865790182
CHG003526,Medium,Normal,Staging,0.38472331458523407,0.10724543787654106,19.023224463928,60.75250299696715,0,1,2,0,BusinessHours,0,0,0.0899899576515756
CHG003527,Medium,Standard,Dev,-1.3235883014013892,0.01,35.39182754424872,97.44712584477232,1,0,1,0,OffHours,1,0,0.001924191723505953
CHG003528,Medium,Normal,Production,-1.5403543758484106,0.017208308676746796,26.812442052192846,86.81931356954465,1,0,1,0,OffHours,1,0,0.031030230667854614
CHG003529,Medium,Standard,QA,-0.11216390011058394,0.08218134274589756,28.18830434813858,72.95866537411656,0,0,1,0,BusinessHours,0,0,0.05087977779239653
CHG003530,Medium,Standard,QA,1.5611865331764823,0.10359442365402405,21.238476516167438,65.11820447342105,0,1,5,0,BusinessHours,0,0,0.0834617562573044
CHG003531,Medium,Normal,Staging,-0.18675813480435263,0.060555325330534426,28.43746857254674,58.67189027688656,0,0,2,0,OffHours,1,0,0.0702236513174008
CHG003532,Medium,Standard,QA,1.306999553404016,0.14258584472024266,15.368586967482006,69.2503216038556,0,1,4,0,OffHours,1,0,0.13623405818457113
CHG003533,Medium,Standard,Production,0.3519307708186574,0.11159995097986392,18.2333304681188,23.991567522498663,0,1,2,0,OffHours,1,0,0.09166120016625982
CHG003534,Medium,Standard,Staging,0.47125045784589364,0.1393703899955675,27.440523289735346,80.25264161108419,1,1,3,0,OffHours,1,0,0.030435993001106776
CHG003535,Medium,Emergency,Production,-1.3357205093045694,0.03100819192526718,17.14962315846946,77.82020669031849,0,1,1,1,OffHours,1,0,0.13308079344683166
CHG003536,Critical,Standard,Staging,0.9375229217497576,0.09037663611890963,23.960137004360288,68.77909721628993,0,1,4,0,Weekend,1,0,0.1538759209492992
CHG003537,Medium,Standard,QA,-0.3349320372736072,0.022087652414501457,41.16400710303242,100.0,1,0,1,0,BusinessHours,0,0,0.006278817607052574
CHG003538,Medium,Standard,QA,0.8630924536109083,0.09700806315287676,32.74184582125704,44.9242118141539,0,1,4,0,BusinessHours,0,0,0.04698240965877742
CHG003539,Medium,Standard,Staging,-0.814169981986113,0.022500967098667717,21.101086414917457,82.9939126817022,1,0,1,0,BusinessHours,0,0,0.023700667669576566
CHG003540,High,Standard,Staging,0.1770493475099125,0.0711031697818091,31.5286616070847,71.19568737552551,0,0,3,0,BusinessHours,0,0,0.144649964651523
CHG003541,Medium,Standard,QA,0.3520029539376315,0.17463953263340717,4.601814873462525,59.028771799178756,0,0,2,0,BusinessHours,0,1,0.20934905434765724
CHG003542,Medium,Standard,Dev,-0.15403331657586652,0.0837473200890862,14.578529412068718,50.445842356525674,0,1,2,0,BusinessHours,0,0,0.03024091815454357
CHG003543,High,Normal,QA,0.4045451930861567,0.08621628849622207,27.09804393894071,73.13627740971293,0,1,5,0,BusinessHours,0,0,0.0660908286689877
CHG003544,Low,Standard,Dev,-0.26639707519250877,0.056263848900552485,34.63598258398535,81.71522773182856,1,0,1,0,Weekend,1,0,0.00784546479529642
CHG003545,Medium,Standard,QA,-0.6490597530412794,0.12723851803328726,12.208074386802938,56.521273118300485,0,0,2,0,OffHours,1,0,0.07849635487756144
CHG003546,Medium,Normal,Staging,1.6054833827939645,0.1636409772203668,7.210990271482576,47.94669359137057,0,1,4,0,Weekend,1,0,0.40121818383641106
CHG003547,Critical,Standard,Production,1.0489528663614422,0.08157751175511266,27.828614836368978,56.1039611977631,0,1,5,1,BusinessHours,0,0,0.12035497118927432
CHG003548,High,Standard,Dev,-0.7608647450481768,0.03090769037978557,20.429626418657787,67.01596088509275,0,0,2,0,BusinessHours,0,0,0.04134021112844399
CHG003549,Low,Emergency,Dev,0.5684443055946129,0.048534531932247035,32.198018041649426,74.74579147172416,0,0,1,0,BusinessHours,0,0,0.06531574224999107
CHG003550,High,Normal,QA,-0.742678854701153,0.03515807679568447,17.104972538545614,84.15911392614288,1,0,3,0,BusinessHours,0,0,0.023815824018893844
CHG003551,High,Normal,Dev,-1.1846846436623242,0.01,16.583085819186426,85.42515860521696,1,0,1,0,BusinessHours,0,0,0.02073008100828372
CHG003552,Medium,Normal,Staging,1.0338094413989762,0.09845642882931034,18.224953138482903,66.11573640852907,0,0,3,0,BusinessHours,0,0,0.19952710526745568
CHG003553,Low,Emergency,Dev,-1.7040996256474057,0.01,34.05174750492908,86.91226363749588,1,0,1,0,BusinessHours,0,0,0.00832921548229447
CHG003554,Low,Standard,Production,0.9268559135765412,0.08533468855360005,31.531522876784877,59.367034346165546,0,1,3,0,OffHours,1,0,0.06156368286941078
CHG003555,Medium,Standard,Production,-0.2527223125730585,0.08010860280010945,18.29799508278471,63.851324246043305,0,0,1,0,Weekend,1,0,0.151939379741542
CHG003556,Medium,Normal,Staging,-0.21154660308052864,0.11325935968602979,15.310437223771787,77.26657568032272,0,1,1,0,BusinessHours,0,0,0.0751643902695533
CHG003557,High,Standard,Production,0.4097512196232897,0.04673806111146432,29.537839724432136,51.57279084231306,0,0,4,1,BusinessHours,0,0,0.1465276285376642
CHG003558,Medium,Normal,Staging,0.5811988119942524,0.11227979080346935,25.723807138585546,42.81973574623821,0,1,2,0,BusinessHours,0,0,0.09613672104171395
CHG003559,Medium,Standard,Production,-0.8263431768289082,0.053443047835933885,15.263543381773722,50.869257547980844,0,1,1,0,OffHours,1,0,0.05141412593025567
CHG003560,Low,Standard,QA,0.7177256087500634,0.0805617202182729,28.206198751910136,44.8985087061054,0,0,2,0,BusinessHours,0,0,0.04178607384585482
CHG003561,Medium,Normal,Production,0.1133705380252234,0.0694018907118907,26.955206949134933,59.20753324491709,0,0,4,0,BusinessHours,0,0,0.11371259068325909
CHG003562,Low,Normal,Dev,-1.2560547928680381,0.058393911331655696,19.365394470652397,65.59531965551562,0,0,1,0,BusinessHours,0,0,0.015480922490294221
CHG003563,Medium,Normal,QA,-0.1698744835797392,0.08099087009260117,26.210292729527872,85.99322776777724,1,0,1,0,BusinessHours,0,0,0.04120775167668874
CHG003564,Low,Standard,Production,1.3812790155589258,0.18310851704781836,12.088602279802942,40.24075330504163,0,1,3,0,BusinessHours,0,1,0.31210852795163646
CHG003565,Medium,Standard,QA,1.6765947982456966,0.14847333040933344,11.68894285809764,27.122431798745986,0,0,5,0,OffHours,1,0,0.5135571663238858
CHG003566,Medium,Normal,QA,0.7173484576086773,0.12765957396533917,13.49470403710647,62.12462972202292,0,0,1,0,OffHours,1,1,0.21349547573488206
CHG003567,High,Standard,Dev,-1.19034348816837,0.010238286970605387,20.009105339633333,72.47503050940634,0,0,2,0,Weekend,1,0,0.053728569694085654
CHG003568,Low,Normal,Dev,0.4906069024558882,0.1265098770131549,11.305222370777818,44.92142903594696,0,1,3,0,BusinessHours,0,0,0.12548600477231558
CHG003569,Medium,Normal,QA,0.8508609038591928,0.1284871154694258,15.452189071625844,46.118537230027236,0,1,1,0,OffHours,1,0,0.17804593720702594
CHG003570,Medium,Standard,QA,0.7257079833187221,0.1479821162838704,12.063606206149775,64.54409270125733,0,1,2,0,BusinessHours,0,1,0.17139886511794794
CHG003571,Low,Standard,Staging,0.7849542886879182,0.08805207091260962,31.502519608697188,44.98716886011819,0,0,2,0,BusinessHours,0,0,0.09818210882649553
CHG003572,Low,Normal,Production,0.3632630792475308,0.150389486814355,1.0,28.331187123917694,0,0,1,0,BusinessHours,0,1,0.3920998186460363
CHG003573,Medium,Standard,Dev,-0.0724123388305437,0.13982818409977155,4.031066901487149,64.10028535671307,0,0,3,0,BusinessHours,0,0,0.08511663367128013
CHG003574,Medium,Standard,Production,-0.6083674959040184,0.08564847913513154,1.0,49.45870319717272,0,0,3,0,Weekend,1,0,0.14541847526551008
CHG003575,Critical,Emergency,Staging,-1.8979355185014963,0.01,20.18404989850123,91.74313740981565,1,0,2,0,Weekend,1,0,0.045770390409549715
CHG003576,Low,Standard,Production,0.33964176671335083,0.1253851338848233,10.988167457480678,47.8120925615334,0,0,1,0,BusinessHours,0,1,0.3032064237231975
CHG003577,High,Normal,Production,0.18605284365218855,0.09997723058135322,13.76762068717186,62.52921080405718,0,1,5,1,OffHours,1,0,0.1908708414104791
CHG003578,Medium,Standard,Production,0.5575758428248162,0.03858273699103128,27.297181149191754,81.45468381656354,1,1,3,0,BusinessHours,0,0,0.014676457720452899
CHG003579,Medium,Standard,Dev,-1.3375436932928941,0.01,35.45700290730788,67.34846494043836,0,0,1,0,OffHours,1,0,0.005860566823025419
CHG003580,Medium,Normal,Staging,0.6450166893150603,0.1334845959692439,9.799269907524105,51.24954564907895,0,1,3,0,BusinessHours,0,0,0.37429830334103026
CHG003581,Critical,Standard,Production,2.054545094620777,0.17906031235979922,14.641083116323715,46.26508807369972,0,1,7,1,BusinessHours,0,0,0.476060254366601
CHG003582,Medium,Normal,Production,0.07845013077791134,0.1142629424609767,3.227955989232955,69.77127978841932,0,1,1,0,OffHours,1,0,0.23544484577805516
CHG003583,High,Standard,Dev,-0.06166531920654083,0.11608277859100292,6.5222287168120126,49.38004388408399,0,1,2,0,BusinessHours,0,0,0.07736925273417243
CHG003584,Medium,Normal,Staging,0.309002356085701,0.11234542529539779,22.379051028897806,63.85555687218886,0,0,2,0,BusinessHours,0,0,0.1434764900472597
CHG003585,High,Normal,Production,2.032337024710338,0.09941657575514833,30.542462820006104,53.031771314247564,0,1,3,1,Weekend,1,1,0.33107693573602687
CHG003586,Critical,Normal,QA,-1.023647761699891,0.01,21.047401655700693,82.34158837733509,1,1,2,0,BusinessHours,0,0,0.01582857419083539
CHG003587,High,Normal,Staging,0.20320693339390494,0.11298358842183892,17.976024363154778,55.354603881963556,0,0,2,0,BusinessHours,0,0,0.31992684036973307
CHG003588,Medium,Standard,Production,-0.7996574222976441,0.01,26.261798597941127,79.48022200667663,0,0,1,0,BusinessHours,0,0,0.031083618050225484
CHG003589,High,Standard,Staging,-0.547004720844995,0.09233852741879836,1.5123556701670635,74.70894363345425,0,1,1,0,OffHours,1,1,0.33960649257061093
CHG003590,Low,Emergency,Dev,-0.04959030788193934,0.08417951512860289,5.9046889740523625,46.69426117705029,0,0,2,0,BusinessHours,0,1,0.13304791021054152
CHG003591,Medium,Normal,Staging,1.3473232416135588,0.13578972314527418,9.556274959541557,53.28716633102846,0,1,4,0,Weekend,1,0,0.2746576781831722
CHG003592,Medium,Normal,Staging,1.8009906006887368,0.14281273633697147,30.411203335646324,78.57793516037265,0,1,4,0,BusinessHours,0,0,0.26950116410319436
CHG003593,Medium,Standard,QA,0.4481421446267063,0.11445916752697914,16.69591066294095,64.67332134683288,0,0,3,0,OffHours,1,1,0.11378984069574116
CHG003594,Medium,Standard,Staging,-0.3765947230234853,0.08417795042938175,14.084263174273543,37.81232784452621,0,1,2,0,BusinessHours,0,0,0.10594113030340797
CHG003595,Low,Standard,QA,2.4927388666385184,0.2211393535374315,16.69098691066292,35.83989644667573,0,1,4,0,BusinessHours,0,0,0.2332314400667874
CHG003596,Low,Standard,Production,-0.4275544813295202,0.06177311463801895,20.774680826638622,54.132297126603675,0,0,1,0,BusinessHours,0,0,0.0381865094863093
CHG003597,Low,Standard,Production,-0.5711359143597373,0.044037810384232066,28.737767195682842,84.41356142479597,1,0,1,0,BusinessHours,0,0,0.017814602640005346
CHG003598,Medium,Standard,Production,-1.7749430445787269,0.01,24.300073409263163,79.11902926110768,0,0,1,0,OffHours,1,0,0.027094715800586
CHG003599,High,Standard,Staging,1.3960915692447435,0.15077958256138968,14.342205426065963,64.60302064030816,0,1,6,0,OffHours,1,0,0.2397285341685245
CHG003600,High,Normal,Dev,0.968245592371294,0.11464472346720446,29.57187040710624,67.40495475410577,0,1,4,0,Weekend,1,0,0.17625504369648073
CHG003601,High,Normal,Production,2.417805536116446,0.17037087032469603,30.682430152972664,58.72730628981269,0,1,5,1,OffHours,1,1,0.5811714813008029
CHG003602,High,Standard,Dev,-1.3895233522181258,0.05946400766504111,13.326124990336833,57.5443188632276,0,1,2,0,BusinessHours,0,0,0.0230443172781566
CHG003603,Medium,Normal,Staging,1.4581708074791095,0.1504961796762636,18.883786879756283,58.97754987009321,0,1,4,0,BusinessHours,0,0,0.22511479826652808
CHG003604,Medium,Normal,Dev,0.07013551836612739,0.07815168027632374,32.29859792018364,88.97134107311821,1,0,2,0,BusinessHours,0,0,0.01677907632816047
CHG003605,Medium,Standard,Staging,0.8061002168001363,0.14586197018280328,16.551432040097158,33.46671515016726,0,0,2,0,BusinessHours,0,1,0.23693015974394221
CHG003606,Low,Normal,Staging,-1.647777141104471,0.01,26.84427839454878,87.00941160140496,1,0,1,0,OffHours,1,0,0.0024956657922226145
CHG003607,Medium,Normal,QA,1.4680818226652972,0.16993702110704267,9.639009759242898,48.13428678079174,0,1,2,0,OffHours,1,0,0.5607425868463064
CHG003608,High,Normal,QA,0.7865167513318304,0.11970491145057051,17.081459917935884,57.466504849863554,0,1,4,0,OffHours,1,0,0.4111766801038388
CHG003609,Medium,Normal,Dev,-0.038910034786217525,0.08527659689417341,9.545310226846613,75.89899561743874,0,0,1,0,BusinessHours,0,0,0.10546073926621555
CHG003610,High,Standard,QA,0.6451126876611214,0.027899346377301074,34.62441004454224,83.89667630706967,1,0,2,0,BusinessHours,0,0,0.01564656748042156
CHG003611,Low,Normal,QA,-0.7654953010422492,0.04168393625568808,21.245081818773762,72.47361487767968,0,0,1,0,Weekend,1,0,0.04874890927115711
CHG003612,High,Standard,Production,-0.5794400855816993,0.07872683650528736,18.66666131559893,75.9408511400459,0,1,1,1,BusinessHours,0,1,0.11777100895322166
CHG003613,Low,Standard,Production,-0.46344461362539624,0.07966109963574468,27.567182997982382,75.28379023520255,0,1,1,0,Weekend,1,0,0.04555936934658543
CHG003614,High,Standard,Production,-1.852727861690278,0.01,17.915858415276606,80.98387183804871,1,1,4,1,BusinessHours,0,0,0.012311323494682632
CHG003615,Low,Standard,Dev,0.8617584942033671,0.11124195027042422,18.058138139871424,51.54899724817723,0,0,3,0,BusinessHours,0,0,0.11444360991197548
CHG003616,Medium,Standard,QA,1.1915936141825663,0.16815412562437987,20.485406819900685,66.4207592923349,0,1,4,0,BusinessHours,0,0,0.1181037404216632
CHG003617,Medium,Normal,Staging,-0.7013441497638416,0.17041813275634857,1.0,36.9893367332478,0,0,1,0,BusinessHours,0,1,0.5466641304566561
CHG003618,Medium,Standard,Staging,0.3482030159448188,0.10130005561864183,27.24934240942603,61.747151390901074,0,0,1,0,Weekend,1,0,0.11288836984444657
CHG003619,Medium,Standard,Production,-0.2655404746292363,0.055559117225570984,20.610510981277805,53.368166769033834,0,0,2,0,BusinessHours,0,0,0.0886071472176389
CHG003620,Low,Standard,Production,0.3282739620810305,0.06771954564165408,22.834673222111412,78.42389769736688,0,1,1,0,BusinessHours,0,0,0.025917523866913116
CHG003621,Medium,Standard,Staging,-0.6275772412110292,0.015334883535415629,26.91809630256871,93.97431920272903,1,0,1,0,BusinessHours,0,1,0.004305421642034551
CHG003622,High,Normal,Staging,-0.8834251560876358,0.03435930843895866,19.21197359526696,59.5268665311761,0,1,4,0,BusinessHours,0,0,0.08049312620705948
CHG003623,Medium,Normal,Production,1.0520748860237426,0.08772033328926318,32.14364172283395,60.44985201131421,0,0,3,0,OffHours,1,1,0.22793904557776057
CHG003624,Medium,Normal,QA,-0.06387058512449259,0.10106717163359352,3.9554199182752914,52.039194061612584,0,1,1,0,BusinessHours,0,0,0.16118358756833331
CHG003625,High,Emergency,Production,2.0221089508534758,0.10809062253313471,20.288724683621105,57.098440505199676,0,1,5,1,OffHours,1,0,0.5737249860137866
CHG003626,Medium,Standard,Production,0.046309964794139964,0.07255532724986594,19.205961050327396,77.62584752966782,0,1,1,0,BusinessHours,0,0,0.10714480670798608
CHG003627,High,Standard,Dev,-0.9260780403504922,0.07450842676840884,4.054284322805466,58.3666201179723,0,0,1,0,Weekend,1,0,0.10411014944249902
CHG003628,Medium,Normal,Production,1.2269408764359389,0.11768533357589739,12.890176361185036,16.791251281257473,0,1,5,0,BusinessHours,0,0,0.2616010329844549
CHG003629,Medium,Normal,Production,0.6308001641460198,0.057199470420652924,36.88646684308773,83.59051903935077,1,0,2,0,Weekend,1,0,0.04490766818051174
CHG003630,Low,Emergency,Production,0.7268728636964236,0.07153169161346776,20.34143522279513,50.99319476598035,0,0,2,1,BusinessHours,0,0,0.24343832248786967
CHG003631,Low,Normal,Dev,1.1906006788679186,0.09875590286591664,30.482845277896402,66.53805334354986,0,1,3,0,OffHours,1,0,0.0383826771675258
CHG003632,Medium,Normal,Dev,-0.6527962938457945,0.11795971849104964,20.851607397414845,76.5458068665701,0,1,1,0,OffHours,1,0,0.06102738876831399
CHG003633,High,Standard,Staging,-0.12725330898528756,0.06402224649416985,23.067925559916326,68.98477091648948,0,0,2,0,BusinessHours,0,1,0.07090140602565495
CHG003634,Low,Standard,Dev,-0.17144983148779322,0.11531750176080324,8.46279701272972,54.243169683396744,0,0,3,0,BusinessHours,0,0,0.04329407044815671
CHG003635,High,Normal,Dev,-1.2907465369156184,0.03413272833871267,29.94869195284965,72.63477203909223,0,0,1,0,OffHours,1,0,0.04151590094532443
CHG003636,Medium,Normal,QA,-0.2635901501582435,0.06826762595680999,22.900074157516837,74.49453786912939,0,1,1,0,BusinessHours,0,0,0.046209075378606426
CHG003637,Medium,Normal,Dev,1.3363794578768242,0.11534088431055389,28.690457622481734,69.48701355247049,0,1,4,0,BusinessHours,0,1,0.0825226928351354
CHG003638,High,Emergency,Production,0.237338103793847,0.06368077329543659,20.45050458270283,74.45432409661979,0,1,2,1,OffHours,1,0,0.32600479055902293
CHG003639,High,Standard,Staging,-1.3460613278449878,0.06213419824140635,13.553531567305168,75.43490813590472,0,1,3,0,BusinessHours,0,1,0.05345991710053416
CHG003640,Medium,Standard,Dev,-1.555839411664935,0.01,23.523626949995613,81.87335488622544,1,1,1,0,BusinessHours,0,0,0.002526460234580583
CHG003641,Medium,Normal,Staging,1.6647760587482714,0.08538115279453386,35.44385292617713,74.43767813904348,0,1,4,0,BusinessHours,0,0,0.09630869645024236
CHG003642,Low,Normal,Dev,-0.09031901025512999,0.10442142391569763,19.486437279315698,49.98083014430834,0,1,1,0,BusinessHours,0,0,0.04168993819005381
CHG003643,Medium,Normal,Dev,-0.6474102057016173,0.09528164805961394,6.298052940574217,74.36531580719063,0,0,1,0,Weekend,1,0,0.17601148864414887
CHG003644,High,Normal,Staging,-0.2739917648970031,0.0414556349809371,29.299090343612175,73.22369437245482,0,1,4,0,Weekend,1,0,0.06525494097169159
CHG003645,Medium,Emergency,Staging,-1.477307754317332,0.04634520863057114,20.662535167558065,61.75591605873516,0,0,1,0,BusinessHours,0,0,0.05875940505662458
CHG003646,Medium,Standard,QA,1.4230951495116198,0.1494674403301614,13.708965759210173,41.08121748044356,0,1,4,0,BusinessHours,0,0,0.14257406131576836
CHG003647,Low,Standard,Staging,-0.3930529375860296,0.042953663089895684,23.725701994335633,79.56094720135387,0,0,1,0,Weekend,1,0,0.0343725540913964
CHG003648,Medium,Standard,QA,1.367401527738422,0.1414345109083869,14.106887270066728,47.49864259606983,0,0,3,0,OffHours,1,0,0.36125213143698953
CHG003649,Medium,Standard,Staging,0.05165171444731515,0.09362708270432529,21.616354842052203,61.5734351076214,0,1,2,0,BusinessHours,0,0,0.053570460076532066
CHG003650,Medium,Normal,QA,1.4295319745684398,0.10347685351620428,21.506981191240115,32.80858048950494,0,1,5,0,Weekend,1,0,0.2715558978330239
CHG003651,Medium,Normal,Production,0.2566944990430854,0.03101977346522164,32.39494483756134,68.01857028047796,0,1,1,0,Weekend,1,0,0.057476957414376424
CHG003652,Critical,Normal,Staging,0.853232662869076,0.08792503613103902,25.308500660624848,51.562659125906976,0,1,4,0,BusinessHours,0,0,0.21141208035348366
CHG003653,High,Standard,Dev,0.7190930460883368,0.14607099062118595,1.0,55.620294273442575,0,0,5,0,Weekend,1,0,0.373822205081145
CHG003654,Medium,Normal,Staging,0.6232910662519707,0.16258036629755682,7.417321031172326,48.43076579546859,0,1,2,0,OffHours,1,0,0.3238238284096137
CHG003655,Low,Standard,Production,0.3479344771827106,0.09928365582707967,18.52240435512078,31.40465780049818,0,1,1,0,Weekend,1,0,0.07280649074300549
CHG003656,High,Normal,Dev,-0.2328507161155849,0.09433885201397292,12.22324793757767,53.97666483820145,0,1,4,0,BusinessHours,0,0,0.05486172908036315
CHG003657,High,Standard,Staging,1.9154346915728602,0.18935455539500629,10.26562309883103,21.28659685196886,0,1,5,0,BusinessHours,0,0,0.6555861759222216
CHG003658,High,Normal,Production,-0.9069369850959007,0.01,25.07774904031856,64.19010876401839,0,1,3,1,BusinessHours,0,0,0.061921779940312234
CHG003659,Medium,Standard,Dev,0.004307642343159692,0.0996296960787644,18.901187898466166,81.80364262535197,1,0,3,0,BusinessHours,0,0,0.02277612790463602
CHG003660,Low,Normal,Production,0.01488587520759545,0.09300077695530602,19.088766666808958,42.03615250330182,0,1,1,0,BusinessHours,0,0,0.1447281335812494
CHG003661,High,Normal,QA,0.4024407533435215,0.09128287020496657,22.98958349673264,67.37421261471852,0,0,4,0,BusinessHours,0,0,0.1572350447565605
CHG003662,Medium,Emergency,Production,-0.4294726458945011,0.014954852320193938,14.161404603755322,53.66598957265196,0,0,2,1,BusinessHours,0,0,0.14891519905236722
CHG003663,Medium,Emergency,Production,0.31474630558958777,0.0508984989566372,23.34234564739009,48.29854235769075,0,1,1,1,Weekend,1,0,0.12175777691334003
CHG003664,Medium,Standard,Production,-0.16884258520296613,0.05422026183628496,26.70812197756007,58.83210397153416,0,0,4,0,BusinessHours,0,0,0.06820412121241531
CHG003665,Medium,Standard,Staging,-1.5819525174378992,0.08493231553694344,7.419735416869727,63.24937977270038,0,0,1,0,Weekend,1,0,0.122979951202576
CHG003666,Medium,Standard,Production,0.009552286256846456,0.09025822180913894,12.630653963291719,68.42174866594905,0,0,3,0,BusinessHours,0,0,0.10546677426301704
CHG003667,Medium,Standard,QA,-1.1005653330301517,0.022837838453754273,28.093835701866727,56.728054177417214,0,0,1,0,BusinessHours,0,0,0.011650679264382487
CHG003668,Medium,Standard,QA,-1.734385762448901,0.034947312173621764,11.333978507815631,89.80817957674478,1,0,1,0,Weekend,1,0,0.008469964393607548
CHG003669,Medium,Normal,Production,0.13687332068938496,0.04700562082032408,13.936578666764463,49.923262243904375,0,0,3,0,BusinessHours,0,0,0.12282677507045171
CHG003670,Low,Emergency,QA,0.48788334201956646,0.05488976256573319,19.947643610751857,61.0151423151007,0,0,2,0,BusinessHours,0,0,0.14325495300776642
CHG003671,Critical,Standard,Production,0.5266980421045764,0.09664791812772563,23.672471562275398,47.18128601573597,0,1,3,1,BusinessHours,0,0,0.2577058920664492
CHG003672,Medium,Normal,Dev,0.5671707070196942,0.04450118159740804,32.71282094843934,65.50932419331255,0,0,2,0,OffHours,1,0,0.048440206053649355
CHG003673,Medium,Normal,QA,-1.9325890209406105,0.01,27.442443531830513,73.00399533670358,0,0,1,0,OffHours,1,0,0.015204672132026684
CHG003674,Medium,Standard,Dev,-1.3610169279074695,0.03129679589971147,21.340646701035688,68.71329893215707,0,0,1,0,BusinessHours,0,0,0.01814404727241318
CHG003675,Medium,Normal,Staging,1.9735214368136709,0.14998358185126054,18.6197376695507,45.41380911916546,0,1,4,0,BusinessHours,0,0,0.46139628816171696
CHG003676,Medium,Emergency,Dev,-1.0472087600770361,0.12746677520482602,1.0,29.633577814172284,0,0,2,0,Weekend,1,1,0.3969202933606804
CHG003677,Low,Emergency,QA,0.6108410311366891,0.12510839777907878,15.870351502076373,51.60105241274507,0,0,1,0,OffHours,1,0,0.3138800237495914
CHG003678,High,Normal,Production,-0.686937621665846,0.09442214327664156,4.036113553014587,66.36780376920322,0,0,1,1,BusinessHours,0,0,0.3020715589119803
CHG003679,Low,Standard,Production,0.07967273926756446,0.09096457889700753,30.22637191700958,98.38357928663578,1,1,1,0,OffHours,1,0,0.02583947302525152
CHG003680,Critical,Standard,Production,-0.6332542022735941,0.01,28.225123772018627,82.28047839067565,1,0,5,1,BusinessHours,0,0,0.03980927320684997
CHG003681,Medium,Emergency,Dev,0.5615411546196448,0.06986527444978019,33.517639565871725,69.49570535201102,0,1,6,0,OffHours,1,1,0.11709283722094829
CHG003682,Low,Standard,QA,0.13677411731669906,0.06141746871229434,28.47678934353108,52.45431524316041,0,1,3,0,BusinessHours,0,0,0.013213992359294071
CHG003683,Medium,Standard,Staging,-0.4482897736442336,0.04556943048497929,16.3802059998683,44.90084560876496,0,1,1,0,BusinessHours,0,0,0.07342472805336774
CHG003684,Medium,Standard,Dev,-1.0501721196807103,0.01,36.17110568429699,85.80040428377227,1,0,1,0,BusinessHours,0,0,0.002606490872740704
CHG003685,Critical,Normal,QA,0.2677741974925111,0.08121206074499676,27.230146281856722,85.92676214513561,1,0,3,0,Weekend,1,0,0.09840534400912031
CHG003686,High,Standard,Production,-1.21271879904259,0.07045135923426368,9.517308493427612,95.22258970662043,1,0,3,1,OffHours,1,0,0.0863048538774093
CHG003687,Medium,Normal,Dev,0.4274810421208385,0.10326745934668868,12.787466505878491,49.39521970577306,0,0,5,0,BusinessHours,0,0,0.14278813632005377
CHG003688,Medium,Normal,Production,2.6264849090369,0.2331132740604838,18.83733478793155,34.344220236402485,0,1,6,0,BusinessHours,0,1,0.6231551753730692
CHG003689,Critical,Standard,Dev,1.350170051262012,0.12197280259193698,21.05477254291451,64.87025639532484,0,1,5,0,BusinessHours,0,0,0.09950153487953575
CHG003690,Medium,Standard,Dev,0.7183478868941628,0.11909375486034451,5.645048064804831,50.25656013555113,0,1,2,0,BusinessHours,0,0,0.14827954021963294
CHG003691,Medium,Normal,Dev,-0.08560729774114767,0.05672483581598045,18.262367725943108,61.535814429210745,0,0,2,0,OffHours,1,0,0.1000178522883195
CHG003692,Medium,Normal,Production,-1.9387526270035254,0.015392634183790953,16.131311693001653,87.00152849538112,1,0,1,0,OffHours,1,0,0.026704539540395714
CHG003693,Medium,Emergency,Staging,-1.3222863959001843,0.022020593544147638,16.34653306038579,95.02766146373497,1,0,2,0,BusinessHours,0,0,0.03531622342191688
CHG003694,High,Normal,Production,1.2827928561027135,0.1500216388419692,13.067024844390252,76.07244512296174,0,1,4,1,BusinessHours,0,0,0.22745625850271972
CHG003695,Medium,Standard,QA,-0.7897560801247798,0.03772897122581603,20.670179131530627,98.23681693213683,1,0,2,0,BusinessHours,0,0,0.011988817866810112
CHG003696,High,Normal,Production,-0.6992520981640467,0.02823234144776918,29.107250789228917,56.63036759406198,0,0,3,1,BusinessHours,0,0,0.03532282408912832
CHG003697,Medium,Normal,Staging,-0.16565047568402144,0.08827847977675138,9.769845352310476,76.9054052677226,0,0,2,0,OffHours,1,0,0.1929144843141998
CHG003698,Medium,Normal,Staging,-1.0620462588465547,0.023873711334836727,22.20827781300608,70.51563981928993,0,0,1,0,OffHours,1,0,0.04043983441572
CHG003699,Medium,Normal,Production,-1.2267687345516363,0.02394218930844602,9.281870195217222,85.38355197162394,1,0,1,0,OffHours,1,0,0.13305831222081718
CHG003700,High,Standard,Production,-0.050474072781421825,0.09556716543880224,12.400835169369403,71.97302086554063,0,1,3,1,OffHours,1,0,0.24161591057393467
CHG003701,Medium,Normal,Staging,-0.8915294546720363,0.10143563253616428,5.831006134397198,70.88140174616248,0,0,1,0,Weekend,1,0,0.15813177191370129
CHG003702,High,Normal,Dev,-0.7410185797788948,0.08009450426664148,18.763060253449915,62.077910702954526,0,0,3,0,OffHours,1,0,0.06931635517092656
CHG003703,Medium,Standard,Production,-0.781191026147006,0.01,28.423911548377916,73.86035647243412,0,1,3,0,OffHours,1,0,0.013780971524050794
CHG003704,Medium,Normal,QA,0.5223602138344686,0.08258604765172334,7.37129229376105,51.77123881568979,0,1,3,0,BusinessHours,0,0,0.14285707229586475
CHG003705,High,Standard,Production,-0.23212569049535728,0.08836621026945835,22.105883158026597,72.66815450017135,0,1,3,1,BusinessHours,0,0,0.0814942503585851
CHG003706,High,Normal,QA,-0.17857196789385368,0.08904590831857885,17.357069106484197,69.76310325335335,0,0,4,0,BusinessHours,0,0,0.15846886492627527
CHG003707,Medium,Normal,Dev,0.5969458973088833,0.08964063973428743,23.72142700971096,81.2746176973303,1,0,3,0,BusinessHours,0,0,0.05582477749745142
CHG003708,High,Standard,QA,-0.14203960823294015,0.0874545932524296,18.043914592978417,82.12277847080968,1,0,4,0,OffHours,1,0,0.10283378308184243
CHG003709,Low,Standard,Staging,-0.27825376845717287,0.04783525702706199,7.932689416661985,53.34781973807106,0,1,1,0,OffHours,1,0,0.06277849703050734
CHG003710,Low,Normal,QA,0.47045035557017084,0.13167966934185504,13.836509369598637,57.520988478561705,0,1,2,0,BusinessHours,0,0,0.14567719414359365
CHG003711,High,Standard,Production,0.668197843557631,0.11936152645783563,20.679284965357006,61.20880365321825,0,1,5,1,BusinessHours,0,0,0.23774244271645673
CHG003712,High,Standard,Staging,-0.14707349950860418,0.027828403401331914,30.12235250758933,73.27853661797356,0,0,4,0,BusinessHours,0,0,0.048349221886958636
CHG003713,Low,Normal,QA,0.0806077756205216,0.042121762232592834,23.03845030697103,76.29279546182916,0,0,1,0,BusinessHours,0,0,0.10791256215879143
CHG003714,Critical,Standard,Staging,-0.781790229733328,0.08261875678460007,12.450766430761181,71.96702094554085,0,0,4,0,OffHours,1,0,0.22206148680654328
CHG003715,Medium,Normal,Production,-0.8606830431645255,0.025803608723311184,34.20562202588937,73.64377831420833,0,1,1,0,BusinessHours,0,0,0.022419531872527466
CHG003716,High,Standard,Production,0.7691475019668077,0.11242941392658833,11.203593447888608,53.044919666016476,0,1,4,1,BusinessHours,0,1,0.32888063049399996
CHG003717,High,Standard,QA,0.4449420625446217,0.05147958295470502,31.197653007688746,67.18949963150794,0,1,4,0,BusinessHours,0,0,0.030521419696557545
CHG003718,High,Standard,Production,0.4552984384165761,0.04616549736953986,31.36517325330922,62.45265523980513,0,0,5,1,Weekend,1,0,0.13565259538410185
CHG003719,High,Emergency,Dev,0.28085434872552223,0.0798099798289755,20.254670666621514,52.121384107635485,0,1,3,0,Weekend,1,0,0.17203498834264427
CHG003720,Critical,Normal,Staging,0.04620327581495357,0.1366679345658842,13.357234062477186,38.57743293283985,0,1,4,0,BusinessHours,0,0,0.34836092254206996
CHG003721,Medium,Standard,Production,0.6964118908227692,0.049517836211680766,49.25702910887467,81.14180094174657,1,1,3,0,BusinessHours,0,0,0.010960388386874997
CHG003722,Low,Standard,QA,0.9351087610227838,0.12728149351172582,22.54902321398161,77.07948283449906,0,1,2,0,Weekend,1,0,0.04584261072978832
CHG003723,Medium,Normal,Dev,0.9112280051906476,0.1472443113496989,19.760691971371035,56.04862134821368,0,0,2,0,Weekend,1,0,0.17696420991241435
CHG003724,High,Normal,Staging,-0.10077791594598683,0.04384892405447872,23.636886125503167,83.85625228855956,1,1,3,0,OffHours,1,0,0.04011487302168248
CHG003725,Low,Standard,QA,1.386992729908838,0.17125271430796896,30.778029696994732,60.68413228802352,0,1,1,0,OffHours,1,0,0.05965906565361581
CHG003726,Critical,Standard,Dev,0.22846068173232117,0.08080931592927501,27.900083517500875,60.08362469835722,0,0,5,0,OffHours,1,0,0.06154909165467617
CHG003727,Low,Normal,Dev,0.6323761925657985,0.11200268263285407,30.426858266872877,79.38933764759472,0,1,3,0,OffHours,1,0,0.1597487848705539
CHG003728,High,Normal,Production,0.28208789083487973,0.08426128898200763,14.194088304041722,35.90345918899374,0,0,3,1,OffHours,1,0,0.3491114436872833
CHG003729,Medium,Normal,Dev,0.2470067074841741,0.0857401086217742,21.25026399348011,54.84654355768807,0,0,1,0,OffHours,1,0,0.1897850809869786
CHG003730,High,Normal,Staging,-0.7357519902503197,0.03112504117428896,30.28678610617716,66.32772141213123,0,1,2,0,OffHours,1,0,0.024394193110629125
CHG003731,Critical,Normal,Production,0.701350838344826,0.1422162898739259,14.205227879599509,78.20889244157264,0,1,4,1,Weekend,1,0,0.32436262720189335
CHG003732,Medium,Normal,Production,2.845294394907639,0.24100758753906637,33.84531598274252,46.796329925152406,0,1,5,0,Weekend,1,1,0.6374280189957774
CHG003733,Medium,Normal,Staging,-0.3747950747900833,0.0669731180763188,14.187150159564029,97.63963378031526,1,1,2,0,BusinessHours,0,0,0.035794106831542175
CHG003734,Low,Normal,Staging,0.07099471542494816,0.09706710093530888,16.420435183479526,63.10720117973704,0,1,1,0,Weekend,1,0,0.06450455622742281
CHG003735,High,Standard,Dev,-0.4462052643472624,0.10030496522453851,6.571187828531915,53.36192492101809,0,1,4,0,BusinessHours,0,0,0.03791238219419109
CHG003736,High,Emergency,QA,-0.48801990156193453,0.07636036892746373,25.591182191529533,43.9139428608192,0,1,2,0,BusinessHours,0,0,0.04765878643952443
CHG003737,Medium,Standard,Dev,1.5444494781186728,0.0774273712625529,31.654145895151075,76.35207729445467,0,1,4,0,BusinessHours,0,0,0.041545184115196296
CHG003738,Low,Normal,Dev,-0.6729710177274647,0.12289147103259115,19.69680658176797,56.470325902688685,0,1,1,0,BusinessHours,0,0,0.05733928718708243
CHG003739,Medium,Normal,Dev,-0.4740804733663613,0.038089128180857655,36.619892550715456,67.62972402879855,0,1,2,0,BusinessHours,0,0,0.02433505939873852
CHG003740,Low,Normal,Staging,-1.5874928237313013,0.01,20.892665804965546,95.46251243001551,1,1,1,0,Weekend,1,0,0.0077931897680724865
CHG003741,High,Standard,Dev,-0.7576117245422473,0.043147372599394725,6.301630396379787,83.75796468936372,1,1,2,0,BusinessHours,0,0,0.017680103594896843
CHG003742,Medium,Normal,Dev,-1.7083998929533477,0.041269776168880126,11.029724857415296,60.66541373128358,0,0,1,0,Weekend,1,0,0.056582682655549145
CHG003743,Critical,Standard,Production,0.6318046992119288,0.15270522233429748,6.835667594452506,45.38627998580154,0,1,4,1,BusinessHours,0,0,0.42552823270690016
CHG003744,Critical,Standard,Dev,2.7996972218373095,0.1823694646553609,22.84441140856905,16.062727517964973,0,1,6,0,BusinessHours,0,1,0.6300226426175182
CHG003745,High,Normal,Production,-0.36667879365052214,0.1323357907223552,2.715039169906614,28.294256996666306,0,1,2,1,BusinessHours,0,1,0.4156114726624315
CHG003746,Medium,Standard,QA,-1.6667579329902373,0.01,27.468791960880747,97.35465519296085,1,1,1,0,BusinessHours,0,0,0.0016517306822025157
CHG003747,Medium,Normal,Staging,0.8999996644297332,0.13462556955198915,17.876782754126452,70.86242507973964,0,1,5,0,Weekend,1,0,0.19873783262805012
CHG003748,High,Normal,Dev,-0.7269249589301569,0.06543395484715987,22.874745211128463,74.89219000421024,0,0,3,0,BusinessHours,0,0,0.08768688900352073
CHG003749,High,Emergency,Dev,1.2993469305535403,0.2261064413801433,1.1019301307189973,31.520270803211876,0,1,5,0,BusinessHours,0,0,0.6654212245638271
CHG003750,Critical,Normal,Production,-0.2820290477899447,0.11132161028484966,12.747569425488058,46.0151374114118,0,1,5,1,Weekend,1,0,0.5276237759821796
CHG003751,Medium,Standard,Staging,-0.6318156890827807,0.0626814192071804,18.928321399895317,87.65572816342147,1,1,1,0,BusinessHours,0,0,0.01582470643486545
CHG003752,Low,Normal,Dev,-0.17795755574568647,0.01,42.837020524850175,58.80883596132906,0,0,1,0,BusinessHours,0,0,0.02928478040398697
CHG003753,Critical,Standard,QA,0.7577767609361872,0.12899063713658857,7.510175402610504,48.425353223306686,0,1,5,0,BusinessHours,0,0,0.27486218929512063
CHG003754,High,Normal,Staging,-0.22742063075565644,0.05272425998559248,18.21728575611271,74.79436785557253,0,0,4,0,OffHours,1,0,0.11071451597680547
CHG003755,Low,Normal,Dev,-0.49672470279370545,0.08407273497052253,20.30671884063039,65.60953210974442,0,1,3,0,BusinessHours,0,0,0.029543393495697155
CHG003756,High,Normal,Staging,-0.1988316029788718,0.038908014673532665,18.119786096695307,66.9527411830863,0,0,2,0,OffHours,1,1,0.12808939077377313
CHG003757,Low,Normal,Staging,-1.271855184500885,0.01,28.399716480925097,77.4466371949107,0,0,1,0,OffHours,1,0,0.018953632118494556
CHG003758,Medium,Normal,Staging,0.39703160229398016,0.10124460297960586,12.171417112157664,65.89297516505448,0,0,3,0,BusinessHours,0,0,0.12206813041733672
CHG003759,Medium,Normal,Production,-1.7867265938449102,0.020652581561280657,9.051653823376169,59.87837003020918,0,1,1,0,OffHours,1,0,0.07601243640038277
CHG003760,Medium,Emergency,QA,-0.44412145436551537,0.03419314213442749,34.522899962382574,66.7514005579855,0,0,1,0,Weekend,1,0,0.030466957411578205
CHG003761,Low,Standard,Production,0.7593852088307432,0.10467212502785465,20.270226094879302,64.42663509735787,0,0,1,0,BusinessHours,0,0,0.11535277604218838
CHG003762,Medium,Standard,Staging,0.3030482829327168,0.06137231781169526,23.428634977695946,66.22368857930024,0,1,3,0,BusinessHours,0,0,0.04224544852808561
CHG003763,Medium,Normal,Staging,0.5903205729863903,0.11437789773561977,18.4707282503312,55.538136902361835,0,1,4,0,OffHours,1,1,0.22103225713528313
CHG003764,Low,Standard,Staging,-0.06504567271880911,0.05649443565922006,37.12796103368378,77.95325473387251,0,1,1,0,OffHours,1,0,0.018554682513241376
CHG003765,Medium,Standard,Staging,1.1697461809855167,0.14136571272967835,21.644857610910936,36.42757284863967,0,0,4,0,BusinessHours,0,0,0.13883347871887
CHG003766,Medium,Normal,Dev,0.924699196769792,0.0977775041955729,28.494300599757032,40.638316908734424,0,0,2,0,Weekend,1,0,0.15181940671780722
CHG003767,High,Normal,Production,0.44614100424767456,0.15090854549107668,16.04401003637351,63.95942229313153,0,1,3,1,BusinessHours,0,0,0.23588931994363932
CHG003768,Medium,Standard,Production,0.927545777313543,0.11693652459777598,18.842244642866348,46.74072396677054,0,1,3,0,BusinessHours,0,0,0.16923565103419
CHG003769,Low,Standard,QA,0.7504235544035768,0.13021136476859738,20.79528857205397,52.40857030356857,0,1,4,0,BusinessHours,0,0,0.0556161736891702
CHG003770,Low,Standard,Staging,-0.43946351334689027,0.056679153114057995,12.501472637859575,72.24566421180708,0,0,1,0,OffHours,1,0,0.06823546289989837
CHG003771,High,Standard,Production,-1.3438989116913336,0.012918146618260915,37.941661407759625,70.60195645432103,0,0,2,1,BusinessHours,0,0,0.026022425470418758
CHG003772,High,Standard,Production,0.42036212584262383,0.11680627991509342,19.53941762223365,31.25681692203429,0,1,2,1,OffHours,1,0,0.24707386822851674
CHG003773,Critical,Normal,Staging,0.5460892308314287,0.1265040237200379,5.07384104113668,70.04008096280612,0,1,5,0,Weekend,1,1,0.5341634630569903
CHG003774,Critical,Standard,Dev,1.0904719911385654,0.17138953240510987,6.662730366801015,59.038379682237675,0,0,4,0,BusinessHours,0,0,0.49140949114708693
CHG003775,Medium,Normal,Staging,-0.9363212750452935,0.13170348249509164,1.837782849793916,74.76957690576377,0,0,3,0,BusinessHours,0,0,0.09923199043965732
CHG003776,High,Emergency,Dev,-0.9064310592771633,0.01,19.159374084752763,53.128272867245784,0,0,3,0,Weekend,1,0,0.10680329888071324
CHG003777,Medium,Standard,Staging,0.45990026630777037,0.14097845973587356,8.540867481198823,52.33124110001492,0,1,2,0,BusinessHours,0,0,0.12055758507101164
CHG003778,High,Emergency,Staging,-0.07116698885308664,0.07486042489641907,20.49212405527077,42.448913327093976,0,1,3,0,BusinessHours,0,0,0.21903578665777051
CHG003779,Critical,Standard,Staging,-1.8857616105711281,0.01,17.071727088898463,80.32260013212903,1,0,2,0,OffHours,1,0,0.0133047563085597
CHG003780,High,Normal,Dev,0.37510816375419076,0.06232297664664384,25.737897749816796,57.370043069926844,0,1,4,0,OffHours,1,0,0.14419644436451085
CHG003781,Medium,Emergency,Staging,-1.8524229149889546,0.01,19.678358767805115,59.95154581358949,0,1,1,0,BusinessHours,0,0,0.023355589816941514
CHG003782,Medium,Normal,Staging,-0.9452565518733762,0.03767295744971756,16.60528308999981,79.70961095151537,0,0,1,0,Weekend,1,0,0.055696691854830296
CHG003783,Medium,Standard,QA,1.3516813728601071,0.23743606065188702,1.0,32.11352635093714,0,1,3,0,OffHours,1,1,0.5810072612575835
CHG003784,Medium,Standard,Dev,1.8248790178071153,0.16733908004179565,11.001082789465192,68.80799433543106,0,1,4,0,BusinessHours,0,0,0.17568941911305896
CHG003785,High,Standard,QA,-1.2156563684719617,0.019910035871157136,28.53808349519828,78.73033267934817,0,0,3,0,BusinessHours,0,0,0.04373412816253168
CHG003786,High,Emergency,Production,-0.3293915374126943,0.025066674833589684,34.413098328507985,38.542364054502826,0,1,1,1,OffHours,1,0,0.09414960075842055
CHG003787,Low,Standard,Staging,0.04262252307870598,0.011360556136803274,36.9432986553816,54.718705027853645,0,0,2,0,BusinessHours,0,0,0.018760173406282936
CHG003788,High,Normal,Staging,1.781226927581568,0.223305717056194,14.186821296959419,66.35579017694646,0,0,5,0,BusinessHours,0,1,0.7292017561775103
CHG003789,Medium,Standard,Staging,-0.49286894782440155,0.06326871421071703,15.535698804995091,62.18643059783081,0,1,1,0,BusinessHours,0,0,0.05791570866152234
CHG003790,Medium,Standard,Production,-0.4768840230332781,0.10065685280445716,14.83228029971303,60.73236624907632,0,1,2,0,OffHours,1,0,0.18305452207040984
CHG003791,Medium,Standard,Staging,1.5487255584628619,0.12219839643025075,29.024629709581124,63.366140891567376,0,1,3,0,BusinessHours,0,0,0.07276026601446156
CHG003792,Medium,Standard,Dev,-0.374789152718258,0.03956959155694775,22.62421953619815,92.08414105934216,1,0,1,0,BusinessHours,0,0,0.00601955853236343
CHG003793,High,Normal,Dev,0.7222017089664575,0.09364143111684227,24.67278639516489,38.793576831526586,0,0,1,0,OffHours,1,1,0.2613765763399876
CHG003794,High,Standard,Dev,-1.4771429651124275,0.02420783742876266,22.051498279824166,93.93083279540997,1,0,1,0,Weekend,1,0,0.0133788411851694
CHG003795,High,Standard,Production,-0.17123274409232622,0.044251438798355046,31.759847580474315,91.15874116264831,1,1,2,1,BusinessHours,0,0,0.01607689109517041
CHG003796,Medium,Normal,Staging,-1.6595968383264046,0.01,34.767208266510345,86.829961806679,1,1,1,0,OffHours,1,0,0.005201723109770311
CHG003797,Medium,Standard,Production,-1.0554337809557044,0.021487909562383396,29.795412395760234,86.50921669597055,1,1,2,0,BusinessHours,0,0,0.009725268627330754
CHG003798,Low,Normal,Production,0.8392013551522634,0.07445657101940713,25.218697923329824,57.0359866090574,0,1,2,0,BusinessHours,0,0,0.14680566763532152
CHG003799,Medium,Normal,Production,-0.04990539108671263,0.09371682912305476,24.004186496510265,42.73163509282936,0,1,1,0,BusinessHours,0,0,0.21083668083130164
CHG003800,Medium,Normal,Production,-0.31910574055297464,0.060227419100481475,27.47040353308874,79.88615571428669,0,0,1,0,OffHours,1,0,0.12218747384971589
CHG003801,Medium,Standard,Staging,-0.7487496239809176,0.0380046599821262,28.999630413337677,79.66124502431518,0,0,1,0,BusinessHours,0,0,0.013335243399545272
CHG003802,High,Standard,QA,-0.22065607324128275,0.03207189200462373,11.386328491862368,68.63909901006186,0,0,5,0,Weekend,1,0,0.15487546076281003
CHG003803,Medium,Normal,Dev,0.30111316710069364,0.1000501431383114,35.78576605267957,65.91987757836303,0,1,3,0,BusinessHours,0,0,0.05136400983696626
CHG003804,High,Normal,Staging,0.9829162064617618,0.061036511921216535,21.112294648815116,57.81786602547073,0,1,2,0,OffHours,1,0,0.20694941804783865
CHG003805,Medium,Standard,Production,-2.6251466840968023,0.01,30.61628211208449,100.0,1,1,1,0,BusinessHours,0,0,0.001439554680446532
CHG003806,Medium,Standard,Staging,-0.8317611742628097,0.06139794841699818,11.15699733867054,66.50589786551387,0,1,2,0,OffHours,1,0,0.08317123825404893
CHG003807,High,Standard,QA,0.15909624218900573,0.11775922700179545,28.43306419091195,68.38412339008693,0,1,3,0,Weekend,1,0,0.11924664936805619
CHG003808,High,Normal,Production,-0.09886311596228586,0.04117660623281544,19.804467745252314,64.98193275807915,0,0,1,1,Weekend,1,1,0.22465090865247062
CHG003809,High,Standard,QA,0.403376242526725,0.08934993544991482,26.102189171401378,77.7818529965641,0,0,4,0,OffHours,1,0,0.1657593559861761
CHG003810,High,Emergency,QA,0.26754028612655384,0.10653141426339491,13.00724016851293,50.4510273125713,0,1,4,0,BusinessHours,0,1,0.18594178021357374
CHG003811,Medium,Standard,Production,-0.30486786299340723,0.0665810517710553,29.867679738903192,79.60215927094845,0,0,2,0,OffHours,1,0,0.031961116073906004
CHG003812,Critical,Emergency,Staging,-0.5268531959871771,0.06982156794672084,26.228538889289403,76.65777673252326,0,0,2,0,Weekend,1,0,0.20284009981558201
CHG003813,Critical,Standard,QA,-0.2455014897355009,0.07651612355587933,20.656235502155535,50.009251349042074,0,0,5,0,BusinessHours,0,0,0.06405802989945356
CHG003814,Medium,Standard,QA,1.1487423498227427,0.11373932638700662,35.109022166056214,64.76204401675288,0,1,1,0,BusinessHours,0,0,0.029353228453149617
CHG003815,Low,Standard,Staging,-0.7320079329057144,0.06986688326642539,19.54096960788983,60.36088434288176,0,0,1,0,BusinessHours,0,0,0.044063985890109424
CHG003816,Medium,Standard,QA,-0.06280672314395548,0.07815056214654255,28.82631947725223,69.36998840904253,0,0,1,0,OffHours,1,0,0.09893336677173907
CHG003817,High,Emergency,Dev,0.18334221399842102,0.12066287783587047,3.662547359976613,48.54963366616841,0,1,4,0,BusinessHours,0,0,0.39138957218923875
CHG003818,Critical,Normal,Staging,1.560350929874458,0.1541408845160088,17.857120239337434,51.169166113248934,0,1,4,0,BusinessHours,0,0,0.41326666642531157
CHG003819,High,Standard,Staging,-0.30030825823631324,0.05725304302479286,7.531232820662153,48.411947730770876,0,1,2,0,BusinessHours,0,0,0.13607427068630293
CHG003820,Medium,Emergency,Dev,0.9588066560109609,0.09596330976881091,25.987435305421677,52.27611818282615,0,1,3,0,OffHours,1,0,0.06869789798909869
CHG003821,Low,Standard,Staging,1.2319794032650222,0.12121510437119998,36.203980615139436,61.96456533895766,0,1,3,0,BusinessHours,0,0,0.12176054339482796
CHG003822,Medium,Standard,Staging,-0.06375426499064825,0.08264489906377305,16.91678272562238,61.429335886985015,0,1,2,0,Weekend,1,0,0.0496969248472653
CHG003823,Medium,Standard,QA,-0.2107189790767625,0.043965801579076536,6.593662349733469,79.27334879233241,0,1,2,0,OffHours,1,0,0.05441196330500355
CHG003824,Low,Normal,QA,-0.3290536720482161,0.04099712894346603,25.099577011893064,80.30686969408079,1,0,1,0,BusinessHours,0,0,0.017100428477620586
CHG003825,Low,Emergency,QA,-0.25582313424258235,0.07316697305176519,10.32174524086503,49.324398516821496,0,1,2,0,OffHours,1,0,0.20782642951096705
CHG003826,Low,Standard,QA,0.8542398605768328,0.14351971318943202,20.428134791652685,31.443012820853262,0,0,3,0,BusinessHours,0,0,0.06799044254751269
CHG003827,Low,Normal,Production,0.2310099772555139,0.06310810090709659,22.002857462421957,65.42878632853703,0,0,2,0,OffHours,1,1,0.13949328838394376
CHG003828,High,Standard,Staging,0.2352897091698694,0.10162572962528711,1.0,58.20292184636487,0,1,3,0,Weekend,1,1,0.4226020521380647
CHG003829,Medium,Standard,Production,-1.125223510379835,0.010312700382345986,36.276959243968705,75.44403251537359,0,0,1,0,BusinessHours,0,0,0.029243904670709923
CHG003830,Medium,Normal,QA,-0.9674900773752345,0.10943023853258294,8.198967653596927,64.66054180581335,0,0,2,0,BusinessHours,0,0,0.09781437469612468
CHG003831,Medium,Normal,Staging,2.14344682477698,0.17278726898692104,18.098042750358545,44.334344811910405,0,1,4,0,BusinessHours,0,1,0.281155607559018
CHG003832,Critical,Normal,Staging,-0.1778257252886896,0.0895115826146136,21.331001000242246,61.068786782244985,0,0,3,0,OffHours,1,0,0.5027531950738745
CHG003833,High,Standard,Production,-0.7747719955783602,0.01,27.106684210153148,98.0290035593967,1,0,3,1,BusinessHours,0,0,0.01419003388062297
CHG003834,Medium,Standard,Production,1.4310991655892973,0.16622065335333502,13.755073617739608,54.89229828886056,0,0,2,0,OffHours,1,0,0.5487983384212308
CHG003835,High,Normal,Staging,0.2818085486835521,0.13198477014625368,1.0,35.647233057045995,0,0,3,0,BusinessHours,0,1,0.6288560447235275
CHG003836,High,Normal,Staging,0.5781549168645216,0.07393430959763427,24.82060944790056,41.411940311981255,0,0,5,0,OffHours,1,0,0.33489543966882657
CHG003837,Medium,Standard,Production,-0.1380470752815336,0.0855372514363573,11.017899696744951,68.51915093556057,0,1,2,0,BusinessHours,0,0,0.11702046992162259
CHG003838,Medium,Standard,Production,-0.31867309057680415,0.0857165485461932,10.315473451155981,71.03138763113544,0,1,1,0,OffHours,1,0,0.2648129653148582
CHG003839,Medium,Normal,Production,-0.16958637249729036,0.07642298604311011,33.97270048774703,50.10960775606366,0,1,2,0,BusinessHours,0,0,0.04316133254569654
CHG003840,Medium,Standard,Dev,-1.3827381702986268,0.10585756203953753,4.535255472335611,59.603721458418214,0,0,1,0,BusinessHours,0,0,0.09363839313971332
CHG003841,Medium,Normal,Dev,-0.08792740941989748,0.08750638406603065,1.0,86.9283532789842,1,0,3,0,BusinessHours,0,1,0.11279550024446149
CHG003842,Medium,Normal,QA,0.29603307704261733,0.09476499293255952,15.577111239907005,55.381548315501206,0,1,3,0,OffHours,1,0,0.12733140069040252
CHG003843,Medium,Standard,Production,1.8504632338437539,0.12149185488642093,28.820039236140687,86.12214062806771,1,1,4,0,Weekend,1,0,0.15439507778194916
CHG003844,Medium,Normal,Dev,0.0859990650052155,0.04394555570353288,34.86866684006807,63.49707730135775,0,0,1,0,BusinessHours,0,0,0.047463464162808736
CHG003845,Medium,Normal,QA,-2.334177042210305,0.01,36.19021544603586,83.630061352646,1,0,1,0,Weekend,1,0,0.00288581994692235
CHG003846,Medium,Normal,Staging,-0.09398543278462142,0.09009985071930987,26.39666289084496,56.243541468153026,0,1,4,0,BusinessHours,0,0,0.0985945580579135
CHG003847,Low,Emergency,QA,2.739504133108306,0.2711938498975379,1.0,0.7425590431567617,0,1,2,0,Weekend,1,1,0.8549667033142871
CHG003848,Medium,Normal,Production,0.8663662349850397,0.1340063698195916,19.82963143090389,40.5093404929581,0,1,1,0,BusinessHours,0,0,0.3044380177170227
CHG003849,Medium,Standard,QA,-0.8108889438085887,0.01,26.17203721056679,79.12622038963208,0,0,2,0,BusinessHours,0,0,0.01224033721298562
CHG003850,High,Standard,Production,0.5911065144305567,0.040580918054734655,27.170574532448555,70.6460595956531,0,1,5,1,OffHours,1,0,0.11696074027551073
CHG003851,Medium,Normal,QA,-0.7420134248897403,0.01,26.086244655973548,65.57539489163955,0,0,2,0,BusinessHours,0,0,0.023199544250828423
CHG003852,Low,Standard,Staging,-1.3538075195468575,0.09424851964792055,3.7407388141465354,61.78931092699351,0,0,1,0,Weekend,1,0,0.057487875129192054
CHG003853,Low,Normal,Staging,-0.3483693632340722,0.09201755294848989,11.163242643830257,81.46270896773466,1,0,1,0,Weekend,1,0,0.08018610617257399
CHG003854,Medium,Standard,QA,0.09152643923886121,0.029775672236470166,38.28201063043822,89.46541212023762,1,0,1,0,BusinessHours,0,0,0.006897500030028314
CHG003855,Low,Standard,QA,-1.8721555024333958,0.05659589486611237,5.433728112830366,66.95602241771353,0,0,1,0,BusinessHours,0,0,0.02125033674362616
CHG003856,Medium,Standard,Production,-1.1491592905386359,0.07167424372060714,12.667201342832868,71.3168908836164,0,1,1,0,BusinessHours,0,0,0.04861364059553124
CHG003857,Medium,Normal,Staging,0.010335563182354726,0.06080065405468793,23.468861430295412,51.87809292028991,0,0,3,0,BusinessHours,0,0,0.04492700537803977
CHG003858,Critical,Normal,Dev,-0.40817317598895414,0.06915608193346523,17.98971755706833,68.48279348956056,0,1,3,0,OffHours,1,0,0.08361986915946865
CHG003859,Medium,Normal,Production,0.39481127114609077,0.15234903630473137,6.686574061414215,52.820312132957696,0,1,4,0,BusinessHours,0,1,0.35008493798567986
CHG003860,Low,Standard,Dev,-1.2146683273085614,0.01,22.71388746919068,80.92315618503514,1,1,1,0,BusinessHours,0,0,0.0009844060997171525
CHG003861,Medium,Emergency,Staging,0.7141137485533007,0.07666712823128946,28.468232183281657,52.908201857238794,0,1,2,0,BusinessHours,0,0,0.10292569093062753
CHG003862,High,Normal,Staging,-1.183759097060195,0.010286778251439616,13.4661182258594,70.25136335691283,0,0,1,0,Weekend,1,0,0.08724343444836091
CHG003863,Medium,Standard,Staging,1.64273430193763,0.1753281229747689,9.590650277310576,28.074029855328774,0,1,3,0,BusinessHours,0,0,0.3465036244532105
CHG003864,Critical,Normal,Dev,-1.7157582843783166,0.01,32.92354201933777,100.0,1,1,2,0,OffHours,1,0,0.004097522262926125
CHG003865,Medium,Emergency,QA,-1.0925542703834126,0.027884380897292782,22.526774301269118,74.97908179328489,0,0,2,0,OffHours,1,0,0.06401992094303895
CHG003866,Low,Standard,Dev,0.4173708030318292,0.027204032747512704,32.844469057049075,66.78878109818352,0,0,1,0,BusinessHours,0,0,0.018725449970502513
CHG003867,Low,Standard,QA,1.6642332514976381,0.1254568855010205,29.85953577188896,36.814757684300616,0,0,1,0,OffHours,1,0,0.15505952348703209
CHG003868,High,Normal,Staging,0.31504303611617074,0.09520741236906466,13.085072328851863,29.357989962975353,0,0,3,0,BusinessHours,0,1,0.32728791017682574
CHG003869,Critical,Standard,Staging,0.5628579201823911,0.14886789218153174,15.647829333716968,80.96299484047032,1,1,6,0,OffHours,1,0,0.18674181350937855
CHG003870,High,Normal,Dev,0.01753690167305848,0.058803984437169776,33.655680667131705,72.89997374907958,0,0,3,0,BusinessHours,0,1,0.05251176139667859
CHG003871,Medium,Normal,Dev,-1.0263984541151934,0.01,39.42615852362166,92.60459764814695,1,0,3,0,BusinessHours,0,0,0.003488315145889695
CHG003872,High,Standard,Staging,-0.4901383482393793,0.11322405064966898,6.517328549728454,44.397947395420424,0,0,2,0,Weekend,1,0,0.23150406276489263
CHG003873,Low,Standard,Staging,-1.2119097199812767,0.01,19.381493811890884,74.85528251644533,0,0,1,0,BusinessHours,0,0,0.02024536379746808
CHG003874,Medium,Normal,Production,-1.2787099677768716,0.01,20.369751065108677,71.30518230165933,0,1,1,0,BusinessHours,0,0,0.06631317115542365
CHG003875,Medium,Standard,QA,0.40174891931974643,0.12595096182474885,10.908425866367333,57.450283001675096,0,0,2,0,BusinessHours,0,0,0.16501094606098682
CHG003876,Critical,Standard,Dev,-1.1231779820879617,0.0435851531512125,12.100298951670075,76.89606809949167,0,0,2,0,OffHours,1,0,0.04082474699932757
CHG003877,Medium,Standard,QA,0.3195540067233614,0.13163591824180712,1.0,41.92919952034083,0,1,1,0,OffHours,1,0,0.12477474739778889
CHG003878,Medium,Normal,Staging,-1.3018227522210977,0.03159772551759716,15.935909075216324,60.957152021350815,0,0,1,0,BusinessHours,0,0,0.07734168864647435
CHG003879,Low,Standard,Staging,0.29638302011675466,0.07168480246394739,13.70120480168845,56.061059345132364,0,1,1,0,BusinessHours,0,0,0.06169774907371128
CHG003880,Medium,Standard,Dev,-0.4886825689629625,0.06213012877164453,14.527921185582462,44.35917132687782,0,0,2,0,OffHours,1,0,0.1060779806398881
CHG003881,Low,Normal,Dev,1.4066155336506445,0.14944507138483482,23.849080981921908,43.36981503622799,0,0,3,0,OffHours,1,0,0.22819922512997404
CHG003882,High,Standard,Staging,0.32371889557906497,0.09657693704755582,7.199737858900896,53.45162394848235,0,0,4,0,OffHours,1,0,0.25621556180552674
CHG003883,Low,Normal,QA,1.2357828929941415,0.10788718721201684,25.65445661732692,70.89598477728715,0,1,1,0,BusinessHours,0,0,0.02836143754827405
CHG003884,Medium,Standard,Staging,-0.7556467164251925,0.023302937104233704,19.81780438854289,92.5393789582347,1,0,1,0,BusinessHours,0,0,0.012913080086663406
CHG003885,Medium,Normal,QA,0.056143340244167284,0.032283239157896985,31.30762391472524,71.39521809944779,0,1,3,0,BusinessHours,0,0,0.01882547262196014
CHG003886,Medium,Standard,QA,-0.9810871581162783,0.03757612963812798,18.428594023112176,72.16151140558665,0,0,1,0,BusinessHours,0,0,0.02801611873004341
CHG003887,Medium,Standard,QA,-0.4136052427444181,0.05639315435070277,11.621479687624227,42.05894781492297,0,1,2,0,OffHours,1,0,0.0538306435116685
CHG003888,Medium,Standard,Production,-0.2621042227446291,0.02556928375039024,23.358693307092665,83.42350684744487,1,0,2,0,Weekend,1,0,0.02580352910362299
CHG003889,Medium,Emergency,Dev,-0.7258582206871392,0.056347209303697784,2.5289951796724583,45.848157212804345,0,0,1,0,OffHours,1,0,0.15277731963798377
CHG003890,Medium,Normal,Dev,-1.215502858845695,0.02006802302508167,19.1894596178322,69.77716045711635,0,0,1,0,BusinessHours,0,0,0.033223476203845075
CHG003891,Critical,Standard,Production,-1.4135173236526528,0.01,20.115271600373283,87.0590490753381,1,0,2,1,OffHours,1,0,0.03578817678949822
CHG003892,Medium,Standard,Dev,-2.339748115707397,0.04959558508668631,1.0,81.26610647991397,1,0,1,0,BusinessHours,0,0,0.005799026472084021
CHG003893,Medium,Standard,QA,-1.0563464635034578,0.016530275882231757,28.815063981744466,60.98486213480194,0,0,1,0,BusinessHours,0,0,0.01955818706394787
CHG003894,High,Standard,QA,0.6274938966718445,0.10973073163303723,32.39268170505958,73.6868798499404,0,1,4,0,BusinessHours,0,0,0.08744063522788145
CHG003895,Medium,Standard,Staging,-1.598498532013283,0.01,29.68230985045471,86.20677405329702,1,0,1,0,OffHours,1,0,0.007711760559809078
CHG003896,High,Normal,QA,-1.368122846253305,0.02070239942306873,28.462556681172952,97.38143904444368,1,0,1,0,OffHours,1,0,0.009897478469874274
CHG003897,Critical,Standard,Production,1.790898571232915,0.1013536959569333,31.784406308438108,77.31222593251167,0,1,7,1,Weekend,1,1,0.24637702072960685
CHG003898,High,Normal,Production,-0.636496049848254,0.030403702783301102,7.55087407595027,88.59258485107418,1,0,4,1,BusinessHours,0,0,0.06130679882573502
CHG003899,Medium,Standard,Staging,0.3210460091648358,0.13397580743608264,17.54190048631812,39.29990563492787,0,0,1,0,BusinessHours,0,0,0.19096797359957626
CHG003900,High,Normal,QA,0.6423171465004947,0.04499709831083327,43.07929215488634,79.4587829103899,0,1,5,0,BusinessHours,0,0,0.04222065412782043
CHG003901,Medium,Standard,Production,0.6625261297812802,0.1429745859985016,16.970430973791057,30.08411976892314,0,0,3,0,Weekend,1,0,0.5013218954252887
CHG003902,Medium,Standard,Production,-1.5223142306080597,0.07675709129673164,6.3997963155318836,82.81032854733951,1,1,1,0,BusinessHours,0,0,0.013605475689450109
CHG003903,Critical,Normal,Production,-0.23105967989949022,0.05996638348991125,18.845421753659018,88.12962513891523,1,1,3,1,BusinessHours,0,0,0.09096698067784909
CHG003904,Medium,Standard,Dev,-1.6182272695183921,0.01,39.79267598572734,100.0,1,1,2,0,BusinessHours,0,0,0.001353925683688458
CHG003905,High,Normal,Staging,2.4463178589103234,0.15171830036290235,24.010958729949582,41.66112288089736,0,1,6,0,OffHours,1,1,0.597430366006374
CHG003906,Medium,Normal,Production,-1.5948752640156,0.01,32.36774813491568,91.2850916882749,1,1,1,0,BusinessHours,0,0,0.00751132028172328
CHG003907,Low,Emergency,Production,-1.0478402188698202,0.09786785954940197,1.0,42.78515863124811,0,0,1,1,BusinessHours,0,0,0.24336097631992967
CHG003908,Medium,Normal,QA,-1.0406008548415047,0.07505971810219121,17.361452386179945,69.99323100008378,0,0,1,0,OffHours,1,0,0.08006587040066793
CHG003909,High,Standard,Production,-1.4966604767228804,0.09571708155469776,1.0,62.749146553579244,0,0,1,1,OffHours,1,0,0.1942913918537657
CHG003910,Medium,Standard,Staging,1.3525939097565454,0.12441738749449982,26.21708856229667,35.66201245627469,0,0,5,0,OffHours,1,0,0.17652522555660208
CHG003911,High,Normal,Production,2.422447901083496,0.22109233161816635,5.882711001669087,25.07572926884658,0,1,7,1,BusinessHours,0,1,0.8482862440339618
CHG003912,Medium,Standard,Staging,-0.4757491193126174,0.11349598507090249,21.495218949052273,87.11157442896564,1,1,1,0,BusinessHours,0,0,0.03752657644641386
CHG003913,High,Normal,Production,-1.32042314684441,0.03397802904995841,26.85535019080544,78.12126189295877,0,1,1,1,BusinessHours,0,0,0.025421624836537652
CHG003914,Medium,Standard,QA,-2.236925498726021,0.01,17.734563226853272,92.2509038292495,1,0,1,0,Weekend,1,0,0.0024950197165045716
CHG003915,High,Normal,Dev,-0.24410871852210148,0.07905664142113375,18.72047800607317,65.73604508127934,0,0,3,0,BusinessHours,0,0,0.1596393907709878
CHG003916,Medium,Standard,QA,-0.31636542316144384,0.06447718483654362,26.402234970667266,66.59584302260144,0,0,1,0,BusinessHours,0,0,0.028474011856729046
CHG003917,Medium,Standard,Production,-0.6512961263601446,0.027300420030992086,21.932503824448112,74.40817257988108,0,1,4,0,BusinessHours,0,0,0.030342516564062866
CHG003918,High,Emergency,Dev,0.2213752539762284,0.12559760693904434,12.762789207289053,46.836894320362035,0,1,3,0,BusinessHours,0,0,0.20921588017705234
CHG003919,Low,Normal,Staging,0.3951731428154863,0.0950115425111634,14.544936518705354,26.78027991050746,0,1,3,0,BusinessHours,0,1,0.2587921611802069
CHG003920,Medium,Standard,Production,0.32308325793790066,0.07666464252720569,19.71219420379646,75.80430420753936,0,0,2,0,OffHours,1,0,0.11801407635226792
CHG003921,High,Standard,Production,-0.3161248719684872,0.04084297602618174,27.781984120086054,91.17510443377654,1,0,2,1,Weekend,1,0,0.0376213630803966
CHG003922,High,Normal,Staging,-1.101621829574262,0.01,21.922809585972203,66.10100880652487,0,0,2,0,BusinessHours,0,0,0.044979702806235186
CHG003923,High,Standard,Production,0.6658330978067158,0.10337525119320087,19.827024841369592,56.90361163442452,0,1,2,1,OffHours,1,1,0.15150091921756373
CHG003924,High,Normal,Dev,0.012513759421530454,0.09304603566555134,15.432751095786278,74.71984148186979,0,1,3,0,BusinessHours,0,0,0.171904051991309
CHG003925,Critical,Normal,Staging,0.8883575248346502,0.1378627401226568,27.96859186253181,53.46868369911046,0,1,4,0,BusinessHours,0,0,0.21552997985876507
CHG003926,Medium,Standard,Staging,0.7900755494722314,0.08460234561931759,20.14605715965508,63.32233313953771,0,0,3,0,BusinessHours,0,0,0.1287814443617125
CHG003927,Medium,Standard,Production,-1.4217620690471156,0.01858628010277375,15.98858119460841,100.0,1,1,1,0,BusinessHours,0,0,0.013343544445312293
CHG003928,High,Standard,QA,-1.4342222074576032,0.01055651406490989,18.09567916784904,81.99856492662573,1,0,2,0,BusinessHours,0,0,0.020861063554836027
CHG003929,High,Standard,Dev,-0.7555407187405284,0.07445604893061696,10.520234048570977,67.03842938373103,0,0,1,0,OffHours,1,0,0.11115259302585836
CHG003930,Low,Normal,Staging,-1.056265408290668,0.031374952424036984,19.527263925361368,90.252554995894,1,0,1,0,OffHours,1,0,0.011896241737287452
CHG003931,Medium,Standard,Staging,0.7552517759761007,0.16327365115526823,11.500947097523973,58.352145115976924,0,1,1,0,Weekend,1,1,0.2774768661316256
CHG003932,Medium,Emergency,Production,0.35130967598791774,0.153303850927189,19.70261274106558,37.28796611099976,0,1,3,1,BusinessHours,0,1,0.294098323514055
CHG003933,High,Normal,Staging,1.0991839937853107,0.11728518538305849,20.390981566928065,33.06780039465363,0,1,4,0,OffHours,1,0,0.35774376666308316
CHG003934,Medium,Standard,Production,0.3964868174109183,0.06062137649980581,34.18086886389088,80.25132335806579,1,1,1,0,OffHours,1,0,0.019449702578561524
CHG003935,High,Normal,Staging,0.20864958187336902,0.05064683408597292,22.391624007343292,79.63705604018725,0,1,5,0,BusinessHours,0,0,0.06807669550423466
CHG003936,High,Standard,Production,1.1997297803441704,0.181775897731315,11.259144928488169,40.34616014469329,0,1,5,1,OffHours,1,1,0.6886487842235632
CHG003937,Medium,Standard,Production,0.4697273397350485,0.08042230278508182,33.217748647286825,90.44396230213856,1,0,2,0,OffHours,1,0,0.031037300077308323
CHG003938,Medium,Normal,QA,0.0681009634377188,0.01,34.5960942400336,91.23796506865754,1,1,2,0,BusinessHours,0,0,0.01815124137383841
CHG003939,Medium,Standard,QA,1.4804530339306854,0.21425854240795328,15.777388445074873,54.23253181529998,0,0,3,0,OffHours,1,1,0.4458725851778716
CHG003940,Low,Standard,Production,0.11518088315279006,0.15734610348163963,7.758368670446713,43.08488769617576,0,0,1,0,BusinessHours,0,0,0.3729927520955736
CHG003941,Medium,Standard,QA,-0.30434060491792164,0.03786047432964883,13.84861776799233,41.83805916206262,0,0,3,0,BusinessHours,0,0,0.0405442771586062
CHG003942,Medium,Standard,Staging,-0.8378232587776496,0.01,22.53451060495408,77.46730028079139,0,0,1,0,Weekend,1,0,0.024461729154169554
CHG003943,High,Normal,Dev,0.7030254590454112,0.062429263909131553,33.47086601126118,48.48033347583937,0,0,3,0,BusinessHours,0,1,0.13357419588671998
CHG003944,Medium,Emergency,Production,1.2370505418424689,0.14174531865558337,8.420791040688929,10.722699372834143,0,1,5,1,Weekend,1,1,0.415482537658333
CHG003945,Low,Normal,QA,-0.05058740143343007,0.01,28.537311935066825,85.43445584867153,1,0,1,0,OffHours,1,0,0.007256525968346053
CHG003946,Medium,Emergency,Staging,1.3079156237798386,0.20109057806174901,8.277019588855138,43.00883528987427,0,1,2,0,BusinessHours,0,1,0.6756037845733789
CHG003947,High,Normal,Staging,-1.970015031971576,0.01,12.010282113820299,54.776609619426736,0,0,3,0,BusinessHours,0,0,0.04490440613070472
CHG003948,Medium,Standard,QA,-0.0554533748079148,0.10332098412785953,16.606978980264124,59.444605500272715,0,1,1,0,OffHours,1,0,0.08658986648412004
CHG003949,Medium,Normal,Staging,-0.04009491210443619,0.02245834555742642,21.061567551904616,73.17720380290787,0,1,1,0,BusinessHours,0,0,0.038527693635675944
CHG003950,Critical,Standard,Production,-0.726994372407347,0.057201742155943494,30.70161504005887,76.39521658166339,0,0,3,1,BusinessHours,0,1,0.03186382414580381
CHG003951,Low,Standard,Staging,2.383861037981873,0.15700031343091975,33.547877024781926,36.06652206009495,0,1,4,0,BusinessHours,0,0,0.17255191359365493
CHG003952,Medium,Emergency,Production,-0.06619263268876116,0.12180468502338111,15.261065938261046,62.048134196964554,0,0,1,1,Weekend,1,1,0.4960119107744245
CHG003953,Medium,Normal,Production,-0.4077307716044333,0.050274666512450376,32.12591321132428,58.08950216819964,0,0,1,0,BusinessHours,0,0,0.0858653555144009
CHG003954,High,Emergency,Staging,0.02596211343350502,0.029336978763258338,23.68047590409006,34.96522180078132,0,1,3,0,BusinessHours,0,0,0.1112448143943091
CHG003955,High,Standard,Staging,-2.0028137385258296,0.04008531988758051,12.18764751230194,52.83049736476069,0,1,1,0,OffHours,1,0,0.033822583937424294
CHG003956,Low,Normal,Production,-0.7598679253449151,0.14727611326456566,5.614295605759715,62.38595380662147,0,0,1,0,OffHours,1,0,0.2530740665149511
CHG003957,High,Standard,Staging,0.9832399694454041,0.08178726626428692,26.10918282008974,61.19355963344077,0,1,3,0,BusinessHours,0,1,0.0993591190242438
CHG003958,High,Standard,QA,-0.6289453549327747,0.05898864848556031,20.46771318980543,59.52790581816987,0,0,1,0,BusinessHours,0,0,0.07010385780802854
CHG003959,High,Normal,Production,-0.8288751628002715,0.0760704666180583,14.146910829639282,68.96651740849255,0,1,2,1,BusinessHours,0,0,0.17780472710842501
CHG003960,High,Standard,Production,1.3095256365144003,0.16791634457442606,11.69603511445286,57.058127893250784,0,1,4,1,BusinessHours,0,0,0.2750448967960304
CHG003961,High,Normal,Staging,1.340254400951829,0.11779625760669302,17.610242640764476,29.138393655457683,0,1,4,0,BusinessHours,0,0,0.23537803304713498
CHG003962,Low,Normal,Dev,0.5169904721611418,0.07812844666172092,18.619128077670673,66.49492795100309,0,0,3,0,OffHours,1,0,0.17621775758132244
CHG003963,Medium,Normal,Staging,-0.4551173340386673,0.15993119368326558,1.4753201508199218,71.95183146597034,0,0,1,0,BusinessHours,0,1,0.35033387571324975
CHG003964,Critical,Standard,Production,-0.23947106511632352,0.01,28.904308130705225,78.63648558876677,0,1,3,1,OffHours,1,0,0.04890474605579075
CHG003965,Medium,Standard,QA,-0.804149961574959,0.015759857878114986,25.930808393263767,75.6437477966167,0,1,1,0,BusinessHours,0,0,0.014075602904979962
CHG003966,Medium,Emergency,Production,-0.9947731190286448,0.03343451272375984,22.276925534318966,83.3370402608426,1,1,1,1,BusinessHours,0,1,0.03997350627483565
CHG003967,High,Normal,Staging,-1.0444164883084324,0.03304415853272975,22.504997658485042,62.771842946410864,0,1,1,0,Weekend,1,0,0.10271398136207688
CHG003968,High,Normal,QA,-0.6180544067852075,0.023296552954863495,24.481300027478262,70.47291959602235,0,1,2,0,OffHours,1,0,0.04961139365637671
CHG003969,High,Standard,Staging,-1.034720990684745,0.061699959026438676,11.864433782425467,69.3421776553799,0,0,2,0,OffHours,1,0,0.0886244244570861
CHG003970,High,Standard,QA,-1.563705118543149,0.02745216720484837,33.018803634374656,80.3496598808119,1,0,1,0,OffHours,1,0,0.01716576309621579
CHG003971,Low,Emergency,Production,0.21940266975390574,0.09065835545130213,6.657385642790406,40.662239906916625,0,1,1,1,OffHours,1,0,0.39075683258282506
CHG003972,High,Normal,Dev,0.23459558089343707,0.1167160013921813,20.64109694015416,63.70018588817972,0,0,4,0,BusinessHours,0,0,0.2040198456725806
CHG003973,Critical,Normal,Production,1.7007927584283167,0.20485681666689795,7.7064882217763735,62.041010563662276,0,1,6,1,OffHours,1,1,0.8110156997642546
CHG003974,Low,Standard,QA,-0.6683383683547026,0.09699016959577642,4.618221459746799,72.21201081701184,0,0,1,0,BusinessHours,0,0,0.03966012171663026
CHG003975,Low,Standard,Production,0.29610058962327057,0.04499575472779017,39.090186232913055,73.25463991857073,0,0,3,0,Weekend,1,0,0.04925975062378014
CHG003976,High,Normal,Production,0.31271257927480167,0.09626451017892616,18.947779990364094,52.54559896442857,0,1,3,1,BusinessHours,0,1,0.15199274165082213
CHG003977,Medium,Normal,QA,-0.2538375611255331,0.09209255159847977,25.133361731809014,59.71049493302648,0,1,1,0,OffHours,1,0,0.07910997695034634
CHG003978,Low,Standard,Production,0.7443335887496761,0.13519904469283983,2.6783161622384517,56.36827726861161,0,0,2,0,BusinessHours,0,0,0.43136780078720294
CHG003979,Medium,Standard,Staging,0.7752291868507144,0.14346501402636427,21.457171754490087,35.49928736182681,0,1,2,0,BusinessHours,0,1,0.11796213844443924
CHG003980,Medium,Normal,Staging,0.32741109519753997,0.06433664118124813,18.703513609527405,94.44747303722787,1,0,3,0,BusinessHours,0,0,0.03085144956633305
CHG003981,Medium,Standard,Production,-0.25563970504779554,0.08046527426278388,27.372653691769496,68.02265529304924,0,0,3,0,BusinessHours,0,0,0.1094752474956227
CHG003982,High,Standard,Production,-0.35753010855453504,0.11804768339763384,7.238788277457582,36.239454615158465,0,1,3,1,OffHours,1,1,0.31502046721070154
CHG003983,Medium,Normal,Staging,-1.3677538987970592,0.033213105781310426,12.683915758982,79.57570730993685,0,0,2,0,OffHours,1,0,0.03680872718257632
CHG003984,High,Standard,Production,-0.8059177786176916,0.01,20.34818079986303,64.40478189715456,0,0,3,1,BusinessHours,0,0,0.07608466486284336
CHG003985,Low,Normal,QA,-0.6220075239016879,0.01,35.374239197642474,73.93455063735563,0,1,1,0,BusinessHours,0,0,0.008716586947904437
CHG003986,Medium,Standard,QA,-1.123971762429434,0.052436806262901384,22.944789171096385,51.27589474138223,0,0,1,0,OffHours,1,0,0.03111790798305133
CHG003987,Medium,Normal,Dev,0.43992396668766426,0.1935696207967342,5.640931832114621,42.92289362939907,0,1,3,0,BusinessHours,0,1,0.2917880192882361
CHG003988,High,Normal,QA,1.19662786898701,0.16849392573704014,10.043043545266592,22.977928300929623,0,1,3,0,OffHours,1,1,0.3671163686938191
CHG003989,Critical,Normal,Staging,-0.9080624323291501,0.0871717431273224,6.381782456045686,57.38665108712639,0,1,3,0,OffHours,1,0,0.16626182978237986
CHG003990,Medium,Normal,QA,0.28344143574463715,0.08644026736656672,28.726943418729814,57.96174826284734,0,1,3,0,OffHours,1,0,0.04832779944401236
CHG003991,Critical,Normal,Staging,-1.0341111395297102,0.11219812375852195,1.0,48.227912639227256,0,0,1,0,Weekend,1,1,0.37127405317092
CHG003992,Low,Standard,Dev,-0.30492217093916213,0.09346878417733107,14.49534253647862,55.13049013464064,0,0,3,0,BusinessHours,0,0,0.025755962377090835
CHG003993,Medium,Standard,QA,-0.6903295791777758,0.01,30.285579026194966,80.91077455371469,1,0,2,0,BusinessHours,0,0,0.00656737037490505
CHG003994,High,Standard,Production,0.6018956486064415,0.09757915364017027,24.466485304486,70.89138511085228,0,1,5,1,OffHours,1,1,0.2700455440881806
CHG003995,Medium,Normal,Dev,-0.6787881738421783,0.02216197843114417,36.20275991486744,81.03186870863894,1,1,2,0,OffHours,1,0,0.012680354676564344
CHG003996,Critical,Standard,Production,1.0116604137066467,0.15880981236345101,12.000009997475376,61.00527219639204,0,1,4,1,OffHours,1,1,0.6241521512601189
CHG003997,Low,Standard,Production,-0.24572077366219902,0.11690984354840872,7.231841024617416,49.76949171051951,0,0,1,0,Weekend,1,1,0.30952768780885065
CHG003998,High,Normal,Staging,-0.6496037095948308,0.01,27.001969118882798,84.15410514686708,1,0,2,0,BusinessHours,0,0,0.015651589240952057
CHG003999,Low,Normal,Production,-1.253305262345163,0.012678028903301315,24.147775994220456,80.10432473160105,1,0,1,0,Weekend,1,0,0.03188614382819805
CHG004000,Low,Standard,Production,0.2532045102953498,0.0842179153521922,29.153409140403305,77.51710503014365,0,0,2,0,OffHours,1,0,0.10697308703227244
CHG004001,Medium,Standard,Dev,0.8952184022261802,0.15245864269016363,16.07246897409146,41.245841230288356,0,1,5,0,OffHours,1,0,0.15324579485164427
CHG004002,Critical,Normal,Staging,0.2733212565368742,0.06591211260210135,21.84490909435253,72.98488952085555,0,1,4,0,BusinessHours,0,0,0.20234996727931204
CHG004003,Medium,Emergency,QA,2.238831666414424,0.21228052191504276,8.38743152536135,18.780063706445752,0,1,4,0,BusinessHours,0,0,0.6893097851219651
CHG004004,Medium,Normal,QA,1.4297874524704182,0.09171178225177369,31.220825060584957,55.030750299709304,0,1,3,0,Weekend,1,1,0.14001891959010968
CHG004005,Low,Standard,Staging,-0.3075277647170156,0.01,47.595528673483706,82.25116270200128,1,1,1,0,OffHours,1,0,0.0017215453835191916
CHG004006,Low,Normal,Production,-0.31802743380706927,0.03945472623772409,25.03307295792638,76.36988861834504,0,0,2,0,BusinessHours,0,0,0.09310634888464453
CHG004007,Low,Standard,Production,0.4696967194853532,0.13884616840996739,14.403265036566664,43.75370985622544,0,0,1,0,BusinessHours,0,0,0.21254345086860668
CHG004008,High,Standard,Production,-0.8380191804256851,0.14161129690819343,1.0,42.59669885267514,0,0,2,1,BusinessHours,0,0,0.31832000269849064
CHG004009,Low,Standard,Production,1.1662883065324867,0.1561976802518946,19.47142011668067,36.137682282858144,0,1,3,0,BusinessHours,0,1,0.39500424277138724
CHG004010,Medium,Standard,Staging,0.3616005218435837,0.058318149340958386,27.984237736345978,73.57254746256342,0,0,2,0,BusinessHours,0,0,0.05146060935204321
CHG004011,Medium,Normal,Dev,0.2564589108585328,0.15005954288338985,6.8496783925274585,44.50900512939795,0,0,3,0,Weekend,1,1,0.18549821419137877
CHG004012,Medium,Normal,Dev,0.6869536677708163,0.09963961891860015,17.85380810555004,60.07618699349037,0,1,3,0,BusinessHours,0,0,0.09526579862853575
CHG004013,Medium,Normal,Staging,1.722829883369059,0.11187432891022514,24.232969578259304,51.51065721384485,0,1,5,0,BusinessHours,0,0,0.1817208515230919
CHG004014,Low,Normal,Production,0.17095535218750518,0.05707070914253257,36.974798197141915,81.90325436076864,1,0,1,0,OffHours,1,0,0.01780749173532919
CHG004015,Medium,Standard,Dev,-0.11304037087138435,0.05532242329288115,23.688865191746487,65.26251365696432,0,0,1,0,OffHours,1,0,0.07635072268008097
CHG004016,High,Normal,QA,1.5087196233225784,0.13693853217304186,10.691183694121428,71.12318886456536,0,1,4,0,OffHours,1,1,0.46863226522493895
CHG004017,Low,Normal,QA,0.9675504159911353,0.09626008109123424,16.79514792803425,59.21469995491263,0,0,1,0,BusinessHours,0,0,0.1724560683735595
CHG004018,High,Normal,Staging,-0.3209798403837223,0.10093962677964384,10.601838570141288,48.553700517210885,0,0,5,0,BusinessHours,0,0,0.20656434943070726
CHG004019,Low,Standard,QA,0.005186448659020086,0.08357343886950441,19.33208310057384,58.38856586416986,0,1,3,0,BusinessHours,0,0,0.062000166240295966
CHG004020,High,Normal,QA,0.19538091593879858,0.06976676501500087,25.436739339396198,66.57379462386325,0,0,1,0,OffHours,1,1,0.15026250926515036
CHG004021,Critical,Normal,Dev,0.36181294460498287,0.07394728747476624,19.62487116515152,52.49844830379048,0,1,3,0,Weekend,1,0,0.09836104190274038
CHG004022,Low,Standard,QA,-1.356599850939114,0.01,38.13483961493101,100.0,1,0,1,0,OffHours,1,0,0.0021199642594537773
CHG004023,Medium,Normal,Staging,-1.5424846078015602,0.01,17.879484084358296,76.69256508737892,0,0,1,0,OffHours,1,0,0.04249228296361427
CHG004024,Medium,Standard,Production,-0.8873900220024538,0.01,25.496400484381045,72.42111548690904,0,1,1,0,Weekend,1,0,0.022399054667513043
CHG004025,High,Standard,QA,-0.9647384430113423,0.04461317036759009,4.929616259868968,67.39740471975786,0,0,2,0,BusinessHours,0,0,0.07656636171118752
CHG004026,Medium,Normal,Staging,-0.6438240139725026,0.05236551343188843,24.92870655440993,62.952204784059205,0,0,1,0,BusinessHours,0,0,0.05886690322566478
CHG004027,Medium,Normal,Staging,0.6347106420900043,0.14239516861157558,14.924620940171112,66.45760717430693,0,0,3,0,BusinessHours,0,1,0.295912955507789
CHG004028,Low,Normal,Staging,-0.16892915632473834,0.08635032699714579,18.24178860770294,78.30383556360555,0,1,1,0,Weekend,1,0,0.045062722466960636
CHG004029,Low,Normal,QA,0.19639460501018827,0.04198087992471717,27.6141623638691,69.81593965867252,0,1,4,0,BusinessHours,0,0,0.03628180863265017
CHG004030,Medium,Emergency,Dev,-1.2243034100422616,0.024907555396441333,25.68452724676878,72.24214484159815,0,0,2,0,OffHours,1,0,0.053050821854218715
CHG004031,Medium,Standard,Production,-0.46164220292094515,0.03786052839170813,34.106188584511116,79.54837016271105,0,0,4,0,BusinessHours,0,0,0.018054240201753963
CHG004032,High,Standard,Production,0.5872576617448404,0.054604581096760314,29.79223448788078,52.26516184060464,0,1,4,1,OffHours,1,0,0.06907261348532288
CHG004033,High,Normal,QA,0.5949524581768018,0.057212565683454404,31.986068542005096,64.5738052162131,0,0,5,0,BusinessHours,0,0,0.11612700869872056
CHG004034,Medium,Standard,Staging,-0.7245738281879079,0.027668266691841924,26.082447122024888,70.12841344632847,0,1,2,0,BusinessHours,0,0,0.020707447849392192
CHG004035,Medium,Normal,Dev,0.1616623863795536,0.04416468639425925,27.246698643125086,51.611796666129656,0,0,1,0,BusinessHours,0,0,0.029959825621785712
CHG004036,High,Emergency,Dev,2.198847853482332,0.22132765748342398,6.300302163598609,14.656201210616256,0,1,5,0,BusinessHours,0,0,0.7557691609204558
CHG004037,High,Standard,Dev,-0.017597929255638137,0.025898964842619637,28.592367940840695,59.96826599824807,0,0,3,0,BusinessHours,0,0,0.0318598009673817
CHG004038,High,Standard,Production,-0.6931869461424454,0.07030914572727076,11.217957350574114,50.96124180697248,0,1,4,1,BusinessHours,0,0,0.13243279173346148
CHG004039,Critical,Standard,QA,-0.17376238936216024,0.08405047683415452,14.846114317937676,78.43944037541954,0,1,4,0,BusinessHours,0,0,0.09286613378428873
CHG004040,Medium,Normal,Dev,0.09217710752683304,0.05224357810380675,32.321173021690996,74.33559670478533,0,1,3,0,BusinessHours,0,0,0.03699856114933065
CHG004041,High,Normal,Dev,-0.1511683806905494,0.012261398280555509,28.82323924068114,86.42155827184013,1,1,3,0,Weekend,1,0,0.013931060547588452
CHG004042,Medium,Emergency,Dev,-0.03135470067650179,0.14951214129606832,2.180975245206591,53.29086138097544,0,1,2,0,BusinessHours,0,0,0.1608808288016675
CHG004043,Low,Normal,QA,-1.4434467969368396,0.02949998216834444,16.355296862209237,85.95588811134103,1,0,1,0,BusinessHours,0,0,0.007754587084010332
CHG004044,Medium,Emergency,Staging,-0.9626304750859512,0.031563955363989524,29.519012002937018,63.70690819939851,0,0,1,0,BusinessHours,0,0,0.08120546052372507
CHG004045,Medium,Standard,Staging,-0.14933523707149754,0.07323583858235908,17.67349294568264,83.07818162977712,1,1,1,0,BusinessHours,0,0,0.029336618806695674
CHG004046,Medium,Standard,Staging,-0.1652679700224367,0.04615811935519441,24.641821619608457,57.523666605457734,0,0,1,0,OffHours,1,0,0.047576879654133965
CHG004047,Low,Standard,Staging,-0.5661892748600006,0.01,45.961801413469814,92.76813960592472,1,0,1,0,Weekend,1,0,0.0026823993793576436
CHG004048,High,Normal,Production,-0.17701358607643694,0.05103599922799817,26.275290186448238,57.05271879833131,0,0,3,1,BusinessHours,0,0,0.21547652962342095
CHG004049,Medium,Standard,QA,0.06101485541420536,0.1272835579490678,12.571552089667671,74.26592483576485,0,0,3,0,OffHours,1,0,0.1340898318859792
CHG004050,Medium,Standard,QA,0.8894134565245253,0.1664281057649473,2.049884728925157,53.84665342363476,0,0,3,0,OffHours,1,1,0.26484815818442203
CHG004051,Low,Standard,Production,-0.09921173522605088,0.08197117578604178,14.039083999144214,77.75725800923549,0,1,2,0,OffHours,1,0,0.10772686805602749
CHG004052,Medium,Standard,Staging,0.3991032052982532,0.11084693232286522,12.154545537447024,38.38381930105268,0,1,4,0,Weekend,1,0,0.1984728079630383
CHG004053,Low,Normal,Staging,-0.541600301433921,0.06600802490325813,26.418521227846878,65.37639155949199,0,0,1,0,BusinessHours,0,0,0.04564940227838259
CHG004054,Medium,Normal,QA,0.5720957235984819,0.08608233611558537,20.702700036670798,42.17998820878234,0,0,4,0,BusinessHours,0,0,0.0980689513514957
CHG004055,Medium,Standard,Dev,0.3757302976123567,0.08406923303316277,14.813584744569964,63.087305146590666,0,0,2,0,BusinessHours,0,0,0.1086850322777298
CHG004056,High,Normal,Dev,0.8658170031798195,0.0755053201795709,36.104268349466345,66.8305193963473,0,1,3,0,BusinessHours,0,0,0.03940484166397012
CHG004057,Medium,Standard,Production,0.7134604624444878,0.11607526910671206,10.229304984582281,63.2112274147196,0,1,2,0,BusinessHours,0,0,0.16893683279061963
CHG004058,Medium,Standard,Staging,0.5887356228811461,0.12450237246885656,18.585817734934942,59.833953917826236,0,0,2,0,Weekend,1,1,0.18111834925213657
CHG004059,High,Standard,Dev,-0.09841740865778026,0.01,27.449360243663445,44.69925335413814,0,0,3,0,BusinessHours,0,0,0.03598724089974949
CHG004060,Medium,Normal,Dev,0.24493922704446816,0.05566267204386855,21.203956450486487,49.36033241318523,0,0,4,0,Weekend,1,0,0.08415161239274893
CHG004061,High,Normal,QA,1.0635089284515264,0.10741243350648602,31.752890027254686,66.42393142855897,0,0,4,0,BusinessHours,0,0,0.15542412039359524
CHG004062,Low,Normal,QA,-0.6520745694027944,0.041164737456016065,17.976436133402494,78.80473579818786,0,1,1,0,OffHours,1,0,0.02459622833860532
CHG004063,Medium,Normal,Staging,-0.6284077786968656,0.035299013581287786,23.055847230455953,50.78823034079357,0,0,2,0,BusinessHours,0,0,0.03312812818084871
CHG004064,Low,Standard,QA,0.18143139795036198,0.08917188634450723,11.36515471138077,57.89105739795682,0,0,1,0,BusinessHours,0,0,0.06458025163414144
CHG004065,Medium,Normal,Production,0.41527969026545347,0.07602283333635704,34.171747386491404,55.89551499702607,0,0,3,0,OffHours,1,0,0.1210148695314278
CHG004066,Critical,Normal,Production,-0.8241064992640045,0.019968910864559982,18.661936732327014,64.60338647651376,0,0,4,1,BusinessHours,0,0,0.14244187588355092
CHG004067,Medium,Standard,Production,-0.07476256341330836,0.03648957852223519,29.78335329112567,68.32814932538201,0,1,3,0,Weekend,1,0,0.030721815817747425
CHG004068,Medium,Standard,Production,-0.09399877422878479,0.16707872688083858,6.520258912600507,55.55516695031856,0,1,3,0,BusinessHours,0,0,0.1330927009754495
CHG004069,Medium,Standard,Production,-2.2152801156034707,0.04469608157901271,18.578421582913876,67.8934160724694,0,1,1,0,BusinessHours,0,0,0.026258215943716908
CHG004070,Critical,Standard,Production,-0.21959398925875973,0.062361878251236055,36.32483804440332,48.685014520836646,0,1,3,1,OffHours,1,0,0.06653757305567298
CHG004071,Medium,Standard,QA,-0.1573178328484663,0.16934060390060326,1.0,49.08658603494689,0,0,2,0,BusinessHours,0,0,0.311600437059216
CHG004072,Medium,Standard,QA,-0.16029294282301915,0.04064497983402626,26.632848076442762,65.51802352062562,0,1,2,0,OffHours,1,0,0.05086324111676308
CHG004073,Critical,Emergency,Dev,1.4159142745772682,0.09541785650732568,28.00568024723328,39.83188999857763,0,1,5,0,BusinessHours,0,0,0.2381823612174341
CHG004074,Medium,Normal,Staging,-1.2157982985088753,0.018007690719984933,14.884140965074053,66.9978289321998,0,0,1,0,OffHours,1,0,0.10401105315695845
CHG004075,Medium,Normal,Staging,-0.8246225712046127,0.03452908990755009,17.924827709866992,64.41139267372057,0,0,1,0,OffHours,1,0,0.1159990574172895
CHG004076,Low,Normal,Dev,-2.612195798319334,0.01,3.4795794358957295,78.90675881477985,0,0,1,0,Weekend,1,0,0.025653300598000313
CHG004077,Low,Emergency,Production,-0.4809166661741407,0.0758272552929793,15.588203968660991,52.22182481151137,0,0,1,1,BusinessHours,0,0,0.21531361841875626
CHG004078,High,Standard,Production,-0.39564355412600094,0.05445113894755674,18.31324393067704,66.70208004841899,0,1,2,1,BusinessHours,0,1,0.09280322955536915
CHG004079,Medium,Normal,Staging,-0.5099771763342562,0.07930274744885503,10.238442090062724,63.71664288532392,0,1,3,0,BusinessHours,0,0,0.04245672570508607
CHG004080,Critical,Normal,QA,1.10767733948376,0.14335684875035673,16.385615196500684,60.811163076761254,0,1,5,0,OffHours,1,0,0.3859583980146503
CHG004081,Low,Emergency,Dev,0.8606175223369632,0.09987026869750837,9.1896872953753,65.2348846560179,0,1,1,0,BusinessHours,0,0,0.13747655754820592
CHG004082,Medium,Normal,Staging,0.07785672426730414,0.12211913573098468,18.20299810774183,62.21380407485429,0,1,3,0,Weekend,1,0,0.15525625455356978
CHG004083,High,Standard,Dev,-0.37061305353986224,0.01,41.70394987347089,73.62447025985833,0,1,2,0,Weekend,1,0,0.019054851979847322
CHG004084,Medium,Normal,Staging,1.0261896681068639,0.1552196372930959,15.753568377814732,36.789091027992704,0,1,3,0,Weekend,1,0,0.19951825390067454
CHG004085,Medium,Standard,QA,-0.01975785983585163,0.023799654683232183,17.86231771241173,75.32329428885708,0,0,2,0,BusinessHours,0,0,0.07097479151383147
CHG004086,Medium,Standard,QA,-0.8182700389184578,0.061731023166082616,8.259248013247692,56.67804609371814,0,0,2,0,BusinessHours,0,0,0.03751978029010767
CHG004087,Medium,Normal,QA,-1.7162486774845516,0.01,17.235855765795428,100.0,1,0,1,0,BusinessHours,0,0,0.012225681988446195
CHG004088,High,Normal,Staging,-0.44131449389568267,0.10038944202425153,11.005117747710159,89.95000185863397,1,1,3,0,Weekend,1,0,0.09892713493084997
CHG004089,Medium,Standard,QA,0.7546436171726086,0.19352982123196863,7.14859795730847,45.406936140242074,0,0,1,0,OffHours,1,0,0.36597193457517313
CHG004090,Medium,Standard,Production,2.2765386895430897,0.2003321437300465,8.025559485250882,18.35868646284127,0,1,3,0,BusinessHours,0,1,0.5468812934368426
CHG004091,Medium,Normal,Dev,0.06161034618947592,0.054862532863405096,11.815037074053508,73.63840338741784,0,1,2,0,BusinessHours,0,0,0.06983459607767192
CHG004092,Medium,Standard,Production,-0.7653555151203043,0.026853287083915392,29.2295360510351,100.0,1,0,1,0,Weekend,1,0,0.013458710860526428
CHG004093,Low,Normal,Dev,-1.184965208284214,0.07908638915482037,2.2603501003734507,46.225761070358516,0,0,1,0,BusinessHours,0,0,0.0865788382689938
CHG004094,Critical,Normal,QA,0.5519548963055988,0.12156476324318488,12.448551037920634,79.51745004650859,0,0,5,0,OffHours,1,0,0.31592001895006494
CHG004095,Low,Normal,Production,-1.7646160523842684,0.032132988058371593,17.146954008706636,47.360660025795184,0,0,1,0,OffHours,1,0,0.11590772820066199
CHG004096,Low,Standard,Production,0.5503451014048882,0.09263778823894764,8.877739800034258,41.296886740256944,0,1,1,0,BusinessHours,0,1,0.10768975779105545
CHG004097,Medium,Emergency,Staging,0.8177116062629123,0.06468176340304164,20.267367637862655,59.69625722875864,0,0,3,0,BusinessHours,0,0,0.19322196779187042
CHG004098,Low,Emergency,Production,0.43627945323286405,0.12682631302678868,17.581569431625567,60.58209125678724,0,0,1,1,Weekend,1,1,0.3653875249741993
CHG004099,Low,Standard,QA,-0.21966167193855743,0.06810244724113455,17.693309235971714,65.62740159578316,0,0,2,0,BusinessHours,0,0,0.036651793324202965
CHG004100,Low,Normal,Production,0.5649406535468146,0.03797556937895282,29.0478238193615,76.0601071073737,0,1,2,0,OffHours,1,0,0.07438656621437441
CHG004101,Low,Normal,Dev,0.17093837112829996,0.07633689630194707,25.026463688785988,80.09075303199748,1,0,2,0,Weekend,1,0,0.05294348194275684
CHG004102,Medium,Standard,Production,-0.7781238418605918,0.0732673924134542,15.198810397722848,80.5465766054076,1,1,1,0,BusinessHours,0,0,0.02268410054065688
CHG004103,High,Normal,Production,1.8504123223750257,0.16072109028075582,16.403135725974636,43.84151068095693,0,1,6,1,BusinessHours,0,0,0.4407643922611993
CHG004104,Medium,Normal,Production,-0.3516793796105163,0.08112327049511558,10.421116140443573,51.659129440838875,0,1,1,0,OffHours,1,0,0.1441788135502138
CHG004105,Medium,Normal,Production,0.7757523004499094,0.09686420141911456,23.611645182670774,74.3802676335413,0,0,4,0,BusinessHours,0,0,0.15320428817471002
CHG004106,Medium,Emergency,Staging,-2.4186142826957147,0.01,24.95809969516318,83.40685993442308,1,0,1,0,BusinessHours,0,0,0.00524722756605475
CHG004107,Medium,Standard,Staging,1.276470882780929,0.15188656582967838,11.478990836736147,52.282912324989226,0,0,3,0,BusinessHours,0,1,0.3557359742891188
CHG004108,Medium,Emergency,QA,1.4687637446545818,0.15122052450582738,18.4853757574447,36.54173156400039,0,1,4,0,Weekend,1,0,0.30587048629480346
CHG004109,Medium,Emergency,Production,0.029833787126638218,0.0850494217890478,20.794659948154326,61.59499540749245,0,1,2,1,OffHours,1,1,0.317340470963708
CHG004110,Medium,Standard,Staging,0.5587710347377585,0.06399026321243002,29.109157879514697,51.2087410590936,0,0,4,0,BusinessHours,0,0,0.11288683014760453
CHG004111,Medium,Standard,QA,0.5585151816075627,0.05523174961695917,26.885072761872856,69.31820517005977,0,1,1,0,BusinessHours,0,0,0.030608117174968107
CHG004112,Low,Normal,Production,-0.6427835696407243,0.03797719777187714,23.30545456125338,74.8256657242731,0,0,1,0,Weekend,1,0,0.0838717062263569
CHG004113,High,Normal,Dev,0.5471223054393403,0.09997617661088504,16.396736444822118,59.92481342810047,0,0,3,0,OffHours,1,1,0.2099613575226063
CHG004114,Critical,Standard,Production,-0.8086304698725554,0.03474701301835939,24.379703185748962,87.37672509409373,1,0,1,1,BusinessHours,0,0,0.02881991639038395
CHG004115,High,Standard,Production,-0.6087569236453261,0.07610656809321707,8.325601632433855,51.51617252215274,0,0,5,1,OffHours,1,0,0.22276901144211017
CHG004116,Low,Normal,QA,1.1269431432122987,0.17075431680721914,7.9451324483452055,54.863914500587136,0,0,3,0,BusinessHours,0,0,0.5029037808105615
CHG004117,High,Standard,Dev,0.9746576907002027,0.19787248583654202,1.0,35.08354307810518,0,1,5,0,BusinessHours,0,0,0.5706578113087252
CHG004118,Medium,Normal,Production,-0.7063755021157926,0.0533892889453818,14.99309880679807,60.66139551236657,0,0,2,0,Weekend,1,0,0.08016990437145087
CHG004119,Low,Normal,Dev,-0.7335763435010406,0.10161405835663312,13.050625997748417,49.25596332062803,0,0,2,0,BusinessHours,0,0,0.06774363678493109
CHG004120,Critical,Emergency,Production,-0.6455966024576721,0.039280935777790786,22.22485274580231,85.6131615349226,1,1,3,1,BusinessHours,0,0,0.10926140602293094
CHG004121,High,Standard,Dev,0.7326395664654908,0.15738312120138728,13.119209903219032,44.506885782411764,0,1,3,0,BusinessHours,0,0,0.3533860558999746
CHG004122,Low,Emergency,QA,-0.9999847808103971,0.0421398662941975,18.436461855112732,54.2100176348838,0,0,1,0,BusinessHours,0,0,0.06035666391678513
CHG004123,Critical,Normal,Dev,0.3567126390359526,0.0797849977878598,27.294980738610175,51.71409737519842,0,0,4,0,Weekend,1,0,0.1883375206324159
CHG004124,Low,Emergency,Production,0.7468468106342946,0.1689552521786652,16.36153494342271,54.880222147948146,0,1,1,1,BusinessHours,0,0,0.38643351465801357
CHG004125,Medium,Standard,Staging,-0.08824545029310012,0.03692059093810979,20.545582320434466,80.70377491851282,1,0,1,0,OffHours,1,0,0.05651652466214756
CHG004126,Low,Normal,Production,1.0100636968649277,0.13611487200055739,22.427612758794147,62.842334402017215,0,0,3,0,OffHours,1,0,0.4437381853289979
CHG004127,Low,Normal,Production,-0.30431016948979245,0.034534404401852174,20.53339365397542,66.47242539846765,0,0,2,0,OffHours,1,0,0.19063353992959722
CHG004128,Critical,Normal,Staging,-0.2138556009939144,0.045382591560909305,24.53793772110006,79.89204612957025,0,0,2,0,OffHours,1,0,0.1287691033732853
CHG004129,Medium,Standard,QA,-0.9772462311318565,0.017581627340520822,21.548729021735486,69.60168354222324,0,0,1,0,OffHours,1,0,0.017267739960081567
CHG004130,Medium,Normal,Dev,1.0171773476202053,0.08630481996333103,18.731870247720295,60.121403022108154,0,1,3,0,BusinessHours,0,0,0.09791977165554924
CHG004131,High,Standard,Production,-0.7665204469788703,0.06486330003121882,4.658223172962067,64.78220615046703,0,1,1,1,BusinessHours,0,0,0.12603839936518096
CHG004132,High,Standard,QA,0.3497718177150592,0.1135424277786607,15.094768752263846,62.20011824969603,0,0,4,0,Weekend,1,0,0.26256052386758594
CHG004133,High,Normal,Production,-0.07131606712593476,0.06066145824918254,22.214138780652924,48.27128826760534,0,0,3,1,BusinessHours,0,0,0.1634453854763747
CHG004134,Critical,Emergency,Production,-1.0527830631116626,0.0753054503244332,9.838214609008167,78.70974942344213,0,1,2,1,BusinessHours,0,0,0.2622714999879869
CHG004135,High,Normal,Staging,-0.6091031438233208,0.04148593941294511,11.645689130673677,88.04873259814991,1,1,2,0,BusinessHours,0,0,0.04155871573675032
CHG004136,Medium,Standard,Staging,1.382872239040734,0.15269356658783956,20.430944664872428,37.43543278000233,0,0,4,0,BusinessHours,0,1,0.20099942144660538
CHG004137,Medium,Standard,Production,0.20165754263448052,0.07916699067413802,22.135768896853705,69.59154716141884,0,0,3,0,BusinessHours,0,0,0.12460552779338491
CHG004138,Critical,Standard,Production,-1.009150341366842,0.08419304919590431,20.37463516222409,48.16447330008183,0,1,3,1,BusinessHours,0,0,0.10803316497932965
CHG004139,Low,Standard,Staging,0.30532828734869183,0.10155843526683014,13.491784365649044,50.60012974566904,0,1,3,0,BusinessHours,0,0,0.15937010577564273
CHG004140,Low,Normal,QA,-0.1461140315945451,0.052740972689586336,24.94696940049731,43.46538515298068,0,0,2,0,OffHours,1,0,0.047352529677608945
CHG004141,Medium,Standard,Staging,3.4540464022441815,0.19121545528175699,32.8300652230389,40.6105758900304,0,1,6,0,Weekend,1,1,0.3772956168934898
CHG004142,Medium,Standard,QA,0.2851238413422724,0.17215884338990087,6.969129478223675,44.320677321142895,0,1,2,0,BusinessHours,0,0,0.1092656309081377
CHG004143,Medium,Normal,Production,-0.3806248470663645,0.05544316206408404,20.81464425373672,84.50838254345683,1,0,3,0,Weekend,1,0,0.06715807560095063
CHG004144,High,Standard,Staging,1.4200279177871042,0.10807134429972984,27.274863426271423,81.24378392931575,1,1,4,0,BusinessHours,0,0,0.04102357890140959
CHG004145,Medium,Standard,Production,-1.8410361672928455,0.01,27.961891043530922,100.0,1,0,1,0,BusinessHours,0,0,0.009910196946998262
CHG004146,Medium,Normal,Dev,0.09432015638109745,0.12133465562649917,37.10625392469796,75.22785284682888,0,0,1,0,BusinessHours,0,0,0.12065289271913042
CHG004147,Medium,Standard,Production,1.9944284946810726,0.18044414263624303,18.286398216120958,43.4291090851481,0,0,4,0,OffHours,1,1,0.7091712596047701
CHG004148,High,Normal,QA,-0.11619928435975406,0.044860666357556755,21.879861207258138,71.15601152105691,0,0,2,0,Weekend,1,0,0.11724379713008076
CHG004149,Low,Normal,Production,-1.7333010446480788,0.01,24.40123826272288,85.20215106091646,1,0,1,0,BusinessHours,0,0,0.020148242871347505
CHG004150,Low,Normal,Dev,-0.39591796441059773,0.07457296129310119,23.140802302557688,54.674175335700724,0,0,1,0,OffHours,1,0,0.09385223009855012
CHG004151,Medium,Standard,Production,1.4545180409590368,0.14804890042680105,18.107477549896547,65.8540251243968,0,1,3,0,OffHours,1,1,0.3024146992026144
CHG004152,Medium,Standard,Staging,0.37606959632077114,0.12239548619437435,15.121136315709894,62.69357232717325,0,0,3,0,BusinessHours,0,0,0.22000201594441246
CHG004153,Medium,Normal,Staging,-0.8388561095125178,0.022043217648600698,22.60418916736592,83.50769774953481,1,0,1,0,BusinessHours,0,0,0.020538713913080094
CHG004154,Medium,Standard,QA,-0.685242807179024,0.04208130698118568,18.709277475962946,46.40026778812523,0,0,1,0,BusinessHours,0,0,0.03475295915069684
CHG004155,Low,Standard,QA,-0.5597002711498134,0.05578178992484541,24.014885782852023,76.31634476998853,0,1,1,0,BusinessHours,0,0,0.021113433096489647
CHG004156,Medium,Standard,QA,0.36119788405399617,0.10071470217102495,23.964634867450705,74.95506680871317,0,1,2,0,OffHours,1,0,0.04049538698902882
CHG004157,Medium,Standard,Dev,1.3381961329386531,0.06097702207646248,32.704969628112295,65.86625828359912,0,1,5,0,BusinessHours,0,0,0.02794732989900457
CHG004158,Medium,Standard,Staging,1.052423012799171,0.10554217272164809,16.554259817598247,46.20106730408823,0,1,2,0,Weekend,1,1,0.23542482912887477
CHG004159,High,Emergency,Staging,0.45601218210912847,0.041526896786514556,35.05592920618565,43.97301430805804,0,1,4,0,OffHours,1,0,0.17733944928429266
CHG004160,High,Normal,QA,-1.3316447600574832,0.021732366487772766,13.868753843788104,53.305200238402435,0,0,2,0,BusinessHours,0,0,0.07728258525960616
CHG004161,Low,Normal,Production,-1.3279325139934413,0.01,26.63658429627707,85.23810643213085,1,0,1,0,BusinessHours,0,0,0.005538831341235213
CHG004162,Medium,Standard,QA,0.5332520212137634,0.09572378133382614,26.32035988283095,66.55051304635444,0,1,3,0,OffHours,1,0,0.04325365855872718
CHG004163,Low,Standard,Dev,-1.3454710979328943,0.01,16.386663043417826,70.72711029112898,0,1,1,0,OffHours,1,0,0.02107568318020973
CHG004164,Low,Normal,Production,-0.22556702106860427,0.03054252173153361,40.962163953711205,96.77836562689838,1,0,1,0,OffHours,1,0,0.010830256165027466
CHG004165,High,Normal,QA,0.304150446186177,0.09623490553509773,22.760491040578493,50.77906612309224,0,1,5,0,BusinessHours,0,0,0.11276521570307185
CHG004166,Low,Emergency,Staging,-1.1375939953626888,0.08056370610150455,14.779070918648472,53.81142127039238,0,0,1,0,Weekend,1,0,0.1962158234899364
CHG004167,Medium,Standard,Production,-1.0242623343588635,0.055798844803495326,15.384355376147898,90.90431260649407,1,0,1,0,BusinessHours,0,0,0.038908364576960244
CHG004168,High,Standard,Production,-0.09412106456781866,0.0686504821491622,27.010943519716847,69.93719796401066,0,0,4,1,OffHours,1,0,0.0901458226497635
CHG004169,High,Normal,Staging,0.5036502875240538,0.10812206506308632,22.98800668999762,68.2277031857459,0,0,4,0,BusinessHours,0,0,0.17310248238347864
CHG004170,Critical,Standard,Staging,1.0615187704137568,0.1481573418760773,12.037046433500883,47.000452713695616,0,1,5,0,OffHours,1,0,0.4280064582822347
CHG004171,High,Standard,Production,0.6070534347705518,0.11740929076216386,16.300509834629047,67.63818576691456,0,1,3,1,BusinessHours,0,0,0.21356601455246335
CHG004172,Medium,Standard,Production,0.07365659499219453,0.10235645596348543,27.996506749911216,41.174907896167426,0,0,1,0,BusinessHours,0,0,0.10610324100484639
CHG004173,Medium,Standard,Dev,-0.7461947535570493,0.04814116179141685,15.40165206740018,64.97606937860286,0,0,2,0,BusinessHours,0,0,0.040587427247803384
CHG004174,Medium,Normal,Staging,-1.0709069958445192,0.01,38.639744249361065,90.72519034227146,1,0,1,0,Weekend,1,0,0.004483587810982133
CHG004175,Medium,Normal,Production,-0.5108770883291476,0.040038572709088296,20.968402130890937,58.74422129978239,0,1,1,0,BusinessHours,0,0,0.05353743133845461
CHG004176,Medium,Normal,Production,0.40993558498056715,0.10747134865206515,21.36082319232322,65.4109309459348,0,1,4,0,BusinessHours,0,0,0.22963440661639886
CHG004177,Low,Standard,Dev,0.33662370662734287,0.019777431870657863,36.98135717342471,80.07951055067605,1,0,3,0,BusinessHours,0,0,0.009503192678074916
CHG004178,Low,Normal,QA,-2.0999019857251224,0.035692866205444033,11.879411386532668,84.66597162584536,1,0,1,0,BusinessHours,0,0,0.003946408763134432
CHG004179,High,Normal,Staging,-0.785677028267503,0.029026021837793816,29.448469587266537,99.68875183931924,1,0,4,0,Weekend,1,1,0.07602022675506301
CHG004180,Low,Normal,QA,1.2045075516061559,0.19001109736173588,1.0,38.48949589682234,0,0,2,0,BusinessHours,0,0,0.3918607014815907
CHG004181,Medium,Normal,Staging,0.07921504780413943,0.04951194027727539,22.48680884687296,67.17361775933755,0,0,1,0,Weekend,1,0,0.1821713013151049
CHG004182,High,Emergency,Staging,-1.417008913102986,0.01,27.85187494238522,79.39209253146228,0,0,1,0,BusinessHours,0,0,0.038780751728965335
CHG004183,High,Standard,QA,2.3558211815981513,0.15693629905028356,25.087018432412407,54.31742078166709,0,1,5,0,BusinessHours,0,1,0.15655066237447476
CHG004184,Medium,Normal,QA,-0.028941732314764643,0.09849308468923144,7.4347685993776,73.41925126292975,0,1,1,0,OffHours,1,0,0.1022491205638811
CHG004185,Low,Normal,Production,0.38433395931340797,0.087586729203739,16.950877195713222,59.155417101542554,0,1,1,0,BusinessHours,0,1,0.27004545387742257
CHG004186,Critical,Normal,Production,0.3995247560451345,0.08339004048824528,16.216411710327648,51.363392718668415,0,1,3,1,OffHours,1,0,0.22486885539293225
CHG004187,Medium,Emergency,Production,-0.36759546616018607,0.0975703602788618,16.40717220986434,62.586674002223745,0,1,2,1,BusinessHours,0,0,0.14699384259553883
CHG004188,Medium,Standard,Production,-0.7275736818213943,0.06958423786192186,15.70864421279966,62.94805549997585,0,0,3,0,BusinessHours,0,0,0.032063921393157314
CHG004189,Critical,Normal,Production,2.1216749850659404,0.13556674436839997,26.03744786758279,50.28842464590378,0,1,8,1,BusinessHours,0,0,0.5583544684874907
CHG004190,Low,Standard,Staging,1.0032058696177506,0.159162572104398,12.277952460269931,50.18134864183554,0,0,3,0,BusinessHours,0,0,0.1640426082771077
CHG004191,Medium,Normal,Dev,0.8219372011086765,0.15780002087301748,1.0,53.49001826139278,0,0,3,0,OffHours,1,1,0.5045623525307644
CHG004192,Low,Standard,Production,0.5762891917182107,0.15288588138348141,7.154141347957155,64.22992587308792,0,1,2,0,BusinessHours,0,0,0.15719051155337926
CHG004193,Low,Standard,Staging,-1.0033173903616845,0.042268989683244974,22.939495527458003,71.18238054101245,0,0,2,0,BusinessHours,0,0,0.025042620845735622
CHG004194,Medium,Emergency,QA,1.2775301917402737,0.18434217521480395,3.629696567044004,29.133711799299263,0,0,5,0,BusinessHours,0,1,0.6783041793695156
CHG004195,Medium,Normal,Production,-0.8431326580117493,0.047609571301618116,19.72888018671847,45.09919616290954,0,0,1,0,BusinessHours,0,1,0.12624851124710776
CHG004196,Medium,Normal,QA,0.2832867981506457,0.12622251954584565,7.652028693390273,44.47111168129077,0,1,3,0,BusinessHours,0,0,0.19295685968739018
CHG004197,Medium,Standard,Production,-1.6393899054645689,0.01,36.17573545796692,78.23350750067448,0,1,1,0,BusinessHours,0,0,0.004109717704881544
CHG004198,High,Standard,Staging,-2.0408588506475196,0.01,39.39585200118851,100.0,1,0,1,0,BusinessHours,0,0,0.0043136603591726
CHG004199,High,Standard,Dev,0.3182912026531147,0.13913895941393292,8.830818934916852,53.76146894061759,0,1,3,0,OffHours,1,0,0.1820633110807085
CHG004200,Low,Standard,Production,-0.8090992671949081,0.029213562586187045,17.28568119171653,62.36407021932193,0,0,2,0,OffHours,1,0,0.03484480751501732
CHG004201,High,Emergency,Production,-1.9891675712972732,0.06061122905481068,17.095033318828683,66.02295401371468,0,0,2,1,Weekend,1,0,0.18373657776967495
CHG004202,Low,Normal,Staging,0.5406095029470755,0.09929047780962337,13.458532487156557,57.69804586521052,0,1,1,0,BusinessHours,0,0,0.12029859909879308
CHG004203,Medium,Standard,Staging,2.120080771050789,0.1291007666242296,36.931679497633816,30.178564179553238,0,1,5,0,BusinessHours,0,0,0.10535167215288015
CHG004204,Medium,Normal,QA,1.3895602585800617,0.16884740409692098,16.421955916463972,63.91174444159317,0,0,4,0,BusinessHours,0,0,0.36037726491501715
CHG004205,High,Standard,QA,-0.2573178852656725,0.08160565176327209,15.396387280037914,77.18696952260046,0,1,2,0,OffHours,1,0,0.08182873655727511
CHG004206,Low,Standard,Dev,0.00884530669694572,0.11016488988943435,14.607101663643453,55.476496094487445,0,1,1,0,BusinessHours,0,0,0.0637471602858523
CHG004207,Medium,Standard,Dev,0.8877062567839132,0.06654322862722684,36.00890571421259,70.1528455847609,0,1,2,0,OffHours,1,0,0.05390924271037687
CHG004208,Low,Standard,QA,1.1221280198349068,0.21244169287625825,1.0,29.27684764028075,0,1,1,0,BusinessHours,0,0,0.5220207211596315
CHG004209,Low,Normal,Staging,-0.3435357188256987,0.08393816281551261,17.104069866127926,45.39532618243784,0,1,1,0,OffHours,1,0,0.04343052368636557
CHG004210,Medium,Normal,Dev,0.034177715724574294,0.08184097947969188,27.740314487556304,90.37006191678736,1,1,2,0,OffHours,1,0,0.02048407963629369
CHG004211,Medium,Normal,Staging,0.30061480676453645,0.13551859568592334,6.340045048822983,66.96472285704156,0,0,4,0,BusinessHours,0,0,0.17298037156019286
CHG004212,High,Normal,QA,0.5538763202788318,0.06715689170424516,21.347334956311826,77.90104319885366,0,1,4,0,BusinessHours,0,0,0.07795051071357385
CHG004213,Medium,Emergency,QA,-0.13307644201126692,0.030734834581432384,27.293966687001095,61.064269194016475,0,0,2,0,BusinessHours,0,0,0.052691466687713226
CHG004214,Medium,Normal,Production,-0.12008524506874427,0.08426316344035789,15.800300743166359,69.58812639444014,0,0,1,0,BusinessHours,0,0,0.25267603727309923
CHG004215,High,Emergency,Production,1.3798323297543882,0.08525925085136458,41.462081955498796,42.17300453045128,0,0,5,1,BusinessHours,0,0,0.30323729249104475
CHG004216,High,Emergency,Production,1.2095207024428862,0.1821429692671996,1.0,32.41517759777847,0,1,3,1,BusinessHours,0,0,0.6666361516527288
CHG004217,High,Normal,Dev,0.4774105734360883,0.07997914040703263,28.127169873203158,79.07888087382933,0,1,4,0,BusinessHours,0,0,0.024520091236117984
CHG004218,Low,Standard,Production,1.7191090700229286,0.1649382572369004,14.579488565673383,44.774235245417245,0,1,4,0,OffHours,1,0,0.17578787653784228
CHG004219,Medium,Standard,Dev,-0.386445762226417,0.09543213321339274,15.76813781834671,75.49420602076742,0,0,2,0,OffHours,1,0,0.056886137590473625
CHG004220,High,Normal,Staging,1.6229734486293805,0.17382226483481236,21.234226417774654,52.79567360361468,0,0,5,0,Weekend,1,1,0.5694858283505765
CHG004221,Low,Normal,Production,0.5425154435355505,0.1149073767184401,24.610166665478808,62.94069551236812,0,0,3,0,Weekend,1,1,0.2831946847995947
CHG004222,Medium,Normal,QA,3.2710261222145895,0.21987037535303297,23.00738715636203,31.649912846353228,0,1,5,0,OffHours,1,1,0.6150034835119746
CHG004223,Medium,Normal,Production,-1.1924819267824778,0.02306611922696953,10.513663495208997,72.95129084928526,0,0,1,0,OffHours,1,0,0.08012247517548089
CHG004224,Medium,Normal,Production,-0.6893452522173416,0.03744857440652008,17.651481986543246,92.0677336970407,1,1,1,0,BusinessHours,0,0,0.05310688713614757
CHG004225,Medium,Normal,QA,0.4187978282005477,0.09460821732326537,17.25101742208777,58.35834447628568,0,0,2,0,OffHours,1,0,0.23986732403573532
CHG004226,Medium,Normal,Dev,0.3972340529789919,0.1577443081504319,22.016121009452647,59.988366996963755,0,0,1,0,BusinessHours,0,1,0.22597045809786498
CHG004227,Medium,Standard,Production,1.9501389841750185,0.16686571929289332,7.536008805458283,52.119974527635534,0,1,3,0,OffHours,1,0,0.5208908557381566
CHG004228,Medium,Normal,Staging,-0.6683746832995339,0.07530700802203577,18.744449524184482,48.56419896198338,0,0,1,0,BusinessHours,0,0,0.10790134153269325
CHG004229,Medium,Standard,Dev,0.9049185186938843,0.12893453346206818,17.859041409499692,53.228661353019895,0,0,1,0,OffHours,1,1,0.2054719585594546
CHG004230,High,Standard,Dev,1.1624630046819957,0.08865068408081014,27.56106549773763,56.77134215238682,0,1,5,0,OffHours,1,0,0.07578772767612932
CHG004231,Medium,Normal,Production,0.7046478322206475,0.11217549825030113,21.891512610593768,34.70887395450288,0,1,3,0,BusinessHours,0,0,0.2389794922497738
CHG004232,Low,Standard,QA,-0.96099634192432,0.01,42.81572668149335,95.97605287673892,1,0,1,0,OffHours,1,0,0.003433693372347244
CHG004233,Low,Emergency,Production,1.407758805254198,0.17907414908328534,3.964783061016023,17.082874831852955,0,1,3,1,BusinessHours,0,1,0.7452184674004609
CHG004234,Medium,Normal,Staging,1.2293249313154138,0.11906909202659863,20.510918991492968,66.60638478252574,0,0,4,0,OffHours,1,0,0.29438927887521227
CHG004235,Critical,Normal,QA,0.5995845197903774,0.07895804898054215,22.301932486394403,51.15193615122228,0,1,5,0,OffHours,1,1,0.20795395277639522
CHG004236,Medium,Standard,QA,0.20434768720895413,0.0896860592899398,32.159237927604515,93.58026856685149,1,1,2,0,OffHours,1,0,0.025687946128337948
CHG004237,Low,Normal,Production,0.22610801004437128,0.06847595304513543,25.73279224322831,64.8637104358119,0,1,3,0,OffHours,1,0,0.06442901543780233
CHG004238,Low,Normal,QA,-0.07873579223937772,0.10444172346571287,8.309662245839341,87.5288770664435,1,0,1,0,BusinessHours,0,0,0.027503766628242884
CHG004239,Low,Normal,Dev,0.6407851342526418,0.10761019984146493,20.806541260085872,59.00975553971678,0,0,2,0,OffHours,1,0,0.11821470248302457
CHG004240,Medium,Normal,QA,0.031134852944977556,0.10332887510650675,14.537697826731753,58.900798355884405,0,0,2,0,Weekend,1,0,0.13302601217778343
CHG004241,High,Normal,Production,-0.8485249753526413,0.01,24.6847995288489,94.88304675641407,1,0,4,1,BusinessHours,0,0,0.03379258047405061
CHG004242,Medium,Normal,Staging,-1.048591644827592,0.11300554073656116,2.49160280612512,49.22579000970666,0,1,1,0,OffHours,1,0,0.14060338229836752
CHG004243,High,Normal,Staging,-0.7520362536522921,0.03543884987453465,32.829695829648756,77.0535619327749,0,1,4,0,BusinessHours,0,0,0.043517639913154264
CHG004244,Low,Normal,QA,0.22213224254945177,0.1312734510801729,7.949773504824252,69.5351691275928,0,1,1,0,BusinessHours,0,0,0.05705001083330544
CHG004245,Medium,Standard,Staging,-0.026955836435207322,0.11010163503594829,16.57339022948838,66.65168015037868,0,0,2,0,BusinessHours,0,0,0.08057223205951519
CHG004246,High,Emergency,Production,0.21534379328874922,0.08764168818924141,18.67964302341321,52.16579121809411,0,1,3,1,OffHours,1,0,0.34874094272985723
CHG004247,Medium,Standard,Dev,0.500813133546111,0.11059684383651718,29.2006963680602,58.747215181924766,0,0,1,0,BusinessHours,0,0,0.07458870997813467
CHG004248,High,Standard,Production,-0.6273209259168789,0.02443080969606365,30.306252692108423,89.2570034117992,1,0,2,1,OffHours,1,0,0.025038177741912807
CHG004249,Medium,Standard,Production,1.4656601683453478,0.06488076276104854,48.09609382449047,78.03061398865145,0,0,4,0,BusinessHours,0,0,0.03877518190725834
CHG004250,Medium,Standard,QA,-0.2677108270474744,0.059132841400779734,30.38402916041354,87.2773248723408,1,0,1,0,BusinessHours,0,0,0.008017792182235792
CHG004251,Medium,Standard,Production,-0.433426984781509,0.07638318822022401,15.949534832212702,69.21287192417118,0,1,1,0,Weekend,1,0,0.06882373062165974
CHG004252,Low,Normal,Staging,0.4823862373324524,0.05609157319525533,33.853049428390634,73.3518436146985,0,1,3,0,BusinessHours,0,0,0.0333042041142279
CHG004253,High,Normal,Staging,-1.8365102023750728,0.01,19.82836563571348,98.00814290396693,1,0,1,0,BusinessHours,0,0,0.014923124325704763
CHG004254,Medium,Emergency,Dev,-0.7905344497229193,0.053342454490119345,9.262690245842208,51.12716815438069,0,0,2,0,BusinessHours,0,0,0.14815679367320855
CHG004255,Low,Standard,Production,0.981072798691833,0.14523136194884925,13.684463125424546,61.60321490629843,0,0,3,0,BusinessHours,0,0,0.27229113704269964
CHG004256,High,Normal,Staging,-1.7374219290621107,0.0424882580948274,20.77795440074711,76.57463210022414,0,0,3,0,OffHours,1,0,0.06214330040961465
CHG004257,High,Standard,Production,1.1175741969331559,0.1308618495734404,25.045517111803907,44.90543001457944,0,1,2,1,BusinessHours,0,0,0.16018336386564586
CHG004258,High,Normal,QA,1.5111365663591347,0.2080029117655068,6.752745216132689,37.677880140262694,0,1,4,0,OffHours,1,1,0.5151693700373968
CHG004259,High,Standard,QA,-0.36945533782374834,0.11145669999292179,18.802440203264446,54.236929112853744,0,0,1,0,BusinessHours,0,0,0.08294181344013486
CHG004260,Medium,Normal,Production,0.29181276742631007,0.06034510471468331,27.00666212588936,71.17807544481828,0,1,5,0,OffHours,1,0,0.11476777442795956
CHG004261,Medium,Normal,Staging,1.1190870848510266,0.09320545955489189,16.768974916499296,52.910031503338324,0,0,3,0,BusinessHours,0,0,0.2974075503071953
CHG004262,Critical,Standard,Dev,-0.4667891880435197,0.01,32.519070696426276,80.18269370672661,1,1,4,0,BusinessHours,0,0,0.010018416454286434
CHG004263,Low,Standard,Production,0.8677755205261815,0.11635567309146158,8.460047744934169,60.348844813570295,0,1,1,0,OffHours,1,0,0.27435294577202296
CHG004264,Medium,Standard,QA,-0.6711487951306716,0.01,41.169427989810586,100.0,1,0,1,0,BusinessHours,0,0,0.003900408707904535
CHG004265,High,Standard,Production,-0.47760229333317933,0.09691674204625189,6.090670911556291,61.56728754830799,0,0,4,1,BusinessHours,0,1,0.2569179263642215
CHG004266,Low,Normal,Production,-0.7993364643249737,0.11223552664669478,1.0,70.2183445139696,0,0,1,0,OffHours,1,0,0.2262751725946815
CHG004267,Critical,Normal,Dev,0.3426471991948034,0.09818241637241298,22.89055286237637,59.72069901457519,0,1,6,0,Weekend,1,1,0.21379227864686648
CHG004268,Medium,Normal,Staging,1.1579690525655495,0.14655979739982827,13.667424461575251,29.0371274971135,0,1,2,0,BusinessHours,0,0,0.34819530931319825
CHG004269,High,Emergency,Production,-0.18411293211716429,0.08517711140500826,26.76644973623327,42.0497442253656,0,1,3,1,OffHours,1,1,0.29622887693940475
CHG004270,Medium,Standard,Production,-1.2712491599124032,0.017953046284053503,12.829040195253922,72.305398240191,0,0,1,0,OffHours,1,0,0.03726102691764679
CHG004271,Medium,Emergency,Staging,-1.0827068222868157,0.04276584748456175,18.08189528416179,71.83836426417959,0,0,2,0,Weekend,1,1,0.09592962135695433
CHG004272,High,Normal,Staging,0.3945994213705404,0.09885666297846259,12.108710775989563,53.63187317007616,0,0,4,0,OffHours,1,0,0.45038165701048744
CHG004273,Low,Standard,Staging,1.8441164133942693,0.16255831819926767,21.480171753796924,67.50622125043341,0,0,2,0,BusinessHours,0,0,0.18132999796190363
CHG004274,Medium,Normal,QA,0.39372499931439753,0.10568580592430817,9.756203599849423,81.60861868283263,1,1,1,0,Weekend,1,0,0.06295097567830987
CHG004275,Critical,Normal,Staging,-0.38689655065125267,0.044990692170654864,23.497895915964918,65.16152897322381,0,0,4,0,BusinessHours,0,0,0.0584637269216271
CHG004276,Critical,Normal,QA,0.7661839668502841,0.09173465850746532,19.909628474420924,83.10625115470165,1,1,3,0,BusinessHours,0,0,0.1341080532461602
CHG004277,Critical,Normal,QA,-0.23949863558674636,0.10284796068682951,9.784073418075852,40.546526487236605,0,0,3,0,BusinessHours,0,0,0.19717542769262011
CHG004278,Medium,Normal,QA,-0.3782852173642064,0.12694658235451048,2.366267026191675,78.39832019752589,0,1,2,0,BusinessHours,0,0,0.14687464621565247
CHG004279,Medium,Normal,Production,-0.9584591056952636,0.01,25.77510383620381,71.06061650384655,0,1,1,0,BusinessHours,0,0,0.041091484502829435
CHG004280,Medium,Normal,QA,1.4084488442463559,0.19777603094279994,21.714968924599148,42.05385172346447,0,1,4,0,BusinessHours,0,1,0.3505157116768796
CHG004281,Medium,Standard,QA,-2.5392079174956637,0.01,8.918155105203292,75.76769851855566,0,0,1,0,OffHours,1,0,0.03564649295049905
CHG004282,Medium,Emergency,Dev,0.7978592002792693,0.10030865304589778,16.70876848751214,42.709693746008966,0,0,2,0,OffHours,1,1,0.2330063234214424
CHG004283,Low,Normal,Dev,-0.4637449377975369,0.1505343626845992,7.760661573277681,74.28493507593397,0,0,1,0,BusinessHours,0,0,0.11537889437232911
CHG004284,Low,Normal,Production,-0.4103407314516127,0.04031862963866174,20.870694320630108,69.86403509239864,0,0,2,0,OffHours,1,0,0.05674362257843125
CHG004285,Medium,Normal,QA,1.6923151561178125,0.11310235632276111,14.526889982345438,45.80535549746035,0,1,4,0,Weekend,1,0,0.21998262672109398
CHG004286,Medium,Standard,Dev,-0.7141310922000513,0.0491893331911347,21.71750358089516,53.855136664205986,0,0,2,0,BusinessHours,0,0,0.022141886159820615
CHG004287,Medium,Standard,Production,-0.6800691540284102,0.10850880719003547,4.803201465348201,54.429230179531324,0,1,1,0,BusinessHours,0,0,0.07397763389735476
CHG004288,Low,Normal,Dev,-0.13039423891953036,0.035517561236397106,24.634809099288066,62.99081974065666,0,0,1,0,Weekend,1,0,0.05557658260672103
CHG004289,High,Emergency,Staging,0.41384738581223823,0.08944344859817573,12.558622949592984,42.46052929845559,0,1,3,0,BusinessHours,0,0,0.300954462753303
CHG004290,Critical,Normal,Production,-0.4418557822928694,0.07515102026301997,14.792524430750879,61.62370738468822,0,0,1,1,BusinessHours,0,1,0.26768452782856667
CHG004291,Medium,Normal,Production,-1.5738589305358854,0.02245168039346599,27.214800032008796,65.61264118422952,0,0,1,0,BusinessHours,0,0,0.03551864113748359
CHG004292,Critical,Standard,Dev,-0.8656981808817654,0.06511580786129596,3.4734729186066593,79.28032353825472,0,0,2,0,Weekend,1,1,0.20019378776771657
CHG004293,High,Normal,Production,1.2813338564645194,0.19283537255620567,6.820300855444494,41.468431564835264,0,1,5,1,BusinessHours,0,1,0.7918942344993994
CHG004294,Low,Standard,Staging,0.07477678913551145,0.10414067054632893,6.959281523527052,61.04889327044219,0,1,1,0,Weekend,1,0,0.09976416116620497
CHG004295,Low,Normal,Staging,0.45108728370382206,0.08733093322556353,19.06727147551204,74.17948764071518,0,1,2,0,OffHours,1,0,0.12090044502634378
CHG004296,Low,Normal,QA,-0.2614212071730376,0.06514347562544506,15.817080336272653,91.36781106152202,1,0,1,0,BusinessHours,0,0,0.030231970060249597
CHG004297,Low,Standard,Production,-0.6594976961732696,0.03414605100253639,32.3214847899347,88.53743203749418,1,0,1,0,Weekend,1,0,0.01885663718869814
CHG004298,Medium,Normal,Staging,1.677569449875411,0.1742816704768998,5.5725714258208425,42.165543687564366,0,1,4,0,BusinessHours,0,1,0.48697201110409516
CHG004299,Medium,Emergency,Production,-0.18819185705108066,0.08404097934930878,22.938072371986134,47.655369528640676,0,0,3,1,OffHours,1,0,0.2028060468705041
CHG004300,High,Normal,Production,-0.44336987952712686,0.08546990263506166,21.138119963156605,71.80700080906551,0,0,4,1,BusinessHours,0,0,0.17252677521242205
CHG004301,Medium,Standard,Production,1.0961423663553396,0.13623059654754946,17.004630357386052,62.3771040624395,0,1,2,0,Weekend,1,0,0.3328112778295897
CHG004302,Medium,Normal,Production,-0.7223603588673853,0.06685231084715926,25.28549824381089,75.17921764678884,0,0,3,0,BusinessHours,0,0,0.07765449687632826
CHG004303,Critical,Normal,QA,-0.5947273437739967,0.0645793870989793,19.10873784260317,70.07832887330548,0,0,2,0,BusinessHours,0,0,0.15806472525734644
CHG004304,Critical,Standard,Dev,0.010246684016898003,0.10268111011160577,12.122601656135316,63.07600733369188,0,0,4,0,OffHours,1,0,0.25662665418618996
CHG004305,High,Normal,Staging,0.00027010408817970173,0.09571501259074938,24.962574431287436,42.85440140436313,0,0,3,0,Weekend,1,0,0.25807698211350283
CHG004306,High,Standard,Dev,0.2596113479032144,0.0734473931931569,14.627635281618982,63.77401908369891,0,0,5,0,Weekend,1,0,0.11655541224813565
CHG004307,Critical,Normal,Production,2.091669089395488,0.140688640191241,14.509478417248019,55.97813092090891,0,1,5,1,BusinessHours,0,1,0.6057855306023906
CHG004308,Medium,Standard,Production,0.33624824635237044,0.10632655368834917,23.46175045183545,58.87366507035472,0,1,3,0,BusinessHours,0,0,0.10092518439009909
CHG004309,High,Normal,Staging,-2.3780539627508004,0.01190026091585304,11.361720390538064,88.37190955402005,1,0,1,0,BusinessHours,0,0,0.02736946482378706
CHG004310,Low,Normal,Dev,0.3262989434315609,0.13228336669188268,22.57615563825257,76.79559963842485,0,1,2,0,BusinessHours,0,0,0.06363782302794113
CHG004311,Medium,Normal,Production,0.03787999448959883,0.09031017470693009,16.571031226040695,53.031176253837984,0,1,2,0,Weekend,1,0,0.1925513628277646
CHG004312,Medium,Standard,Staging,0.04345002435145766,0.11315281396130901,11.363094263592341,62.811569623013,0,0,2,0,OffHours,1,0,0.17776551036968494
CHG004313,Low,Standard,Staging,0.2459473093961707,0.10089817715807463,10.885935886542637,61.86059903304407,0,0,1,0,OffHours,1,0,0.12497288603794823
CHG004314,Low,Normal,Staging,-0.028678287674799376,0.08145755536010676,27.12804528334469,46.025220015134714,0,1,1,0,OffHours,1,0,0.03931740927769203
CHG004315,Low,Emergency,Dev,-0.052612093055389005,0.05243589060616427,21.393736675972274,54.47395132471377,0,0,1,0,BusinessHours,0,0,0.08058776148689226
CHG004316,Medium,Standard,Production,0.6130442097707861,0.08821472666218849,11.45549940648633,44.00684038745973,0,1,1,0,BusinessHours,0,0,0.21888805283436824
CHG004317,Low,Standard,Dev,-0.542080797194501,0.10334584599164934,9.983971880257473,66.94509829993397,0,1,1,0,Weekend,1,0,0.030447771846351692
CHG004318,Medium,Emergency,Staging,-0.9476863356391756,0.024628526391596718,24.853820220614974,75.22519032719055,0,0,2,0,BusinessHours,0,0,0.046794480529386145
CHG004319,High,Standard,Dev,3.023781452622391,0.28904818164098384,1.0,21.421178210603458,0,1,6,0,OffHours,1,1,0.8542116404387047
CHG004320,Medium,Emergency,QA,-0.7158574437812334,0.04457869731285967,25.661879930123103,55.507998751663564,0,1,1,0,BusinessHours,0,0,0.03833047760447957
CHG004321,Medium,Normal,QA,0.10014291246007646,0.1608263612616268,3.6876747991736805,53.88834147628221,0,1,2,0,BusinessHours,0,0,0.36431120681753865
CHG004322,Low,Standard,Dev,-1.4956602508753674,0.055078557847774136,8.080988063061232,96.38189200241183,1,0,1,0,BusinessHours,0,0,0.021256968200201006
CHG004323,High,Standard,Production,0.11646841505142191,0.08710800841256164,17.89915287093988,34.40087340094556,0,1,4,1,BusinessHours,0,0,0.3345929186745102
CHG004324,Low,Emergency,Production,-0.9332255506893351,0.01,40.47076586952401,80.45033440870311,1,0,1,1,OffHours,1,0,0.010164951810394484
CHG004325,Medium,Standard,Dev,-0.44247294285001093,0.01,29.861869907094107,73.75630565689158,0,0,3,0,Weekend,1,0,0.022203505824054344
CHG004326,Medium,Normal,Dev,1.0450646657711238,0.10185097579229821,30.00085961408722,56.47191184256404,0,0,3,0,BusinessHours,0,0,0.17535954062028417
CHG004327,Critical,Standard,Production,0.47200956837807373,0.07415618651227378,21.755485436001546,62.46343834879214,0,1,4,1,Weekend,1,1,0.2017125211277811
CHG004328,Critical,Normal,Dev,0.5684095245748191,0.1357866727797457,13.868291183352953,43.28810549379865,0,1,5,0,BusinessHours,0,1,0.3792901509570803
CHG004329,High,Normal,Staging,-1.7712048383918628,0.01,18.326960741593183,87.48859250658363,1,0,1,0,BusinessHours,0,0,0.020379556317079998
CHG004330,High,Normal,Dev,1.8368951698290128,0.19681129321719415,7.549577651588244,43.55880529733453,0,1,4,0,OffHours,1,0,0.42553320088937086
CHG004331,Medium,Standard,Staging,-1.191881310941875,0.055704510787693035,17.63485566995989,42.87586089272574,0,0,1,0,BusinessHours,0,0,0.0347501683622479
CHG004332,Medium,Normal,Production,1.528560814293865,0.11384194805535316,23.36652928870017,69.21116706901475,0,0,5,0,BusinessHours,0,1,0.30622519627459033
CHG004333,Low,Normal,Dev,1.0215438659814862,0.1604435492009357,22.239427419700974,67.08122107501498,0,0,4,0,BusinessHours,0,0,0.12348204193621759
CHG004334,Medium,Standard,Production,0.5773327417846801,0.06153197431511328,28.50261540870418,59.185342697343515,0,0,2,0,BusinessHours,0,0,0.10919603169092643
CHG004335,Critical,Normal,Production,-0.8549847809083815,0.13346668625000765,16.212406401425685,58.885458093939526,0,1,4,1,Weekend,1,0,0.4126696246191296
CHG004336,Critical,Normal,Production,0.15158984481952292,0.07855057917833293,19.65565133624641,78.92343012527053,0,0,5,1,BusinessHours,0,0,0.24076956325260598
CHG004337,Medium,Standard,Production,-0.4709214106448598,0.08959866243123824,18.198731540415743,75.01165687893014,0,1,2,0,BusinessHours,0,0,0.10034777984532375
CHG004338,Low,Emergency,Production,0.029039571505291815,0.12466851923965869,14.09562644124337,68.18866296168933,0,0,2,1,OffHours,1,1,0.33311305992333273
CHG004339,Low,Standard,Staging,-0.24987225908555988,0.03383636875304995,24.895893987503946,73.62509307010058,0,0,1,0,BusinessHours,0,0,0.042529309671673135
CHG004340,Medium,Standard,Production,-2.0386105065724083,0.010972710179981252,14.451649301099753,82.7221318066046,1,0,1,0,BusinessHours,0,0,0.02463457689004455
CHG004341,Low,Standard,Dev,1.121784150984588,0.11341344262807894,25.476671062374564,74.08057126910884,0,0,1,0,BusinessHours,0,0,0.09790758397919218
CHG004342,Medium,Standard,Production,-0.08110715654936117,0.08032650182739906,22.182927241541652,60.043061135852376,0,0,1,0,Weekend,1,0,0.20513611063387066
CHG004343,Low,Standard,Staging,-0.484800399502237,0.13326698558423528,1.0,69.54175531198008,0,0,1,0,Weekend,1,0,0.08974270296209452
CHG004344,Low,Standard,Dev,-0.5603272328297677,0.05394285882722903,15.892033833169632,40.42952886364231,0,0,1,0,Weekend,1,0,0.029850058424282632
CHG004345,Medium,Normal,QA,0.3584595763667682,0.07288998989716448,15.888046671117442,42.092369404831544,0,0,2,0,BusinessHours,0,0,0.21802915962084343
CHG004346,High,Normal,QA,-0.8937563382944722,0.04856814386241819,11.967881730461906,72.77499670479429,0,0,3,0,BusinessHours,0,0,0.0835448240824774
CHG004347,Medium,Standard,QA,-2.2551755584740434,0.01,18.63970692875389,90.92302023911867,1,0,1,0,OffHours,1,0,0.0053810100845940205
CHG004348,Medium,Normal,Dev,0.40712980320827613,0.11447120604896749,22.661957026478785,55.14830908696231,0,1,2,0,OffHours,1,0,0.2086268005262548
CHG004349,Medium,Normal,QA,0.5191029979568217,0.10496085420271972,16.122635768304516,49.2912430170101,0,1,2,0,BusinessHours,0,0,0.1586915179708772
CHG004350,High,Normal,QA,-0.1996318246776329,0.024740182865407787,30.181121558273542,73.4591373896749,0,0,3,0,OffHours,1,0,0.04191388847619192
CHG004351,Medium,Emergency,Staging,-1.1479028751900089,0.0605307340965359,15.98059547878469,69.39233557972456,0,0,1,0,BusinessHours,0,0,0.061644192565247204
CHG004352,High,Standard,Dev,0.08893554088928533,0.09574215825147599,24.603590440029542,33.84481724316011,0,0,2,0,BusinessHours,0,0,0.12397074518965834
CHG004353,Medium,Standard,QA,-1.4645323683135887,0.0234626928077686,17.930293457667823,83.32470702835022,1,1,1,0,BusinessHours,0,0,0.005273188315280153
CHG004354,Medium,Standard,QA,-1.0272305966876594,0.10749514450817121,11.131906673765817,66.41900245397755,0,0,1,0,Weekend,1,0,0.057988947312578115
CHG004355,Medium,Standard,QA,-0.7506979365041612,0.049114716446214214,27.2001715693013,70.91733298946521,0,1,1,0,Weekend,1,0,0.025734862111694182
CHG004356,Critical,Normal,Dev,0.8439390708915561,0.10809171197726454,14.338842508062754,54.52319206557751,0,1,5,0,BusinessHours,0,0,0.1742507159723214
CHG004357,Critical,Standard,Production,-0.3626109504369171,0.09350573727286988,8.647252582344706,42.57628604316915,0,1,2,1,BusinessHours,0,1,0.18281483104361382
CHG004358,High,Normal,QA,-0.4478664117764606,0.039906511736947675,24.25972880308384,58.11606694645036,0,0,4,0,BusinessHours,0,1,0.10661902242395994
CHG004359,High,Emergency,QA,1.9546925154112462,0.13693581944793615,7.925365870661846,54.10499957987654,0,1,4,0,BusinessHours,0,0,0.5043677669327943
CHG004360,Low,Normal,Staging,0.3524624971887139,0.10752238277089153,8.547272157552499,51.98053571774177,0,0,2,0,BusinessHours,0,0,0.1483965484220517
CHG004361,Medium,Normal,Production,0.33899451047482604,0.11496020223771888,13.042175117321573,68.00078357540752,0,0,1,0,BusinessHours,0,0,0.3688157135879386
CHG004362,Low,Normal,Staging,-0.3697007452087749,0.01,41.43770916265827,75.68286507707936,0,0,1,0,Weekend,1,0,0.01314002868347251
CHG004363,Medium,Normal,QA,-0.5963716676367777,0.08097300465642933,15.370209875145164,64.95271491798827,0,0,1,0,OffHours,1,0,0.16023408968280523
CHG004364,Medium,Normal,Staging,-2.1864064400171506,0.05976622781688779,1.0,62.72231641819533,0,1,1,0,Weekend,1,0,0.04947272946588917
CHG004365,High,Standard,Staging,0.9687405319235582,0.14042454101714152,9.370446394497622,42.60057566941212,0,1,2,0,OffHours,1,1,0.48007601712060266
CHG004366,High,Standard,QA,0.44830970575637913,0.08092610849172674,15.290836401343832,62.648605062195955,0,1,3,0,OffHours,1,0,0.09597574505865815
CHG004367,High,Standard,Production,-0.17916599321341334,0.04391002109560428,30.340164533525023,93.11555713837559,1,0,3,1,OffHours,1,0,0.04859520307707775
CHG004368,Medium,Normal,Production,-0.13722670183625574,0.06302281837372378,16.34650400490126,84.45506946106575,1,0,3,0,OffHours,1,0,0.1766409106695196
CHG004369,Critical,Normal,Staging,0.7361442622610551,0.10033960084875417,31.873818559692854,70.91505575832092,0,1,4,0,BusinessHours,0,0,0.08462340380681041
CHG004370,High,Standard,Dev,-1.554710073079853,0.01,25.118837550166717,77.67643006385646,0,0,1,0,BusinessHours,0,0,0.015094230756086404
CHG004371,High,Standard,Staging,-0.5898813315538055,0.0393243883056523,15.182465996781833,52.441960152768885,0,1,2,0,BusinessHours,0,0,0.05941639064778714
CHG004372,Low,Normal,Production,-1.1363028628925305,0.04640038023462473,16.957077708952312,55.4904611826762,0,0,1,0,OffHours,1,1,0.06943126124461517
CHG004373,Medium,Standard,Production,1.7715092824867462,0.15612824032266628,27.61675800467854,69.48629369938104,0,1,4,0,BusinessHours,0,1,0.2237880625843265
CHG004374,High,Standard,QA,0.8756555318533007,0.10425597270143744,24.02230939873203,46.513799937077295,0,0,3,0,BusinessHours,0,0,0.12444482730898575
CHG004375,Critical,Standard,Dev,-2.2026926411353642,0.01,28.068910213154016,80.11855804319508,1,0,1,0,Weekend,1,0,0.005395767043160741
CHG004376,Low,Standard,Dev,-1.5137616266399756,0.029359723701221984,20.271756915102493,74.23612271786861,0,0,1,0,BusinessHours,0,0,0.014803031422603904
CHG004377,Medium,Normal,Production,-0.1323456733574863,0.08210361034621017,9.926884492499473,33.62055869840017,0,1,1,0,BusinessHours,0,1,0.13889188378082545
CHG004378,Medium,Standard,Staging,-0.4724402120724247,0.01,35.209352667598594,67.64123192855035,0,1,1,0,Weekend,1,0,0.015075711612145905
CHG004379,Medium,Standard,QA,-1.3243822080768883,0.02297347849653175,17.121001762384495,61.292439206796175,0,0,1,0,BusinessHours,0,0,0.019778829294525537
CHG004380,High,Emergency,QA,1.9447622376504894,0.13307985989166154,19.44543414414253,37.538714711751304,0,1,6,0,BusinessHours,0,1,0.3260336215691324
CHG004381,Low,Normal,QA,0.3125399139825792,0.06620687475030412,28.279234087966287,69.38307008383939,0,0,3,0,OffHours,1,0,0.06064867070463374
CHG004382,Medium,Normal,Production,0.4748163228630915,0.08384756227133341,24.553476546648568,75.44829725766462,0,1,3,0,Weekend,1,0,0.13495417965400533
CHG004383,High,Normal,QA,-0.6920149492322138,0.012014348524202315,22.186888232509347,63.334348033998495,0,0,1,0,BusinessHours,0,0,0.10403071735318416
CHG004384,Medium,Standard,QA,0.7222741471780024,0.09857184752058232,21.751640393673465,59.963624161591476,0,1,2,0,BusinessHours,0,0,0.0452276567226308
CHG004385,Low,Standard,Production,-0.3804327609820118,0.049174572641170713,26.801459197356213,71.63898483730816,0,0,1,0,BusinessHours,0,0,0.03711131822152629
CHG004386,Medium,Standard,Staging,-0.2833431737074994,0.01461586572370105,15.55883188442363,59.44755861514306,0,0,1,0,BusinessHours,0,0,0.053621397312240505
CHG004387,Medium,Standard,Production,0.6110019598252598,0.14111615953413292,14.836209506484405,60.26936498275687,0,1,2,0,OffHours,1,0,0.2613245067793761
CHG004388,Critical,Standard,Production,-1.6289975650602997,0.01,19.77671624899014,86.11521978528909,1,0,1,1,Weekend,1,0,0.019763327250409756
CHG004389,High,Normal,Dev,1.5970278598509826,0.12715491016085415,24.717890602417665,19.09581032974053,0,1,3,0,OffHours,1,0,0.2887059281975293
CHG004390,Critical,Standard,Dev,0.1823892147238758,0.07603474234200121,15.718227755096105,69.05617799260096,0,0,5,0,BusinessHours,0,0,0.16991204836943302
CHG004391,Low,Standard,Dev,1.2809442087804244,0.037110045727281944,42.5864186017928,75.03035631297465,0,1,3,0,OffHours,1,0,0.017457737000404587
CHG004392,High,Normal,Production,-1.0754197566188184,0.06452424228691801,8.854429658116269,65.93522224976091,0,0,2,1,OffHours,1,1,0.3661641524576111
CHG004393,Medium,Standard,Production,-0.9231651240281931,0.01,27.289104812191013,93.25005016829951,1,0,1,0,BusinessHours,0,0,0.016209948409314005
CHG004394,High,Normal,QA,-1.1619002215998122,0.09341680379075154,13.625292894354308,46.82096408144989,0,0,2,0,OffHours,1,0,0.09419459805977436
CHG004395,Medium,Standard,Production,0.2502976726648389,0.09349856211394553,22.56846511491976,48.85009296591826,0,0,2,0,BusinessHours,0,0,0.049839151534776964
CHG004396,Low,Normal,Production,0.06598330191824608,0.04630191286149372,36.06673001430609,81.60937644541933,1,1,3,0,OffHours,1,0,0.010077292743737667
CHG004397,Low,Normal,Production,-0.4644118192311805,0.09480936938787869,14.31574474621431,34.12220129001156,0,0,1,0,OffHours,1,0,0.145804078323125
CHG004398,High,Normal,Staging,-1.0140691928852794,0.07273872633108336,18.52833957712114,65.50563511719623,0,0,1,0,BusinessHours,0,0,0.13082634995276293
CHG004399,High,Normal,Dev,-1.2665962697308424,0.012247457463959992,21.846630319966415,85.1629577566909,1,0,2,0,OffHours,1,0,0.03952362788537113
CHG004400,Low,Standard,Production,-0.04848390047065598,0.10011658506120054,11.451397283602525,64.21701838425858,0,1,2,0,BusinessHours,0,0,0.06981864349851565
CHG004401,Medium,Standard,Production,-0.4655867795886001,0.03322123486548165,27.944459126662665,75.86101769866679,0,0,1,0,BusinessHours,0,0,0.050983198603191664
CHG004402,High,Standard,Production,-0.6856069923582623,0.08101345229476334,13.904958649957115,63.950463927498134,0,1,4,1,BusinessHours,0,0,0.10989601072009643
CHG004403,Medium,Standard,Production,1.5470894861316096,0.12127361862574054,24.638377502339658,52.06690656593736,0,1,4,0,Weekend,1,1,0.2241382081405553
CHG004404,Medium,Normal,QA,-0.08232567819273391,0.12360919666093495,3.4280503137976934,50.52851945387742,0,0,1,0,BusinessHours,0,0,0.21327513910539023
CHG004405,High,Standard,Staging,1.2700429339269252,0.19131721996288503,12.44567806876027,44.93651655874646,0,1,4,0,OffHours,1,0,0.38340850031946405
CHG004406,Medium,Standard,QA,-0.5332521826826966,0.0594823086108791,27.84555785655151,49.05241134396841,0,0,2,0,BusinessHours,0,0,0.04833876353663807
CHG004407,High,Normal,QA,0.24477628379865687,0.12873246520458576,3.9322832920965616,69.61962022945085,0,1,3,0,BusinessHours,0,1,0.2740145237472753
CHG004408,Medium,Standard,QA,-0.055476016256334894,0.018853029272884292,36.07700600528086,67.22002006122796,0,0,3,0,BusinessHours,0,0,0.02995058775225033
CHG004409,High,Normal,Dev,-1.6976223095181227,0.07963528611469935,15.050913014630073,74.56450029433329,0,0,2,0,BusinessHours,0,1,0.09894397253509635
CHG004410,Low,Standard,Dev,1.4283383062639128,0.16221550065430923,6.910371153260294,47.27384298704705,0,1,1,0,OffHours,1,1,0.17928223445108485
CHG004411,Critical,Emergency,Staging,-0.13515360703241588,0.06876320924367854,12.516795422015937,45.132895057778356,0,1,3,0,BusinessHours,0,0,0.09875307482814685
CHG004412,Medium,Standard,Production,0.7464182196329605,0.12431654459407186,22.893085079704818,70.43608475891487,0,0,2,0,OffHours,1,0,0.2267820589457426
CHG004413,High,Normal,QA,-0.7520287224615594,0.11672283805511216,7.801273119964061,73.3650719840087,0,0,4,0,OffHours,1,0,0.31403137341280307
CHG004414,High,Normal,QA,-0.16484438157976464,0.01,33.722259819003526,61.750553002234135,0,0,2,0,BusinessHours,0,0,0.031082876484102264
CHG004415,Medium,Emergency,Dev,-0.8668523599233547,0.08143431660978816,12.223626592049998,54.040537240440266,0,0,1,0,BusinessHours,0,0,0.08218563986808974
CHG004416,Medium,Emergency,QA,1.2359984827633934,0.11022946354127518,16.584541667392802,46.22660391405265,0,1,3,0,BusinessHours,0,0,0.21468353807375412
CHG004417,Low,Normal,QA,0.3114093474506757,0.10654617949056813,33.12374842961718,36.18832983351762,0,1,1,0,OffHours,1,0,0.0941438267531986
CHG004418,Medium,Standard,Staging,0.36705352668088814,0.07044193548115404,23.028935554836014,41.58919968856576,0,0,1,0,OffHours,1,0,0.08622846136508046
CHG004419,Medium,Normal,Production,1.358184147104979,0.0908895698945774,25.33544674691079,47.36704342563013,0,1,3,0,OffHours,1,0,0.38591582284412657
CHG004420,Low,Normal,Staging,1.156341296899023,0.15781047874422507,19.84682111392601,34.20300883594581,0,1,3,0,BusinessHours,0,0,0.22888906308511298
CHG004421,Low,Normal,Staging,0.7653425361362853,0.12487215436191858,23.830518242141736,44.07419202478823,0,1,3,0,OffHours,1,0,0.17839484433664693
CHG004422,Critical,Normal,Production,-1.4217273470374627,0.025314155976420886,23.664559776225452,59.02871084242318,0,0,1,1,OffHours,1,1,0.13904030148604726
CHG004423,Medium,Normal,Dev,-0.6956791195166836,0.02761273872341617,23.863297191925987,74.33942429401642,0,1,2,0,BusinessHours,0,0,0.021568784538792025
CHG004424,Medium,Standard,QA,-1.0038881360113527,0.07812435365526665,9.892931468941887,54.14553822394093,0,0,2,0,BusinessHours,0,0,0.09641949182869987
CHG004425,Medium,Standard,Dev,0.7275336936257992,0.07212243510617061,25.272561219547228,86.6741006136012,1,0,3,0,BusinessHours,0,0,0.016229479333415283
CHG004426,Medium,Standard,QA,0.1706519417500514,0.10331504192313065,13.554055718478311,60.48374403359807,0,1,2,0,OffHours,1,1,0.16746836304360369
CHG004427,Medium,Normal,Production,-1.3905124336305947,0.04490262368540458,20.094038380606783,85.59461255238361,1,0,1,0,OffHours,1,0,0.037577429919587076
CHG004428,High,Normal,Staging,-0.18874421301122754,0.10650090925864449,14.42870050051637,38.13081672582565,0,1,3,0,BusinessHours,0,0,0.12745064066148612
CHG004429,Medium,Standard,Staging,-1.4941123357187784,0.08509496941082861,18.59216472175919,60.327101633979865,0,1,2,0,OffHours,1,0,0.033465654995015776
CHG004430,Low,Normal,QA,-0.05315648806975988,0.09940375938032903,16.56112094737736,60.93884641926837,0,0,3,0,Weekend,1,0,0.18250248689897783
CHG004431,Medium,Standard,QA,-1.6553725039871847,0.02957431204093462,17.589040030763915,76.88505974008261,0,0,1,0,BusinessHours,0,0,0.027575825955295768
CHG004432,Low,Standard,Production,0.5288274933846129,0.0916272803684468,16.598613609614958,50.097229298148875,0,0,2,0,BusinessHours,0,0,0.16610037223442664
CHG004433,High,Normal,QA,0.37796262603407355,0.12381114615329346,18.58976758800894,49.10998517996365,0,1,3,0,BusinessHours,0,1,0.18129497843454023
CHG004434,Low,Normal,Production,1.9079484933468815,0.11958790561579219,25.62008101441676,49.90680878744544,0,1,3,0,OffHours,1,1,0.37838600151882584
CHG004435,Low,Standard,Dev,0.8478732894973424,0.16549421526050423,19.43915983213772,49.16176385721281,0,1,2,0,BusinessHours,0,0,0.13477316891518598
CHG004436,Medium,Normal,Dev,-0.42291425582250275,0.07247364373545777,16.871974100827252,88.09697327050198,1,0,1,0,Weekend,1,0,0.058214108645256384
CHG004437,Low,Normal,QA,0.818070093274486,0.11071140226513368,18.819877772042947,59.46357305643558,0,1,4,0,BusinessHours,0,0,0.11260280637473359
CHG004438,Medium,Normal,Production,-1.3976638809451785,0.01,20.239065928891826,83.6096872000404,1,0,1,0,OffHours,1,0,0.023424773719049684
CHG004439,Medium,Emergency,QA,-0.9624726036810854,0.05877064968461987,27.1857443902174,49.09581238668651,0,0,2,0,OffHours,1,0,0.10406872020451988
CHG004440,Critical,Standard,Production,0.33314253207511,0.11093729464281055,21.093161921799947,46.81288149528094,0,1,2,1,BusinessHours,0,0,0.12678662178919206
CHG004441,Low,Standard,Dev,-2.1582496627479273,0.057835050118084375,12.048516899632821,69.67618584307094,0,0,1,0,OffHours,1,0,0.024954086150631476
CHG004442,Medium,Standard,Staging,-0.037160784933883036,0.11119050039981278,12.426038942247473,70.86282914827231,0,0,2,0,OffHours,1,0,0.2116832294725543
CHG004443,High,Normal,Staging,-1.0202632921184207,0.07621926374717848,12.20237173831235,61.8235580038813,0,1,2,0,BusinessHours,0,0,0.11331193476637645
CHG004444,Low,Standard,Staging,0.10130705515326355,0.08508190284113211,36.9580797191024,71.46176595481352,0,1,1,0,BusinessHours,0,0,0.013165536433015289
CHG004445,Medium,Emergency,QA,-1.0777363580472634,0.054779026261647455,21.874887287367986,58.404849327908664,0,1,2,0,Weekend,1,0,0.029366277913166865
CHG004446,High,Normal,Dev,0.42424813745518875,0.13710258799471925,15.44522876051029,34.67459609610269,0,1,3,0,Weekend,1,0,0.101142250181018
CHG004447,High,Normal,Production,0.01932742366738962,0.11983637701493832,11.597851755045657,66.1375139976808,0,1,2,1,BusinessHours,0,0,0.18626399687910872
CHG004448,Critical,Standard,Staging,1.4003659168813305,0.1779439950492332,16.281079262970927,44.96783966139462,0,1,4,0,BusinessHours,0,0,0.27624257519901035
CHG004449,High,Normal,QA,0.006734534101622121,0.08272572873287427,14.169545922575372,64.09746689109392,0,1,3,0,BusinessHours,0,0,0.1387031583993289
CHG004450,Medium,Standard,QA,-0.7686428049614663,0.03465221466581553,20.52756456649668,76.22683286404238,0,1,2,0,BusinessHours,0,0,0.017578548945837418
CHG004451,Critical,Normal,Dev,-0.2468858558272829,0.10868613817073233,18.16802992839365,53.39313117597847,0,1,4,0,OffHours,1,0,0.090197644081729
CHG004452,Low,Normal,Staging,-1.3442363970167315,0.01,33.8057953657038,93.02698382015463,1,1,1,0,OffHours,1,0,0.003769436063198789
CHG004453,Medium,Standard,QA,0.40613725470544,0.05746290224135506,28.112873946893785,55.01080642027929,0,1,2,0,OffHours,1,0,0.05716513003316561
CHG004454,High,Normal,Dev,0.5898502463152723,0.09448475564322556,32.24987738294461,72.05806629935117,0,1,3,0,Weekend,1,0,0.07211166705238503
CHG004455,High,Normal,QA,2.469196036692818,0.1660131703778434,26.712850097694314,49.191884188345895,0,1,5,0,BusinessHours,0,0,0.41214416131017134
CHG004456,High,Normal,Staging,-0.6218359906044048,0.08291792525685238,7.016336092972388,85.50326501188198,1,0,3,0,BusinessHours,0,0,0.041513740827970554
CHG004457,Low,Standard,Production,-0.2677945736751827,0.05884511943254558,26.63477101171466,60.92421115347601,0,0,1,0,BusinessHours,0,0,0.04813348226525193
CHG004458,High,Standard,Production,-0.5757585244382156,0.07825788515590121,15.692673027242483,51.241583361382155,0,0,3,1,OffHours,1,0,0.10855889666933607
CHG004459,Low,Standard,Staging,0.21211370113122407,0.05182964986142734,30.970668700547144,69.75707021740314,0,0,2,0,OffHours,1,0,0.018030529605385662
CHG004460,High,Normal,Production,0.38169053447961365,0.10913272142634932,17.598460516287297,72.08546320419678,0,0,3,1,Weekend,1,1,0.21260686656671848
CHG004461,High,Standard,QA,-0.05337484442851077,0.09859332590567178,21.87192636135717,33.69084070170837,0,1,2,0,BusinessHours,0,0,0.047971090196679084
CHG004462,Low,Emergency,Staging,1.0863259168730321,0.11061903442172333,18.40149326958158,57.705295665493956,0,0,2,0,Weekend,1,1,0.33772145132085696
CHG004463,High,Emergency,Dev,-0.6169795037547775,0.010223048747951715,40.28974539041108,69.61431389272857,0,1,3,0,BusinessHours,0,0,0.023538265348031228
CHG004464,Medium,Standard,Dev,0.9861740478907121,0.18787965030167933,1.0,33.371434317859546,0,0,4,0,BusinessHours,0,0,0.20784794421471062
CHG004465,Medium,Normal,Staging,0.5384978536410825,0.043760091275324355,29.88668467105728,69.14588511476676,0,0,3,0,OffHours,1,0,0.0704165799532974
CHG004466,Critical,Standard,Dev,-0.012029919898946523,0.0589254941034339,13.352609687271304,54.90028618381958,0,0,5,0,BusinessHours,0,0,0.0954242787090989
CHG004467,Medium,Standard,Staging,-0.31493664075714545,0.09141403978822213,10.044096902507459,42.97518418716266,0,0,2,0,OffHours,1,1,0.18384242290106553
CHG004468,Medium,Standard,Staging,2.4266677587313694,0.18284142152216135,19.847961969246022,17.057938694199457,0,1,4,0,BusinessHours,0,0,0.4279440622136965
CHG004469,Low,Normal,Dev,-0.8170086507420794,0.08768029177838839,9.309150830757236,68.74616570908773,0,0,1,0,BusinessHours,0,0,0.05312399962808897
CHG004470,Low,Normal,QA,0.29793317696841465,0.057383058531543865,19.756018368069274,60.47836829903151,0,1,3,0,BusinessHours,0,0,0.03219473460327879
CHG004471,Low,Standard,Staging,-0.7502190702421325,0.101722147365151,9.547501213935941,59.036000733832026,0,0,1,0,Weekend,1,0,0.08987894177348456
CHG004472,Medium,Standard,Production,1.7856207486213058,0.1408283182859036,17.30345772591729,62.033040691804935,0,1,3,0,OffHours,1,1,0.3683253978322252
CHG004473,Medium,Standard,Production,0.8868263287992036,0.10666857650002134,31.612392860830507,66.51528085617,0,0,3,0,BusinessHours,0,0,0.07977844192666837
CHG004474,Medium,Normal,QA,-0.6783498788411441,0.050420645731878946,12.376013370400793,47.00967303959224,0,0,3,0,Weekend,1,0,0.0847613962185725
CHG004475,Medium,Standard,Production,0.5125949934312284,0.10148045497621183,10.791180379580506,67.09607704624939,0,1,4,0,BusinessHours,0,0,0.11761940398115477
CHG004476,Low,Normal,QA,0.2576957212765554,0.1314943742259735,12.496599717642983,71.62089763571959,0,0,1,0,BusinessHours,0,0,0.2564961794492751
CHG004477,Medium,Emergency,Dev,-0.5166247619747387,0.08719895479545826,23.209435796229393,62.451627578717414,0,0,2,0,OffHours,1,0,0.1541563593673108
CHG004478,High,Standard,Staging,0.7581642172281733,0.05597839523504802,39.698826763685176,66.57271278420406,0,0,5,0,BusinessHours,0,0,0.02755972343540304
CHG004479,Low,Normal,QA,0.38930539110441015,0.06146787488263718,26.8254672045821,49.6576933266487,0,0,2,0,BusinessHours,0,0,0.06871815298633409
CHG004480,Medium,Normal,Dev,0.21569871388595227,0.11643823129041843,10.350650604302135,50.604584541110825,0,1,2,0,Weekend,1,0,0.13011564343925383
CHG004481,Low,Normal,QA,-0.04191971124232876,0.06303599615582742,4.810307458032007,62.28993667941574,0,1,1,0,BusinessHours,0,1,0.07211633490678436
CHG004482,Medium,Normal,Production,0.43105449259965123,0.11594780525389804,10.41351450189282,78.3682055933268,0,0,4,0,BusinessHours,0,1,0.1862277160754074
CHG004483,High,Normal,Production,0.22938766149245945,0.058452683244472586,20.81679702024381,54.96296383301949,0,0,2,1,BusinessHours,0,0,0.29522671583240623
CHG004484,Low,Normal,Production,0.05909333302501734,0.10386870334562864,15.107732361579835,53.80682760325264,0,1,1,0,BusinessHours,0,0,0.11836859959733342
CHG004485,Medium,Standard,QA,-0.6410159159875635,0.061041318052276056,26.971636605067875,86.09587192838184,1,0,1,0,OffHours,1,0,0.01473248336445252
CHG004486,High,Normal,Staging,1.6937662407624925,0.19409868112048664,11.384154208861787,39.567593078542984,0,1,4,0,Weekend,1,1,0.6501584635586621
CHG004487,Low,Standard,Production,-1.050419943348547,0.03395127430460324,17.271707783824763,87.26239949749761,1,0,1,0,OffHours,1,0,0.04086812229324831
CHG004488,High,Standard,QA,0.427636218879745,0.07705493680336106,27.32289664657782,62.39304522960684,0,1,5,0,BusinessHours,0,0,0.07175365726025439
CHG004489,Medium,Normal,QA,-0.3202407423014329,0.11658828533959613,9.038566347144762,73.39467502824826,0,1,2,0,BusinessHours,0,0,0.12762670422168806
CHG004490,Low,Standard,QA,1.7595472694492997,0.1422772714747431,20.814943653113872,60.62012892777708,0,0,5,0,BusinessHours,0,0,0.11334586990582243
CHG004491,High,Standard,Staging,-0.9034825372238406,0.049807740724525346,10.30494834878779,80.61297937834593,1,1,2,0,OffHours,1,0,0.015367131991448872
CHG004492,Medium,Standard,Staging,-0.7352632617603321,0.061394601046385264,12.544571516060326,55.961930299030726,0,1,1,0,OffHours,1,0,0.12296735932039421
CHG004493,Low,Normal,QA,-0.9698180632618253,0.06188328092377733,16.163362979961395,72.18508963537548,0,0,1,0,BusinessHours,0,0,0.04554508668955456
CHG004494,Critical,Normal,Dev,0.3234650509506103,0.171018208572256,1.0,55.64329095091871,0,0,4,0,BusinessHours,0,0,0.2785562690296825
CHG004495,Medium,Standard,Production,-1.3730506595686418,0.01,26.19618309267659,90.4156151738138,1,0,1,0,BusinessHours,0,0,0.012982552035636592
CHG004496,High,Normal,Staging,-0.47852849475776627,0.0728918488222337,10.572578687640119,73.39996670672613,0,1,1,0,OffHours,1,1,0.11045105599818351
CHG004497,Low,Normal,QA,-2.152365822854285,0.01,35.452930184828624,73.96716156315888,0,0,1,0,OffHours,1,0,0.003324421036936349
CHG004498,Low,Standard,QA,0.24042135412809051,0.08668632490244034,26.888948542286133,73.6680073127137,0,1,1,0,BusinessHours,0,0,0.015406506243561881
CHG004499,High,Normal,Production,-0.5002148587562626,0.0968232645094361,16.13285466263987,53.697823733246956,0,1,1,1,OffHours,1,0,0.29383702357418046
CHG004500,Medium,Standard,Staging,-1.488056743931853,0.0772764332517215,8.017562749359028,56.208716684836055,0,0,1,0,BusinessHours,0,0,0.09968154163310203
CHG004501,Medium,Normal,Staging,1.0856094029740586,0.15370781609236117,19.47580296339165,56.51944905317717,0,1,4,0,OffHours,1,1,0.2562577127625923
CHG004502,High,Normal,Staging,-1.3076668983849393,0.06410888458997531,11.261239816564968,87.28755205078441,1,0,3,0,BusinessHours,0,0,0.06782227073300455
CHG004503,Medium,Standard,Production,0.7969436900282153,0.05711059450873554,30.314204746349127,68.6200039503318,0,1,3,0,BusinessHours,0,0,0.06421945740001184
CHG004504,Medium,Normal,QA,-0.7010408239878044,0.01695061939722823,14.733053535979732,94.2106913072535,1,0,2,0,BusinessHours,0,0,0.031538758615715146
CHG004505,High,Standard,QA,1.601571377895426,0.1265169229106311,24.81386756737551,45.557375552681115,0,1,3,0,OffHours,1,0,0.10226161053260568
CHG004506,Medium,Normal,QA,0.7495505389261462,0.1419620499090155,27.691126945904173,71.7892917626564,0,0,4,0,Weekend,1,1,0.2804799007314421
CHG004507,Medium,Standard,Production,-1.0080478708740281,0.06547556508884558,17.316719770456576,76.97501517343758,0,0,1,0,BusinessHours,0,0,0.037843843828507646
CHG004508,High,Normal,Dev,-0.9170825522103063,0.0633153379728312,20.544061301929197,74.61095108244949,0,0,3,0,BusinessHours,0,0,0.05857368967026889
CHG004509,Medium,Normal,QA,0.60552520522431,0.06996478242656852,36.44529325065678,84.49952208372792,1,1,3,0,Weekend,1,0,0.024991577641473254
CHG004510,Critical,Standard,QA,-0.2623781307101668,0.06306965596487542,23.766063689806213,61.64200403162183,0,1,2,0,Weekend,1,0,0.07631305852355975
CHG004511,High,Normal,Staging,-0.16934250702136555,0.12877436896707678,7.798072552786009,74.2842336433957,0,0,2,0,BusinessHours,0,0,0.22214782773635988
CHG004512,Medium,Standard,Staging,1.2722388617720979,0.09956121619152697,36.63090147881808,63.67991275091296,0,1,3,0,OffHours,1,0,0.048123877075372114
CHG004513,Medium,Normal,QA,-0.7486888733699565,0.08856403510023576,15.515096965178754,61.23452322962852,0,0,1,0,BusinessHours,0,0,0.0669585013870774
CHG004514,Critical,Normal,QA,0.09129377217545448,0.08386302569169558,17.801465293692956,45.16110664811252,0,0,4,0,OffHours,1,0,0.2985200824337291
CHG004515,High,Standard,Production,0.954627793652306,0.18949115159854038,1.0,56.58068779756118,0,0,3,1,OffHours,1,1,0.8424143898072762
CHG004516,Low,Standard,Dev,0.8091174883856003,0.08668134530316023,22.603670735050276,76.66298858961392,0,1,3,0,OffHours,1,1,0.03714930334363043
CHG004517,Medium,Standard,Production,-0.1596126675206725,0.05172446100652187,21.739958947844855,61.24722990988241,0,1,1,0,BusinessHours,0,0,0.03922057993336592
CHG004518,Medium,Normal,QA,-0.2889058808526582,0.039016892906811,28.79963626212599,74.55575064953695,0,0,2,0,BusinessHours,0,0,0.0841578959881632
CHG004519,High,Normal,Production,-1.7388154625209316,0.031904866153707,13.644728962450053,77.60994601479594,0,0,2,1,BusinessHours,0,0,0.11018165009271666
CHG004520,Critical,Standard,QA,-1.0562449926651958,0.06301774338658725,21.982720193884422,65.18848281409929,0,0,3,0,BusinessHours,0,0,0.06408512148976708
CHG004521,High,Standard,Staging,0.3183592265747336,0.10874629971259793,14.090872594726873,71.4431611370509,0,0,3,0,Weekend,1,1,0.2462100987772613
CHG004522,Medium,Normal,Dev,-0.1378821889422362,0.06766479116816884,32.715631010354166,61.840184785168404,0,0,3,0,BusinessHours,0,0,0.04734375296018905
CHG004523,High,Standard,QA,0.07492707856622638,0.03454931604273175,20.83551243938424,42.57471054885232,0,1,2,0,BusinessHours,0,0,0.07514726690497768
CHG004524,Low,Standard,Production,1.0392536096340605,0.11890004233316961,16.182468779915315,58.18679762223067,0,1,2,0,OffHours,1,0,0.16236651111285727
CHG004525,Medium,Normal,Staging,-1.1873231090622745,0.01,35.13277882886979,81.94234051596517,1,0,1,0,BusinessHours,0,0,0.010387868459948811
CHG004526,Medium,Standard,Production,-0.23618030223264996,0.07389213420130682,27.12937030619265,59.21736533402023,0,1,2,0,BusinessHours,0,0,0.035781189767815566
CHG004527,Medium,Emergency,Staging,0.1887109634112177,0.07347997072141838,20.05832195552016,39.25168307230204,0,0,2,0,BusinessHours,0,0,0.37630165360155676
CHG004528,Medium,Standard,Staging,-0.704159937574516,0.027325311563317103,16.17807708997658,53.30941034668308,0,0,1,0,Weekend,1,0,0.04058429551714446
CHG004529,Low,Normal,Production,1.431477113927417,0.16931110807019378,9.53695484190604,39.67981768045377,0,1,4,0,Weekend,1,0,0.6152515109958294
CHG004530,Low,Standard,QA,0.9085868016131475,0.1305276308274968,21.86798973541889,48.85754732544714,0,0,1,0,BusinessHours,0,0,0.0740409575158735
CHG004531,High,Standard,Production,0.2901333270887555,0.1431082020191534,3.383477692445963,63.45640984681431,0,1,6,1,BusinessHours,0,0,0.31153147921575974
CHG004532,Low,Standard,QA,1.7942317793285865,0.20303240389218616,15.262370147391106,49.650088486308064,0,1,2,0,OffHours,1,0,0.25347017500465274
CHG004533,Medium,Emergency,QA,-1.4988952796101422,0.07815630827997849,1.0,47.045915563421005,0,0,1,0,OffHours,1,0,0.15891640595545667
CHG004534,Low,Normal,Production,-0.007726281105681772,0.08496423520341856,12.146117441255006,70.108627064276,0,0,2,0,BusinessHours,0,0,0.1264965155362216
CHG004535,Medium,Standard,Dev,0.36633696893406104,0.05634598603723224,24.772731877034072,72.04704343521364,0,1,3,0,BusinessHours,0,0,0.015238320260512677
CHG004536,Medium,Emergency,Dev,-0.9145550467939221,0.04338588162045117,27.624863134820657,58.26351354579308,0,0,1,0,BusinessHours,0,0,0.06005297443877144
CHG004537,High,Standard,Dev,0.30071454181772833,0.06022651061772742,22.596266666135953,66.44166392958877,0,0,5,0,BusinessHours,0,0,0.04325457142266869
CHG004538,Medium,Standard,Staging,-1.106582493787878,0.01,36.3709850708958,100.0,1,1,1,0,BusinessHours,0,0,0.001951033016297228
CHG004539,Medium,Standard,Staging,0.6905573182742532,0.08354227379462563,18.07909795764787,70.03215426928914,0,1,2,0,BusinessHours,0,0,0.03998778829060788
CHG004540,High,Normal,Dev,1.0578347681289066,0.1619934971954445,20.717927291967996,47.59905108078188,0,1,4,0,BusinessHours,0,0,0.24905343843601147
CHG004541,Low,Standard,Dev,0.2723334011283283,0.13493387698111237,8.078200003103685,69.15470801225763,0,0,3,0,BusinessHours,0,0,0.04881179206189974
CHG004542,High,Standard,QA,-1.8527978150649458,0.01,13.98459674499825,90.12068457786671,1,0,3,0,BusinessHours,0,0,0.012034292319701422
CHG004543,Low,Emergency,QA,-0.9667935211660346,0.025640348843220313,13.327702334097905,61.42069328455796,0,0,1,0,BusinessHours,0,0,0.1133016048558641
CHG004544,High,Normal,Dev,0.5647100032131608,0.1378632275921189,15.427469924050474,52.63287330985398,0,0,2,0,BusinessHours,0,0,0.2761708067098318
CHG004545,Low,Standard,Dev,0.021198643512365802,0.05267630181568764,31.175207526296216,66.99187279408065,0,0,1,0,BusinessHours,0,0,0.01810187747010167
CHG004546,Medium,Normal,Production,-2.694002617692488,0.01,24.831274228140032,80.83335525751201,1,1,1,0,BusinessHours,0,0,0.0019746759060896278
CHG004547,Medium,Standard,Production,1.2428303838682404,0.11690420148769573,14.546529195563128,45.695017210193825,0,1,3,0,OffHours,1,1,0.4788289283505711
CHG004548,Medium,Normal,QA,0.13665650625383235,0.09074313296627512,10.110705180831863,50.861149852574954,0,0,2,0,OffHours,1,0,0.20903680455029044
CHG004549,High,Standard,QA,-0.819074664000045,0.05189822770691919,11.245060179708016,63.06393652277029,0,0,2,0,Weekend,1,0,0.09299731450507558
CHG004550,Low,Normal,Dev,0.9949555975666642,0.07879253714030597,19.273835257846596,68.72219248460848,0,1,3,0,Weekend,1,0,0.08591647886647077
CHG004551,Medium,Normal,QA,-0.6775400129068989,0.03244425915705656,25.275148470111283,98.66803938837288,1,1,1,0,BusinessHours,0,0,0.004146103704801344
CHG004552,High,Standard,QA,-0.6884521176042147,0.01,35.77303122573173,93.91180725207906,1,0,2,0,Weekend,1,0,0.006228690470188841
CHG004553,High,Standard,Production,0.3583526510140362,0.10855234382541819,20.029137476400678,57.61170944996597,0,0,4,1,Weekend,1,0,0.3439302025099366
CHG004554,Medium,Standard,Production,1.7810384592422948,0.2111831855750122,11.669961605969064,47.61642825998467,0,1,1,0,BusinessHours,0,0,0.2951287890135824
CHG004555,Medium,Normal,Staging,1.6235871779728863,0.12963561263883136,24.044415675816264,69.78686924963274,0,1,4,0,BusinessHours,0,0,0.1479183167198296
CHG004556,High,Normal,Dev,0.35971149890410664,0.11254459391399033,9.394519536875269,61.99922214740912,0,0,6,0,BusinessHours,0,0,0.2278978241003249
CHG004557,High,Normal,Staging,0.46238565885031974,0.1008657278004589,12.999999727929666,62.63901425951829,0,1,4,0,Weekend,1,0,0.21905934640411304
CHG004558,High,Emergency,Production,0.791498932084825,0.13749139000365906,22.212377693512344,48.93758631988076,0,1,4,1,BusinessHours,0,0,0.3875244930533402
CHG004559,High,Normal,Dev,-1.256983675369349,0.11927197148743478,7.040646520484179,39.56088197039014,0,0,2,0,BusinessHours,0,0,0.21104346118127956
CHG004560,Medium,Emergency,Production,0.6441483371519825,0.08199784702419008,27.330871884227054,55.39516283635522,0,1,3,1,OffHours,1,0,0.32056477291918084
CHG004561,Medium,Normal,Dev,-0.7340734681435281,0.04788483151863921,11.184433105575991,59.093431619907335,0,0,3,0,Weekend,1,0,0.07687391791471523
CHG004562,Medium,Standard,Production,0.3184780667965807,0.041255612258295514,23.50691201611887,76.0838017279955,0,1,2,0,OffHours,1,1,0.05134207864388156
CHG004563,Low,Normal,Dev,-0.22746762760733732,0.06508371987910308,29.935818639886644,58.0358982624288,0,0,2,0,BusinessHours,0,0,0.027199856118435527
CHG004564,High,Standard,Staging,0.5012083271142144,0.17422317746206123,8.690356573278121,59.30113588243552,0,0,4,0,BusinessHours,0,1,0.34186865445856646
CHG004565,Medium,Standard,QA,0.1181034650064601,0.10481605521356241,11.061232629468572,60.411609664441244,0,1,4,0,OffHours,1,1,0.04309739689094226
CHG004566,Low,Standard,Staging,-3.0730302708212998,0.018216022297679223,8.682522281631993,61.202329828394575,0,0,1,0,OffHours,1,0,0.016513001050481497
CHG004567,Medium,Standard,Staging,0.17889171170518062,0.14837384713748586,10.649582529347482,51.604270101865794,0,0,2,0,BusinessHours,0,1,0.1327815171946068
CHG004568,Medium,Normal,Staging,0.6421529522992627,0.09039036447573659,27.931533023552607,90.78198063872995,1,1,3,0,OffHours,1,0,0.061297686022021
CHG004569,Low,Standard,Staging,0.4459283483384537,0.07249633985163627,6.831824793331583,32.424528137068584,0,1,1,0,BusinessHours,0,0,0.04827434767719128
CHG004570,Medium,Standard,Dev,-0.10258594620857964,0.08150060892893424,25.748691564965487,74.27434554916667,0,0,3,0,BusinessHours,0,0,0.03494918021305466
CHG004571,High,Emergency,Production,1.642161691930406,0.20156525641155865,9.008879062953776,15.967674591300534,0,1,4,1,BusinessHours,0,1,0.7985719700591057
CHG004572,Medium,Normal,Dev,0.3113731291216611,0.05460823220556584,14.85849833043761,77.33430287534615,0,1,2,0,Weekend,1,0,0.05656674492706318
CHG004573,Low,Standard,Staging,0.4376733001931063,0.07977978271260683,22.370901848227298,67.96573710126003,0,0,1,0,BusinessHours,0,0,0.10362216588803493
CHG004574,Medium,Standard,Dev,1.0444918940505687,0.11565792670860926,21.06301327592273,65.56592486515912,0,1,2,0,BusinessHours,0,0,0.030548256607738775
CHG004575,Low,Standard,Staging,0.3625929996965988,0.042652845784383435,24.81920081275427,77.81778224467756,0,1,2,0,BusinessHours,0,0,0.04835482803719086
CHG004576,Critical,Emergency,QA,-0.8980177534142035,0.051796216306490214,33.36262461565744,69.61476677541292,0,1,1,0,Weekend,1,1,0.06650515505541492
CHG004577,Medium,Standard,Production,-2.4383374137796223,0.01,26.576985243101333,95.37000211916191,1,0,1,0,Weekend,1,0,0.0040409375223999355
CHG004578,High,Emergency,Staging,-0.47712090201808144,0.0862356602978365,18.412688967897985,49.05404893647704,0,1,3,0,OffHours,1,0,0.17602407450107066
CHG004579,Low,Standard,Dev,0.7609455258811165,0.06524926766407138,33.6061455049747,63.927026616731276,0,1,2,0,BusinessHours,0,0,0.022469933745285987
CHG004580,Low,Normal,Production,-0.35309633141780583,0.10766962838812576,12.103370021476707,54.9465938373251,0,0,1,0,OffHours,1,1,0.1891334939210405
CHG004581,Medium,Standard,Dev,0.8011783722817295,0.15080481143977226,10.102737927424156,51.14856404258631,0,1,2,0,OffHours,1,0,0.2912789876311274
CHG004582,High,Normal,QA,0.148728175920273,0.06259612701584674,21.64038066924845,46.37418475025839,0,1,4,0,BusinessHours,0,0,0.046189148835717356
CHG004583,Critical,Standard,QA,1.2880660702621847,0.15535609031811845,8.944805364129467,56.51825838893651,0,1,4,0,BusinessHours,0,0,0.24729642521449866
CHG004584,Medium,Standard,Production,-0.2952167071206611,0.05817893037679637,24.068840897297513,94.73355323490904,1,0,2,0,BusinessHours,0,0,0.03172006597554251
CHG004585,Medium,Emergency,Production,0.46761482656768805,0.05932471530009387,13.629031063183021,46.781683247639926,0,1,4,1,BusinessHours,0,0,0.18130247645106362
CHG004586,Low,Normal,Production,0.5058850645353592,0.08670984715568185,34.07405909507549,82.55531204290605,1,1,1,0,BusinessHours,0,0,0.032492613574106606
CHG004587,Medium,Standard,Dev,1.501601872631193,0.14578729461482598,14.974195027265772,50.96184234374343,0,0,3,0,BusinessHours,0,0,0.18127383897647928
CHG004588,Medium,Normal,Dev,-1.706637306334278,0.0193369695194848,13.396813642833962,71.81780602119902,0,0,1,0,OffHours,1,0,0.019001952166113417
CHG004589,High,Standard,Production,-0.4584082745531576,0.01,21.09571066330359,67.6507129837898,0,1,3,1,OffHours,1,0,0.06002243848752623
CHG004590,Medium,Emergency,QA,0.8485161053885039,0.11130545663305505,10.235206087564533,44.60163410781652,0,0,2,0,Weekend,1,0,0.4750940726627218
CHG004591,High,Standard,Staging,1.545896479778648,0.15290672455546597,13.059144885304056,39.033708698045075,0,1,3,0,BusinessHours,0,1,0.32459613918113067
CHG004592,High,Standard,Production,0.24007151264208035,0.08884354205899245,17.583179846995478,73.67462166643939,0,0,3,1,BusinessHours,0,0,0.13921035505769006
CHG004593,Low,Standard,Dev,-0.29270416442148695,0.05031424895966332,22.005554548305216,60.90525913417409,0,0,1,0,BusinessHours,0,0,0.02732423801344119
CHG004594,Medium,Standard,QA,0.7571183686744447,0.1734642273521202,23.646742534026412,43.213138933021554,0,0,3,0,OffHours,1,0,0.2738932239045868
CHG004595,High,Emergency,Production,0.868702675231683,0.11196537747984274,19.867051827343968,47.23189312324774,0,1,5,1,BusinessHours,0,1,0.525642865173961
CHG004596,Medium,Standard,Staging,-0.3596616786673072,0.01,25.535048163050057,70.71198572512057,0,1,1,0,Weekend,1,0,0.010337207634150896
CHG004597,Medium,Standard,Production,0.3303073121775462,0.10276584727078754,11.889754368926967,55.3286345816894,0,1,2,0,BusinessHours,0,0,0.12765564399408272
CHG004598,High,Normal,Staging,1.1805272624119694,0.12236272969347417,17.330243571262944,51.59993343073851,0,0,4,0,OffHours,1,1,0.4399223673939682
CHG004599,Low,Standard,QA,1.8904589932744518,0.18315485675299575,1.0,21.84773674286504,0,1,3,0,BusinessHours,0,0,0.28762495210322014
CHG004600,High,Standard,Production,0.7426049592352919,0.13119437906141324,13.497265852982318,76.2690733411057,0,1,3,1,BusinessHours,0,0,0.08537086078443878
CHG004601,Medium,Normal,Production,0.044138896665593126,0.07232386275642622,17.017548944334322,78.99680395422901,0,1,1,0,OffHours,1,1,0.08488680681360625
CHG004602,Medium,Standard,Production,-0.05407517603790821,0.06307393805214803,27.266731223666635,63.72533359522255,0,0,2,0,BusinessHours,0,0,0.0579431635236138
CHG004603,Medium,Normal,Staging,0.5573965571936229,0.12458439603050372,31.676637204393476,61.06882543014516,0,0,5,0,BusinessHours,0,0,0.22664994047241707
CHG004604,Medium,Normal,Staging,-0.11567284247945017,0.05643151888814922,21.34172936027315,80.24568489955043,1,1,2,0,OffHours,1,0,0.03020847295285893
CHG004605,Low,Standard,QA,0.18964049902238825,0.04430056650255882,29.931491754333393,71.10604809557839,0,0,1,0,BusinessHours,0,0,0.04017002625400552
CHG004606,Low,Normal,QA,-1.0578762645308748,0.018469314207197635,26.08421999808233,100.0,1,0,1,0,OffHours,1,0,0.010253967641242926
CHG004607,Medium,Standard,Production,1.297057196491159,0.07982083372853818,21.27355706191141,58.649703667691675,0,1,4,0,OffHours,1,0,0.1756435613669389
CHG004608,Medium,Normal,Production,-1.1401847271486785,0.01,40.38046974355401,99.37907791934182,1,0,1,0,Weekend,1,0,0.01569071559514697
CHG004609,Medium,Normal,Staging,-0.4321117604530126,0.06689196228529475,29.44167642188865,51.2533928058034,0,1,3,0,OffHours,1,0,0.10767738309467689
CHG004610,Low,Normal,Production,0.09759326085181382,0.12077186756813572,11.442848272572174,40.76025074160353,0,0,1,0,BusinessHours,0,0,0.21013708827977448
CHG004611,Low,Normal,QA,1.9909868798886388,0.10390424987063637,27.12230314191572,73.93180071437715,0,1,3,0,OffHours,1,0,0.17094577284921297
CHG004612,Low,Normal,Production,-0.42268298485232736,0.02032399399949568,26.555778490414056,68.66186434849237,0,0,1,0,OffHours,1,0,0.055967418737231114
CHG004613,Medium,Standard,Staging,-0.6660158139603963,0.01,31.818730997729237,67.30872281674587,0,0,2,0,BusinessHours,0,0,0.01281993533462727
CHG004614,Low,Emergency,Production,-0.5508169173337938,0.01,31.950716484167845,67.80287439876162,0,0,1,1,OffHours,1,0,0.0699064836320071
CHG004615,Low,Standard,Production,1.6588971676113125,0.11051686999603577,38.94437173549159,80.5148507402364,1,1,3,0,BusinessHours,0,0,0.04931050297717718
CHG004616,Medium,Normal,Staging,-2.8123469935060212,0.01,33.27553501085988,82.67545752937257,1,1,1,0,OffHours,1,0,0.0033135809882251614
CHG004617,High,Normal,Production,-1.002738012148587,0.010618442099817132,19.21681827625704,74.12311262492993,0,0,1,1,BusinessHours,0,0,0.12612163401118776
CHG004618,Medium,Standard,QA,2.7312887091595517,0.2319961369477547,9.557067784963582,11.200938179038882,0,1,4,0,BusinessHours,0,1,0.5681407691263048
CHG004619,Medium,Standard,Production,0.5908820734916369,0.12604673659427412,22.022511496625793,56.8035449671297,0,1,2,0,BusinessHours,0,0,0.09527749930507287
CHG004620,High,Emergency,Dev,-1.10598494933922,0.04965134462824399,20.700283169423802,71.94674972839736,0,0,3,0,BusinessHours,0,0,0.1284064141474063
CHG004621,Medium,Normal,Dev,-0.04191798217477153,0.06383839080364065,33.69248389919786,57.40380608527627,0,0,2,0,Weekend,1,0,0.09396393588818731
CHG004622,Medium,Normal,Production,0.06745456606786167,0.09826720625902914,25.72892774193535,49.579089077823944,0,0,3,0,OffHours,1,0,0.22131552769593935
CHG004623,Low,Standard,Production,0.8461252459056059,0.09420896620634059,27.765088263595526,52.21977268772924,0,1,2,0,BusinessHours,0,0,0.15405034203755033
CHG004624,Low,Normal,Production,1.8395020028225635,0.18191740506224865,23.760726357704893,42.28649521266863,0,1,4,0,BusinessHours,0,0,0.3750621914611146
CHG004625,Medium,Standard,QA,0.38855168127921547,0.055596530961140214,33.81727500065388,77.61329414233846,0,1,1,0,Weekend,1,0,0.0316470717337857
CHG004626,Low,Normal,Dev,-0.5397883030129608,0.1306113385828935,10.287001892389737,54.81355518865465,0,0,1,0,OffHours,1,0,0.21403470571700167
CHG004627,Medium,Standard,Staging,0.7870844420982043,0.12158669977110684,13.093022359180162,66.90857119939415,0,1,3,0,BusinessHours,0,0,0.10889655483314067
CHG004628,Medium,Normal,Production,-0.6982526968628611,0.018006073220548285,32.61789293343643,79.34463536567412,0,0,1,0,BusinessHours,0,0,0.05210238935724581
CHG004629,Low,Normal,Production,-1.0333374959890294,0.01,22.05433984384699,78.91870209231101,0,1,1,0,BusinessHours,0,0,0.012674366722887836
CHG004630,Low,Standard,Production,-1.759908871956445,0.01,30.612458222162793,74.88661605201804,0,0,1,0,BusinessHours,0,0,0.01312498388812988
CHG004631,Low,Normal,Staging,-1.5651283945004009,0.01,36.23425395242012,94.50314180702497,1,0,1,0,BusinessHours,0,0,0.002447929846381612
CHG004632,Medium,Standard,Production,-0.8964451561242719,0.0563548630054012,18.61735311179946,92.42214759499387,1,1,2,0,OffHours,1,0,0.02948198525558286
CHG004633,Low,Standard,QA,-1.177789767700871,0.017128332371472838,6.672747324861099,63.15353523177713,0,0,1,0,BusinessHours,0,0,0.02560196516405252
CHG004634,Medium,Standard,Production,0.31323652737471736,0.09066035311095229,24.163351291320225,53.98421780188391,0,0,4,0,BusinessHours,0,0,0.09242627341378126
CHG004635,Medium,Standard,Staging,-1.1994018258240353,0.037479551893419144,21.088657000689984,60.942922306527635,0,0,1,0,Weekend,1,0,0.039268339771305935
CHG004636,Medium,Standard,QA,-3.143666302024744,0.01,13.425601043103285,94.65116401862149,1,0,1,0,BusinessHours,0,0,0.003484611850812909
CHG004637,Critical,Normal,Staging,-1.0439117745894657,0.08085582959909177,12.770938176691002,69.23889637989275,0,0,2,0,BusinessHours,0,0,0.11605659683256153
CHG004638,High,Normal,Production,-0.47185964772141936,0.08769332075849642,6.618834201685365,67.65456887894946,0,1,3,1,BusinessHours,0,0,0.15657682562121897
CHG004639,Medium,Normal,QA,-0.6054494878719654,0.034527766948299635,23.968089693507103,67.44661886972341,0,0,1,0,BusinessHours,0,0,0.047316452397127964
CHG004640,Medium,Emergency,Dev,1.5195246793091843,0.1362165051103646,16.08175167085374,50.34237546321163,0,1,2,0,OffHours,1,0,0.23361714531993483
CHG004641,Medium,Normal,Production,-0.6135425592891501,0.06787737929114555,21.164212611930996,63.93471355561511,0,0,2,0,OffHours,1,0,0.13140404893240576
CHG004642,Critical,Standard,Production,0.8809234631991979,0.14757660260738215,15.073016258937214,35.44671934712862,0,1,2,1,BusinessHours,0,1,0.4732897137750711
CHG004643,Medium,Normal,Staging,-0.01898259968086171,0.034637901740655966,15.417121122468535,79.76203406983676,0,0,1,0,BusinessHours,0,0,0.09065028677131398
CHG004644,Low,Emergency,Dev,-0.042304725672598735,0.07225527092021979,27.12708277815813,60.366871875122996,0,0,2,0,BusinessHours,0,0,0.06480084461962618
CHG004645,High,Standard,Staging,-0.835380288848037,0.08186216969531059,13.026845347095357,60.04585688195323,0,0,2,0,Weekend,1,0,0.13483810857869347
CHG004646,Low,Standard,Dev,-0.058782651580767155,0.12735992562606455,17.788462014497398,59.83195789988082,0,1,1,0,BusinessHours,0,0,0.03732924364638921
CHG004647,High,Emergency,QA,-0.7650961268974169,0.06859786458733004,32.27677496742625,50.472341541355185,0,1,4,0,OffHours,1,0,0.06224219838042124
CHG004648,Low,Normal,Dev,0.1700243142545705,0.11782176170175761,4.505479647342445,59.18255004098875,0,0,3,0,Weekend,1,0,0.22361666437236744
CHG004649,Low,Normal,Staging,-0.2362496326236882,0.0296319982552678,31.509026977145147,63.57267744538739,0,0,1,0,BusinessHours,0,0,0.0619420350926848
CHG004650,High,Normal,QA,-0.9446279331916002,0.01,26.005112711106115,82.00212598752259,1,0,3,0,OffHours,1,0,0.011660885976676512
CHG004651,Medium,Standard,Dev,0.9918943397005953,0.07814206621399933,33.09471312839495,82.0710137125609,1,1,5,0,OffHours,1,0,0.01487095394620753
CHG004652,Medium,Normal,QA,0.42684048002142533,0.09236962806973945,29.67332122099928,74.45672005003829,0,1,2,0,BusinessHours,0,0,0.06465030938349743
CHG004653,High,Normal,Staging,-0.44806273414224823,0.03004567029500195,32.96395342476859,71.42958915786579,0,0,2,0,Weekend,1,0,0.06496241321180121
CHG004654,High,Standard,QA,0.14549304703531002,0.01,47.459764685707185,78.38640386246777,0,0,3,0,OffHours,1,0,0.03873634475278872
CHG004655,Medium,Standard,Dev,-0.08382252150196365,0.1160195519642889,7.698453686917272,18.60297660813413,0,0,1,0,BusinessHours,0,0,0.20271029111231603
CHG004656,Critical,Standard,Staging,-0.8675909372632739,0.03187656221432985,15.602241550467197,58.82767532798765,0,0,4,0,OffHours,1,0,0.13263187687932515
CHG004657,Medium,Normal,Production,0.07049622902116384,0.049045849262584214,29.686294253459657,72.38099917219616,0,0,2,0,BusinessHours,0,0,0.18269595563254123
CHG004658,Low,Normal,Production,-0.6210117548073745,0.06294644132458141,18.423723981791856,58.437104793747686,0,0,1,0,BusinessHours,0,0,0.08592923613515593
CHG004659,High,Normal,Staging,-0.9449338356200992,0.04631198064492182,26.37105204984831,65.32072769612022,0,1,2,0,Weekend,1,0,0.028846609537931837
CHG004660,Medium,Standard,Production,-1.6227673302665249,0.01,19.10704135433616,83.46845685657804,1,0,1,0,OffHours,1,0,0.017916504351266585
CHG004661,High,Normal,Production,-0.3586073535386307,0.06841141659198754,30.043053213403674,84.46839919073862,1,1,3,1,BusinessHours,0,0,0.030809917311983147
CHG004662,Low,Standard,Staging,0.5669706595837234,0.09640034924466874,21.03341063739563,49.88474371060377,0,1,1,0,Weekend,1,0,0.10967994650764061
CHG004663,Low,Emergency,Staging,-0.6946593533788596,0.07234628910166466,26.116750267226664,67.39982147405605,0,0,1,0,BusinessHours,0,0,0.05948051270665083
CHG004664,Low,Normal,Dev,2.5207086921579696,0.18617692911721684,10.210627408525575,49.70222952939006,0,1,3,0,BusinessHours,0,0,0.4179619990449918
CHG004665,Medium,Normal,QA,0.8856856536527323,0.1280001289819208,20.261542629258198,48.09086205878964,0,1,2,0,BusinessHours,0,0,0.09028309417032436
CHG004666,High,Standard,QA,1.3043301326604781,0.17599396216721683,15.879772752973825,40.4111571527918,0,1,2,0,Weekend,1,0,0.27580214595281854
CHG004667,Medium,Standard,QA,0.7952430120737586,0.08095155325441657,31.337428365270185,86.94772214845665,1,1,2,0,BusinessHours,0,0,0.02097844545087577
CHG004668,Low,Standard,Production,1.8528649749385728,0.16330006020319748,24.641886968210677,41.34538917906197,0,1,4,0,BusinessHours,0,0,0.11738570487003902
CHG004669,Medium,Normal,QA,-0.7870019834725421,0.03073960083970832,32.79783579500277,71.68368836776662,0,0,1,0,BusinessHours,0,0,0.022499614478974313
CHG004670,Medium,Standard,Staging,-2.5607373856586215,0.03928941452421802,14.933395477463206,100.0,1,0,1,0,OffHours,1,0,0.007977029843879081
CHG004671,Medium,Normal,Production,-0.44612560835288306,0.11227652780971865,1.0,49.84623749186132,0,0,1,0,BusinessHours,0,0,0.2212012791266054
CHG004672,Medium,Standard,Staging,0.5582185755475376,0.12149029065454939,23.73372182989523,76.7408419894801,0,0,2,0,Weekend,1,0,0.1430476420129977
CHG004673,Low,Normal,QA,0.15151697174797846,0.01,48.556726798686555,71.81526969548274,0,1,2,0,BusinessHours,0,0,0.010605294169315032
CHG004674,Medium,Standard,Production,0.2754726109677837,0.03563946040703651,31.610445541304202,73.31889075173552,0,1,2,0,BusinessHours,0,0,0.04965394889215286
CHG004675,Medium,Standard,QA,1.3209100026698724,0.1930663021652878,6.364623000140728,63.58264076747235,0,0,4,0,Weekend,1,0,0.2657678037969001
CHG004676,Medium,Normal,Dev,0.3820575744624996,0.060829501177888406,22.011915621616897,59.30553419009342,0,0,4,0,BusinessHours,0,0,0.07853488795412036
CHG004677,Medium,Standard,QA,0.7989129275910215,0.08140679722652248,28.010396431100325,64.89864068220298,0,0,3,0,Weekend,1,0,0.08446384547850155
CHG004678,Medium,Standard,QA,-0.9395627418527589,0.04550900096956598,4.724370924468393,71.87101963383039,0,0,1,0,OffHours,1,0,0.06440426706770445
CHG004679,Medium,Normal,Production,-1.0953936892160367,0.01,35.54854620779912,72.52661283530476,0,1,1,0,OffHours,1,0,0.0160044931349448
CHG004680,Low,Standard,QA,1.6141139230244876,0.12970256944282646,22.308558161167326,77.79937970725541,0,1,3,0,BusinessHours,0,0,0.14421745830499438
CHG004681,Low,Normal,Production,0.10090153514706786,0.07335067262354511,19.946986627555106,76.0107148557841,0,0,2,0,BusinessHours,0,0,0.11662337769652742
CHG004682,High,Normal,Dev,-0.6232291834461349,0.060354968467011175,20.277477950345084,65.86493892923906,0,1,3,0,BusinessHours,0,0,0.04369901298399957
CHG004683,Low,Standard,Production,-0.6213944935471182,0.03162872372423707,30.12075298617994,75.16506300504756,0,0,2,0,BusinessHours,0,0,0.017180771574547064
CHG004684,High,Standard,Dev,-0.6491231216382576,0.0565543493751959,13.938245220836086,87.84735878867104,1,0,3,0,OffHours,1,1,0.05852177712484163
CHG004685,Medium,Standard,Production,-0.7089590210458417,0.08705740835578497,1.0,54.46510733701372,0,0,1,0,BusinessHours,0,0,0.2089139236225704
CHG004686,Medium,Standard,Dev,-1.2831478026036598,0.040655633697627716,20.43310777280916,71.85996756148211,0,0,1,0,BusinessHours,0,0,0.022011964079803815
CHG004687,High,Standard,Production,-1.5004204022205085,0.11539878787190337,4.013113148261219,76.4517414076657,0,0,2,1,BusinessHours,0,1,0.23661362841382894
CHG004688,Medium,Normal,Production,-0.19500437765441916,0.106351269919497,24.68418538618034,47.64561751661415,0,1,2,0,BusinessHours,0,0,0.08696853992419282
CHG004689,Low,Standard,Staging,-0.5929258703203995,0.01,32.95521405641134,77.11154096508972,0,0,2,0,BusinessHours,0,0,0.012099344974765615
CHG004690,Low,Normal,Dev,1.1071592854432952,0.13070169716027,31.994341084168788,61.20629393749017,0,1,2,0,OffHours,1,0,0.09419028394221429
CHG004691,Medium,Normal,Staging,0.29307665326691656,0.09752616128920513,21.31407305176986,61.507314027568015,0,0,3,0,BusinessHours,0,0,0.05777009373961852
CHG004692,Medium,Standard,Staging,0.2653176800779831,0.038083180498861426,23.181924604019763,48.43272950027639,0,0,1,0,BusinessHours,0,1,0.06882452547976949
CHG004693,High,Normal,Staging,-0.7431204075544506,0.01,49.65196652309508,88.64651000709371,1,1,1,0,OffHours,1,0,0.006369101696495755
CHG004694,Medium,Standard,Staging,-0.1210284157799757,0.09731038449989633,11.57924198757105,70.1087187488761,0,0,1,0,OffHours,1,0,0.1608163251193561
CHG004695,Medium,Standard,Production,0.36100110363144033,0.07595333964305133,19.370414891487435,56.75024713651528,0,1,2,0,Weekend,1,1,0.12453017523390775
CHG004696,Medium,Emergency,Production,0.7161957397126754,0.12391510067987044,15.136262890708718,32.045903612361165,0,1,3,1,OffHours,1,1,0.39158416643143484
CHG004697,Low,Normal,Staging,-0.09389182651836551,0.056405500233897635,37.74496887730902,87.52171947294113,1,0,1,0,BusinessHours,0,0,0.011972495242716291
CHG004698,High,Standard,Dev,1.079123779324209,0.1481638985011601,16.149780065620785,62.27352007997024,0,1,6,0,BusinessHours,0,0,0.16902183636974588
CHG004699,Low,Normal,Dev,0.007989308907942713,0.05087451656208807,36.53818143258923,72.62636444775647,0,0,1,0,Weekend,1,0,0.020048883604040175
CHG004700,High,Emergency,Production,0.7928471185176799,0.09749981702470296,17.713642608162655,55.99176617720623,0,1,4,1,OffHours,1,0,0.5493612663157108
CHG004701,Low,Normal,Production,-0.4898522085891503,0.01,21.614568093031714,81.66957976245727,1,0,1,0,Weekend,1,1,0.019324469936387704
CHG004702,Medium,Normal,QA,-1.8125883665686418,0.01,24.666729753326944,100.0,1,0,1,0,BusinessHours,0,0,0.007094675092218458
CHG004703,Low,Normal,Dev,0.26835898801852265,0.12315256633183971,16.97568548206669,70.59593389983682,0,0,2,0,Weekend,1,0,0.08072993878617718
CHG004704,High,Normal,QA,0.7253240631466256,0.03818986195150587,27.729398769359676,46.316118112360535,0,1,6,0,Weekend,1,0,0.10885239259326387
CHG004705,Low,Normal,QA,0.5753473318075695,0.08295925352195109,30.78546629370347,54.32120148012816,0,0,1,0,BusinessHours,0,0,0.10159675353972628
CHG004706,Medium,Normal,Production,0.42218666143744,0.05565101257820119,21.12489575603951,56.783325894191655,0,1,3,0,BusinessHours,0,0,0.15042756993158693
CHG004707,High,Normal,Staging,-0.3485869659549873,0.044875102392694294,16.622077981943715,70.05531870000134,0,1,3,0,BusinessHours,0,0,0.09146475844146415
CHG004708,Medium,Standard,Dev,-0.8067462514455923,0.0884925070776811,26.97643312247161,62.900978922719474,0,0,2,0,BusinessHours,0,0,0.040979642520040334
CHG004709,Low,Standard,QA,0.5517282690437805,0.10148355250176803,13.76172347458071,44.7132318288384,0,0,2,0,BusinessHours,0,0,0.06882687641376718
CHG004710,High,Standard,Dev,0.42644741619827503,0.10087828649260835,1.0,56.876084837583946,0,0,4,0,BusinessHours,0,0,0.32217892214650995
CHG004711,Medium,Standard,Staging,-0.5608990908438263,0.029136805385612682,33.62344620871043,87.382237422106,1,1,1,0,Weekend,1,0,0.012764208216565686
CHG004712,Low,Standard,Staging,1.1094241891920569,0.20214907650216052,9.865520526994876,46.24564534092969,0,1,2,0,BusinessHours,0,0,0.1979621926551314
CHG004713,Medium,Normal,Dev,-0.8828655145476005,0.015080967138690914,19.675420753172173,73.05289551652152,0,0,1,0,Weekend,1,0,0.04130725401592276
CHG004714,High,Emergency,QA,-0.5835233787910404,0.04787646111335678,36.34189080380426,52.59382210354207,0,1,2,0,BusinessHours,0,0,0.06390899196700174
CHG004715,Medium,Standard,Production,1.636425212341665,0.1516291832169443,19.700278450964063,51.51392663324441,0,1,3,0,OffHours,1,0,0.2066842815962571
CHG004716,High,Standard,Production,0.8685819377339127,0.16699438202092626,4.825472167706973,39.84918458514952,0,0,3,1,BusinessHours,0,0,0.5870265221205763
CHG004717,High,Normal,Staging,-0.3580093058910226,0.10699507641575384,13.083871183735745,73.92417594179977,0,0,2,0,BusinessHours,0,0,0.09771696842620253
CHG004718,Medium,Standard,Staging,0.2873807096435505,0.06450667102304773,25.353874884745313,68.99148356233748,0,0,2,0,OffHours,1,0,0.09822715478067055
CHG004719,Medium,Normal,Production,0.15479224452383833,0.1135500072686784,17.651110566340716,60.16946780787355,0,0,2,0,BusinessHours,0,0,0.1811911345579607
CHG004720,High,Normal,Production,-2.7456138649773782,0.01,24.88791172181633,91.94084752074164,1,1,1,1,BusinessHours,0,0,0.0032486019211022347
CHG004721,Medium,Normal,Production,-0.9064739494733817,0.06774459544338512,17.086932077272788,42.88532449534216,0,1,1,0,BusinessHours,0,0,0.08382749244969578
CHG004722,Low,Standard,Dev,-0.050846617109281525,0.10969328611308496,3.6593165403912686,70.33397763528129,0,1,1,0,OffHours,1,0,0.16709364570148852
CHG004723,Medium,Standard,QA,-0.3566114765593062,0.021391161936034735,20.224449091618776,48.49982342265504,0,1,1,0,OffHours,1,0,0.02256024642798323
CHG004724,High,Normal,Dev,0.24710256483042056,0.05911294442742777,9.751496058515041,64.3261424391939,0,1,3,0,BusinessHours,0,1,0.18646527148045083
CHG004725,Medium,Standard,Production,1.12948231294792,0.18981850897575708,6.970716210990731,44.10687378902313,0,0,1,0,Weekend,1,1,0.6187797163072948
CHG004726,Low,Standard,Staging,-0.32153578465392746,0.0813799505143448,10.37803171791175,63.274511894948674,0,0,3,0,BusinessHours,0,0,0.035368750123875484
CHG004727,Low,Standard,Dev,-1.0576547961228648,0.01,30.98188514931333,81.9768322988253,1,0,1,0,OffHours,1,0,0.005259029402937194
CHG004728,Low,Normal,Production,0.32485165851104525,0.12843736794360008,16.591763311019857,45.60262180095074,0,1,2,0,OffHours,1,1,0.2511260578490754
CHG004729,Critical,Normal,Production,-0.3266233335678035,0.024007022974600604,42.02326910617946,91.79874293380361,1,0,3,1,BusinessHours,0,0,0.022923793154698276
CHG004730,Medium,Normal,QA,-0.15606350082190265,0.10484987116208243,10.180321753843703,44.620521667767576,0,0,2,0,OffHours,1,0,0.22226571668650244
CHG004731,High,Normal,Staging,-0.29177371915307865,0.05462582246601312,22.067788190943904,71.87704142757092,0,1,2,0,BusinessHours,0,0,0.05795825899320095
CHG004732,High,Standard,Staging,2.2418378000109858,0.20919204971013683,3.9890597112684905,30.398209094044365,0,1,6,0,OffHours,1,0,0.5213643752870083
CHG004733,Medium,Emergency,Dev,-2.240704260997945,0.030073621301174663,21.0143020597457,68.09377060130933,0,0,1,0,OffHours,1,0,0.022720685990502285
CHG004734,High,Normal,Staging,-0.38833390313264615,0.08092241632428643,17.295769804258192,62.37155459105657,0,0,1,0,BusinessHours,0,0,0.14118996902600936
CHG004735,Critical,Standard,QA,-0.0036890256483920517,0.11673889175667987,2.8872917345165474,52.61878812592592,0,1,3,0,OffHours,1,0,0.2972541954223811
CHG004736,High,Normal,Production,-0.7811424922827788,0.01,45.72519926474637,97.05576895374416,1,0,4,1,BusinessHours,0,0,0.009682998819792612
CHG004737,High,Standard,Production,0.899825832128283,0.14012072303820586,6.149932993058469,53.9044873966477,0,0,3,1,OffHours,1,0,0.2832039930045494
CHG004738,Medium,Emergency,Production,0.8132576787196394,0.11894246314337606,10.115235675938255,56.22845426559627,0,1,3,1,BusinessHours,0,0,0.3179429395516634
CHG004739,High,Standard,Production,-0.04775461848854061,0.03882784818406797,22.424381253894822,84.7040480043012,1,1,1,1,Weekend,1,0,0.023911211392772445
CHG004740,Low,Standard,Dev,-0.27067375534369414,0.014518963876397171,31.990001284366183,83.57038902366361,1,0,1,0,Weekend,1,0,0.0031438980804315217
CHG004741,High,Emergency,QA,-0.111956834231647,0.07211042289424402,35.508182284701576,71.97179541219873,0,0,5,0,BusinessHours,0,1,0.09794106992162659
CHG004742,Medium,Normal,Production,-0.10478665364781072,0.1276634678081625,14.161858364150609,81.72920042561861,1,1,2,0,OffHours,1,0,0.15313658457160606
CHG004743,Medium,Standard,QA,-0.07837302812576266,0.06225723136091145,22.23783239031237,50.16439939742182,0,1,1,0,OffHours,1,0,0.05684467150843193
CHG004744,High,Normal,Production,-0.1879991015167995,0.1463014689565048,5.239840547476079,66.24802291340455,0,0,3,1,OffHours,1,0,0.576076043046964
CHG004745,Medium,Normal,QA,0.2524493145923928,0.0632182883808321,27.154855962616573,87.83049547175386,1,0,2,0,BusinessHours,0,0,0.027082481367092848
CHG004746,Low,Standard,Dev,0.7532120648278651,0.16607589370215098,13.777619641548567,52.732036862699374,0,1,3,0,OffHours,1,0,0.22569708196582142
CHG004747,High,Normal,Staging,-1.2302601475985768,0.05995811023338085,4.495946938152713,92.06822155508452,1,1,2,0,BusinessHours,0,0,0.03082536799997754
CHG004748,Critical,Normal,Staging,-1.050663899233149,0.01,23.832178159187904,94.66796652544772,1,0,1,0,Weekend,1,0,0.05923291848793952
CHG004749,Medium,Normal,Staging,-1.7485180294835236,0.01,21.019081664708743,78.05878133495652,0,0,1,0,BusinessHours,0,0,0.015613990444914414
CHG004750,High,Emergency,Staging,0.8663974003575995,0.12701636313233206,20.42747460431952,43.116967261845964,0,1,3,0,BusinessHours,0,0,0.3449978385407684
CHG004751,High,Normal,QA,0.25032329319046315,0.02738319606889238,34.69154922878341,79.99828653436204,0,0,1,0,OffHours,1,0,0.07212989792795431
CHG004752,High,Normal,Production,0.5052675159327706,0.04572826137605502,29.45214136743549,58.53116548686832,0,0,3,1,BusinessHours,0,0,0.15368586316638363
CHG004753,Medium,Normal,Staging,-1.4294982383634685,0.01,33.07603552306077,100.0,1,0,1,0,BusinessHours,0,0,0.012657766314907636
CHG004754,Medium,Standard,Staging,1.7849481228801383,0.20677280254863734,3.3096155786897565,51.580632694865386,0,1,4,0,OffHours,1,0,0.45942381006216704
CHG004755,High,Standard,QA,-0.6088509081453577,0.011821440484297454,38.62216668840688,82.32483948018348,1,1,3,0,BusinessHours,0,0,0.006970617470625321
CHG004756,High,Emergency,Staging,0.16820580711125588,0.12625541066920387,13.256204494628173,31.110480026521557,0,1,3,0,BusinessHours,0,0,0.26353795624605114
CHG004757,Low,Normal,Dev,0.8543846606783719,0.07111102459150132,31.59605966401423,73.35074402291092,0,0,1,0,OffHours,1,0,0.06033040308248555
CHG004758,Low,Standard,Staging,-0.9869797557960719,0.01,46.3463710605931,72.82340928672028,0,0,1,0,BusinessHours,0,0,0.003855271981522889
CHG004759,Medium,Standard,QA,-0.5463243585126668,0.0582982265274026,27.610808456163767,82.0781989873425,1,1,1,0,BusinessHours,0,0,0.010270863988463372
CHG004760,High,Standard,Production,0.17917177460087425,0.06792127136008662,26.170081975125925,40.764361290218375,0,1,4,1,BusinessHours,0,0,0.07810223479515638
CHG004761,High,Standard,Production,2.857473075464706,0.2844368496316207,1.0,37.16447427607348,0,1,6,1,BusinessHours,0,1,0.909555618557613
CHG004762,Medium,Standard,Staging,0.3011247428520243,0.09907186595036482,18.209688300916543,56.13624532172939,0,0,2,0,OffHours,1,0,0.18430307972599777
CHG004763,Low,Normal,Production,1.6063611506307183,0.127038793961333,26.652900866401435,39.56361865542141,0,1,3,0,BusinessHours,0,1,0.2195577333405442
CHG004764,Medium,Standard,Staging,1.2056731451919556,0.08550263144402323,24.365646597426085,61.629502641522855,0,1,3,0,Weekend,1,1,0.08207351268148096
CHG004765,High,Normal,Dev,0.36801003649451874,0.15306976090241858,11.765029174152424,53.719731740842306,0,1,5,0,BusinessHours,0,0,0.2952199453718752
CHG004766,Medium,Emergency,Production,-0.9891957716306787,0.060545709623776596,14.58086375381059,60.08569924563353,0,1,1,1,Weekend,1,1,0.07619657870475346
CHG004767,Low,Emergency,Production,1.059753610818235,0.19852626752287578,1.0,45.324133929369125,0,1,2,1,BusinessHours,0,1,0.6981184617243094
CHG004768,Medium,Normal,Dev,-1.498110341648047,0.03831052922011813,27.739022108652197,84.44638130485085,1,0,1,0,OffHours,1,0,0.004579245312159588
CHG004769,High,Standard,QA,1.600875123677092,0.17464822561754814,5.485928379039069,48.562761976482435,0,1,4,0,BusinessHours,0,0,0.5812754894561095
CHG004770,Medium,Normal,Staging,0.2000053082182553,0.044882181597735125,38.92632803806374,68.32859554666,0,0,1,0,BusinessHours,0,0,0.0418691789098922
CHG004771,Low,Normal,QA,-2.650223547298176,0.01,29.52783004294575,99.60485023898113,1,0,1,0,BusinessHours,0,0,0.0008174745729003075
CHG004772,Medium,Standard,Staging,-0.34050609503183893,0.08777258155907469,22.950258391534838,48.70162543500033,0,1,1,0,OffHours,1,1,0.07071883527864171
CHG004773,Critical,Normal,Staging,0.6539478209229405,0.11416789622531187,29.051684531062218,66.51458296509415,0,0,6,0,BusinessHours,0,0,0.30885969952309555
CHG004774,Medium,Normal,Production,-0.2370238730397667,0.05737156801968596,25.889716418581745,56.27799474795366,0,0,3,0,BusinessHours,0,0,0.13673240165110692
CHG004775,Medium,Normal,Dev,0.7150058109935733,0.16745294193405014,31.795787554144447,76.80895100898584,0,0,2,0,OffHours,1,0,0.1551274398191213
CHG004776,Low,Standard,QA,-0.8500241677122955,0.06716169005503354,2.015239604321824,64.67543944543499,0,0,1,0,OffHours,1,0,0.10308850112740119
CHG004777,Medium,Standard,Production,-1.3059823727876074,0.016299595846130766,26.30576246350267,87.75972766100622,1,0,1,0,BusinessHours,0,0,0.008781100919217103
CHG004778,High,Normal,QA,-0.07144540304760538,0.12643146683501333,6.311174860213269,57.23113754536579,0,0,2,0,OffHours,1,1,0.31004664435151086
CHG004779,High,Standard,Staging,0.031565667289914785,0.1370836618324716,5.917724016195901,73.61358114496068,0,1,4,0,OffHours,1,0,0.3486557914038079
CHG004780,Medium,Standard,Dev,-0.3483843510623214,0.053874245769116265,17.037573735798397,48.20922582773796,0,0,2,0,BusinessHours,0,1,0.04561209997561715
CHG004781,High,Normal,QA,1.2272911466421925,0.15677987374453872,15.592770843850598,52.337405761963524,0,1,5,0,OffHours,1,1,0.410931515453298
CHG004782,Medium,Normal,Staging,-0.8502073751390576,0.02074422798495574,16.680474833907727,62.18672605412494,0,0,1,0,BusinessHours,0,0,0.032154515322884686
CHG004783,High,Standard,QA,0.31316560733234944,0.07663326731907716,15.290856479394028,33.352527524644735,0,1,2,0,BusinessHours,0,0,0.07514892294008428
CHG004784,Low,Standard,Production,0.06796997116362523,0.01,39.75561050991122,65.3557312588163,0,1,3,0,OffHours,1,0,0.013802010395066105
CHG004785,Medium,Normal,Staging,-1.5567159521360834,0.04181952461922181,18.816362933537278,92.64239039320573,1,0,1,0,OffHours,1,0,0.020603958715508408
CHG004786,High,Emergency,Production,-1.3190301836685123,0.0452617430539716,20.220516657336013,66.8203100622512,0,0,2,1,BusinessHours,0,0,0.15842732209760974
CHG004787,High,Normal,Production,0.011911016248631409,0.03441471066867584,18.087507383045853,63.64809561548147,0,1,2,1,OffHours,1,0,0.22336947939473836
CHG004788,High,Normal,QA,1.981199998686964,0.14543529584544776,23.051525989443004,65.45278301619169,0,1,4,0,BusinessHours,0,1,0.26069950717443957
CHG004789,Medium,Standard,Dev,0.579269811898811,0.046251611569287816,23.42742062665143,65.78315262915034,0,0,3,0,OffHours,1,0,0.10564441178378145
CHG004790,High,Normal,Production,-1.7256348251446327,0.01,25.252225641133137,89.25920197509768,1,0,2,1,BusinessHours,0,0,0.01738342338103917
CHG004791,High,Normal,QA,-3.1104880651193376,0.01,32.17460350777674,98.90992245479276,1,0,2,0,OffHours,1,0,0.0019260048067430283
CHG004792,Medium,Normal,QA,0.7330535930043798,0.18187621355502337,1.0,52.87569374863858,0,1,2,0,Weekend,1,0,0.26735451461673443
CHG004793,Medium,Normal,Dev,-0.09621348292819902,0.14085010826683025,5.5532956387695736,47.865526843963664,0,0,2,0,BusinessHours,0,0,0.15036204907197367
CHG004794,Medium,Standard,Staging,1.1412659695103695,0.14752398629582214,25.282213229970306,67.90250993153032,0,1,1,0,BusinessHours,0,0,0.08090164389533568
CHG004795,Medium,Standard,QA,-0.8807179207114415,0.04479670343023698,12.524419210410343,56.11644056927466,0,1,1,0,BusinessHours,0,0,0.014884632125717332
CHG004796,High,Normal,Dev,0.3502124978585262,0.07278762580005733,30.97356099949274,65.22521193592435,0,1,4,0,BusinessHours,0,0,0.054252898606669694
CHG004797,Medium,Standard,Staging,0.8461734630278627,0.08326151567605732,17.965365990925648,71.53378849165571,0,1,2,0,Weekend,1,0,0.14799394874503274
CHG004798,Low,Normal,Production,-0.44746363820648183,0.024035814460183862,28.211611754805116,70.803993727867,0,0,1,0,Weekend,1,0,0.08078462887708367
CHG004799,Low,Normal,QA,-0.4260855702310654,0.11929510397459578,8.944905030573983,54.519275102915444,0,0,1,0,OffHours,1,0,0.20277872793206797
CHG004800,High,Standard,Production,0.025262831098390486,0.08867814963228142,22.20778612190575,92.18397535951823,1,0,3,1,Weekend,1,0,0.07574420574506459
CHG004801,Low,Normal,Staging,0.5426763465603288,0.14402545590569132,17.316746724785148,68.29429366117586,0,0,2,0,BusinessHours,0,0,0.30556986503999095
CHG004802,High,Normal,QA,-0.014334004511910938,0.09306317699168432,22.487792935985436,69.52227246136866,0,0,1,0,OffHours,1,0,0.18559656461365684
CHG004803,Low,Normal,QA,0.9739963377594865,0.14930556107135248,9.956219987238686,32.41430228224904,0,0,3,0,BusinessHours,0,0,0.3724146975380743
CHG004804,Medium,Standard,Dev,-0.46193518926703,0.06547624744886754,24.159666492014935,46.71263295719491,0,0,1,0,OffHours,1,0,0.03158056321465002
CHG004805,High,Standard,QA,-1.3283952054631096,0.047351040827829795,4.31790634720701,73.84810617446556,0,0,2,0,OffHours,1,0,0.14644810307769135
CHG004806,Medium,Standard,Production,1.9769753681131799,0.20014232593276815,16.203841597700446,61.689925079236474,0,1,4,0,OffHours,1,1,0.416047714556425
CHG004807,High,Standard,Dev,-0.6046337365424463,0.03985630325029606,26.11889941239201,80.85081187357142,1,0,2,0,BusinessHours,0,0,0.018878901670664354
CHG004808,Low,Normal,Production,-0.5684420837177473,0.0697309442073076,14.759994707630375,50.610794304542296,0,0,1,0,Weekend,1,0,0.05597704157534964
CHG004809,Medium,Standard,Dev,-0.06580332107218435,0.11270473859332103,9.129909544041052,55.930635025582085,0,0,2,0,OffHours,1,1,0.2589341625102289
CHG004810,Medium,Standard,QA,0.06718110965398118,0.14650102423240435,17.910705664536128,53.91358573759157,0,1,2,0,Weekend,1,0,0.12221332778707808
CHG004811,High,Emergency,Staging,-0.38668364248828285,0.1495451678861437,12.050925925563494,49.523697415092876,0,1,2,0,BusinessHours,0,0,0.24713201172161203
CHG004812,Low,Standard,Production,-0.01743389694900904,0.1387529795203356,13.59088125906907,76.59729344384263,0,0,1,0,BusinessHours,0,1,0.2138577367675418
CHG004813,Medium,Standard,Dev,-0.03976223142817396,0.09838484972074082,25.71093253712073,75.61455921692075,0,0,3,0,Weekend,1,0,0.04227071069750785
CHG004814,Medium,Normal,Dev,0.17481932702080696,0.06414608693287191,21.467254104627873,74.43642938064683,0,0,2,0,OffHours,1,0,0.06959391895137379
CHG004815,Critical,Normal,Staging,-2.357487458987316,0.01,21.57384370107061,86.4000077593464,1,1,2,0,BusinessHours,0,0,0.004323686927846448
CHG004816,High,Standard,QA,1.8808763070078494,0.15307205818521039,29.014804484308588,59.14507229818994,0,1,5,0,BusinessHours,0,0,0.12205766009054667
CHG004817,High,Emergency,Staging,-0.14728831353455754,0.05607959122519299,21.853253048762298,47.41871177434179,0,1,4,0,BusinessHours,0,0,0.11604869680078415
CHG004818,Medium,Normal,Production,0.5806226194469853,0.13763101422406337,17.723748823210844,65.10051748599513,0,1,1,0,Weekend,1,0,0.30258574935974053
CHG004819,Medium,Standard,Dev,-1.3781013415340242,0.07802518891824589,7.041841908677318,66.19290372710026,0,0,2,0,BusinessHours,0,0,0.019318532898616785
CHG004820,High,Standard,Production,-0.4710002612492502,0.07906683271330134,13.825775369210188,55.82037660114303,0,1,2,1,BusinessHours,0,0,0.14015369075119863
CHG004821,High,Emergency,Dev,-0.6723158663204145,0.0963337345610358,12.343259970977492,60.90910929805152,0,0,4,0,BusinessHours,0,1,0.2919820185404229
CHG004822,High,Standard,Production,1.4697237645085452,0.18392968606514182,3.484439187926764,20.547401423624812,0,1,5,1,BusinessHours,0,1,0.5497325047189209
CHG004823,High,Normal,Production,-0.5858136068358828,0.059390930075350054,9.011567693928695,63.773505597308365,0,1,3,1,BusinessHours,0,0,0.10192057640890957
CHG004824,High,Standard,Staging,0.7580799869400913,0.10576814755784691,22.52443825390181,65.47056219705934,0,0,4,0,Weekend,1,0,0.3657437555207312
CHG004825,Low,Standard,Production,-0.6504204526731951,0.01,41.850422595333974,100.0,1,0,1,0,Weekend,1,0,0.0023735882404802627
CHG004826,Medium,Normal,Production,-0.45261893965394406,0.12144710492733768,11.576321640516529,64.86081829108191,0,0,2,0,BusinessHours,0,0,0.3285396161127171
CHG004827,Critical,Emergency,Dev,-0.24555016520068595,0.0812597350244165,26.8825715477445,48.02366748283098,0,0,3,0,Weekend,1,0,0.46232326224334336
CHG004828,Medium,Standard,Dev,1.2838451268293003,0.22917896994806072,3.5448141226119043,44.15192569392275,0,1,4,0,OffHours,1,1,0.26757117097191696
CHG004829,Low,Standard,Dev,-1.8898526590301186,0.014121246787920054,8.54974708405726,80.89961465670825,1,0,1,0,OffHours,1,0,0.005905059089436287
CHG004830,Medium,Normal,Staging,-1.3156635552744327,0.04382697431415902,15.841266294492456,91.82206897730579,1,0,1,0,BusinessHours,0,0,0.017505902666967825
CHG004831,Medium,Normal,Staging,-1.9473051656898168,0.01,23.335039671146372,97.53977743366742,1,0,1,0,OffHours,1,0,0.007509299610535957
CHG004832,High,Standard,Staging,-1.0875021197614503,0.0630050385463797,16.275872651099785,81.68750538020102,1,1,2,0,Weekend,1,0,0.026131320118921473
CHG004833,High,Standard,Staging,-0.8116000511921072,0.033938007426107204,21.15960608786975,70.93859462767136,0,0,3,0,OffHours,1,1,0.04247573661411799
CHG004834,Low,Emergency,QA,-1.614481254090389,0.0267859836549848,18.19092767477273,52.0517885164184,0,0,1,0,BusinessHours,0,0,0.04888329233826013
CHG004835,Medium,Standard,Dev,-0.734147746614669,0.10921883083469741,9.022845251338284,44.19332373338872,0,1,1,0,BusinessHours,0,0,0.06433720931232421
CHG004836,Low,Standard,QA,-2.014714480933415,0.012319223348068127,20.073974532279443,72.93780797752193,0,0,1,0,BusinessHours,0,0,0.009940754694961815
CHG004837,High,Standard,Production,-1.0179887237676812,0.06654232737753178,20.298004336878186,78.86352077117245,0,0,3,1,OffHours,1,0,0.10100035535927018
CHG004838,Low,Standard,QA,1.2004203999102006,0.12773635885369142,19.68361004818743,49.89078508531027,0,0,3,0,BusinessHours,0,0,0.15487861073867823
CHG004839,Medium,Normal,QA,0.40358807028110283,0.08741252554559792,27.647821439322552,72.55002228533766,0,0,2,0,BusinessHours,0,0,0.07130628421375663
CHG004840,Medium,Standard,Dev,0.18746767217252772,0.1175593304498882,10.395156241371993,52.32185793474247,0,1,5,0,OffHours,1,0,0.07418709597246828
CHG004841,Medium,Normal,Production,-1.0027785562791145,0.04290703376724653,23.301332762368148,63.571943957691126,0,1,1,0,Weekend,1,0,0.07584722906403038
CHG004842,Medium,Standard,QA,-1.536084959044724,0.04114397217775766,6.344444841086584,82.13910642473496,1,0,1,0,OffHours,1,0,0.06553189755261353
CHG004843,High,Standard,Staging,-1.1391560755342807,0.01291492285371872,18.31447865206016,87.09385685369112,1,1,4,0,OffHours,1,0,0.011526523775239425
CHG004844,Medium,Normal,Dev,-0.043209826896014984,0.08263743991690849,12.349624925029023,56.79652874215081,0,1,3,0,BusinessHours,0,0,0.06774199906370636
CHG004845,Low,Normal,Dev,0.8681767797266683,0.049798653011749384,31.164687870167924,53.31783538157438,0,1,3,0,OffHours,1,0,0.06739018514718215
CHG004846,Medium,Standard,Production,0.9023674171353204,0.07446786570633554,26.693223129586286,78.38311926824089,0,0,2,0,OffHours,1,1,0.12958006523653692
CHG004847,Medium,Standard,Staging,0.630612362483333,0.11484255848111301,20.549669643186906,69.1572186851743,0,1,3,0,BusinessHours,0,0,0.1491448819843427
CHG004848,Medium,Normal,Staging,-0.7375568640679442,0.10161229071643194,16.207394598427,71.40764367412933,0,1,2,0,Weekend,1,0,0.15012196496612784
CHG004849,High,Normal,QA,0.024549832403988035,0.058696742563628695,19.988601351167894,62.55276945857017,0,0,5,0,BusinessHours,0,0,0.11659404749316613
CHG004850,Medium,Normal,Production,-0.3213425300372459,0.058455759348387926,18.466650289158515,56.876559832911816,0,1,5,0,OffHours,1,0,0.07936797833731742
CHG004851,High,Normal,Staging,-0.20118976349475026,0.10397983613862012,17.15632430976149,64.22284678981738,0,1,2,0,OffHours,1,0,0.11830386437452922
CHG004852,Low,Standard,Production,2.037127896959813,0.16691332409217616,8.44073027483139,61.64590642529753,0,1,4,0,Weekend,1,0,0.35131118965596797
CHG004853,High,Emergency,Dev,-1.7620002370036125,0.01,22.064979840023476,62.13226087210393,0,0,1,0,BusinessHours,0,0,0.011675763598726394
CHG004854,Low,Standard,QA,-0.23467681592226086,0.08763993928934274,18.444479894315876,70.92990357678876,0,0,1,0,BusinessHours,0,0,0.04596308802528133
CHG004855,Medium,Standard,QA,1.2117489071961567,0.10161035996600462,16.995135736881235,72.51148621357238,0,1,2,0,Weekend,1,0,0.1482841761108998
CHG004856,Medium,Normal,Production,-1.4658914950335382,0.07643941157710749,1.0,61.49787377808438,0,0,2,0,BusinessHours,0,0,0.12397784139238317
CHG004857,Medium,Standard,Production,-0.6437474252662504,0.06381655498854481,24.06812107090993,71.81484216881012,0,1,2,0,BusinessHours,0,0,0.06928073216624923
CHG004858,Low,Standard,Staging,-0.5290384975676395,0.07484401909019069,19.52573303782838,47.65618755310194,0,0,1,0,BusinessHours,0,0,0.051609333404851895
CHG004859,High,Standard,Dev,-0.2232897220539845,0.0923733782811571,27.693052957440674,75.76511294861488,0,0,3,0,OffHours,1,1,0.0681207159009985
CHG004860,Medium,Normal,Dev,-1.5959571596062172,0.02431143236129195,14.982043207059261,69.93858238858076,0,0,1,0,OffHours,1,0,0.02479449477458691
CHG004861,Critical,Normal,Dev,0.5952860603380394,0.19586700852705866,1.5579337817002687,28.359837819687243,0,1,5,0,BusinessHours,0,0,0.4426157420885285
CHG004862,High,Normal,Production,0.6662872825131441,0.11586833726588294,24.912479821899048,48.79457020485709,0,1,3,1,OffHours,1,0,0.2529952980022649
CHG004863,Medium,Standard,QA,0.5083753250179477,0.12194981128561656,27.636478246926565,67.03607944473961,0,0,1,0,OffHours,1,0,0.11966043057474066
CHG004864,High,Standard,Dev,-0.8703736742910814,0.032070481141680596,22.021212840409504,57.461795160929995,0,0,1,0,OffHours,1,0,0.03257269081486598
CHG004865,Low,Normal,QA,0.08651079078729512,0.052583546417839064,18.506578105432812,48.49968991001548,0,0,1,0,BusinessHours,0,0,0.07374087359474386
CHG004866,Medium,Normal,Dev,-0.8994402395690875,0.0907179641313187,4.593835424742736,65.06662944012898,0,0,1,0,OffHours,1,1,0.13733673480895603
CHG004867,Medium,Normal,Production,-0.3325966607715127,0.04875097100669061,21.050185744792543,75.7317284607863,0,0,1,0,OffHours,1,0,0.06645467226389684
CHG004868,High,Standard,QA,2.153467927170878,0.17378182980665097,25.91483417916716,39.681542721973386,0,1,6,0,BusinessHours,0,1,0.31708912531733674
CHG004869,Low,Standard,Production,0.09569537759625597,0.11371536599072904,15.788802417656818,51.9559941067842,0,1,2,0,OffHours,1,0,0.2045412815450852
CHG004870,Medium,Standard,Staging,-1.1875265759871734,0.09221784446644957,11.752337100838892,89.84391828847198,1,0,1,0,OffHours,1,0,0.025930286331389208
CHG004871,Medium,Normal,Staging,0.18033534066391385,0.07319733458997232,14.753698610430156,80.5566675349723,1,0,2,0,BusinessHours,0,0,0.04557466774497933
CHG004872,Medium,Normal,Staging,-1.3517959260633097,0.014774176995792365,32.50134166138331,79.28365460650825,0,1,1,0,OffHours,1,0,0.024389573577714367
CHG004873,Low,Emergency,Staging,-1.1990103925150117,0.05536413499260429,17.193443225673068,70.97053046672654,0,0,1,0,BusinessHours,0,0,0.07964792504574138
CHG004874,Medium,Standard,Staging,-1.041123135948791,0.01,30.149001362057795,80.55970000075187,1,0,1,0,BusinessHours,0,0,0.011186188608698048
CHG004875,High,Normal,Dev,-0.4443094521956835,0.1138007883278654,1.0,34.714776531706235,0,1,2,0,Weekend,1,0,0.15767691843667075
CHG004876,Low,Normal,Production,0.9369689955892015,0.19635912167771657,5.072920595479825,26.76916280728369,0,0,4,0,BusinessHours,0,1,0.40288821000010977
CHG004877,Medium,Standard,QA,0.5783981980168391,0.1466215104275634,5.555693959466433,35.010272942010175,0,0,3,0,Weekend,1,1,0.45002035580812133
CHG004878,Critical,Normal,QA,0.5229953282473283,0.140345118961667,17.958583399724468,35.625163246911725,0,1,4,0,OffHours,1,0,0.2984361772897425
CHG004879,High,Normal,QA,-1.0989245655905424,0.01,26.418426240280226,87.60673880270414,1,0,3,0,BusinessHours,0,0,0.01681532854715947
CHG004880,Low,Standard,Staging,-0.5413143554356487,0.01,35.95340676442148,77.13585607394882,0,0,1,0,BusinessHours,0,0,0.014506068127651156
CHG004881,Medium,Standard,QA,0.27200110688318835,0.05555657548629765,13.940609486210363,69.57007296254315,0,1,2,0,BusinessHours,0,0,0.04267346615381599
CHG004882,Low,Standard,QA,-0.6283199853884129,0.09284149627911922,11.384762227042078,70.84590756833357,0,0,1,0,OffHours,1,0,0.05177897212023323
CHG004883,Critical,Normal,Dev,-0.2783664403010984,0.05808678724090244,16.941761133117303,73.95578170829,0,0,2,0,BusinessHours,0,0,0.14943618813578358
CHG004884,Medium,Standard,QA,0.4413586925299495,0.10880403388950932,26.23074532329147,53.615058501797364,0,0,3,0,OffHours,1,0,0.09004202315648704
CHG004885,Medium,Standard,Dev,-0.348772681201302,0.10231211571231909,1.0,63.037375989395855,0,0,2,0,Weekend,1,0,0.18460904740759754
CHG004886,Medium,Standard,Production,0.22605958910202525,0.10877734406256863,22.021999218129523,47.7184805401633,0,1,3,0,Weekend,1,1,0.1256427766700634
CHG004887,Medium,Normal,QA,1.5927284560195685,0.10888996254665304,30.626399231313727,70.83850305132141,0,0,5,0,OffHours,1,1,0.13681079013534697
CHG004888,Low,Normal,Production,-0.17185879898699755,0.07215942366167567,18.10625653091502,73.72674982259372,0,0,2,0,BusinessHours,0,0,0.2139328833591827
CHG004889,High,Emergency,Staging,1.1793378097192062,0.15371724437181603,17.501287629363972,48.9999661128921,0,1,4,0,BusinessHours,0,1,0.550874302372395
CHG004890,Medium,Normal,Production,0.5593700673073582,0.10897694869658882,24.367050853013872,58.49246453795262,0,1,1,0,BusinessHours,0,0,0.16430098551112907
CHG004891,Medium,Standard,Production,-1.4672419934867666,0.03561639222149342,32.36661947188139,85.52115080710273,1,0,1,0,BusinessHours,0,0,0.016625295095211375
CHG004892,High,Standard,QA,-1.1021370292635242,0.03547457242744642,11.091894654166826,51.042828669831046,0,0,1,0,Weekend,1,0,0.1039381471036223
CHG004893,Low,Normal,Staging,-0.8335958830698964,0.0280067962303159,21.29293209511267,51.103050173655035,0,0,1,0,OffHours,1,0,0.06356789332614353
CHG004894,Low,Normal,Dev,-0.8548349169327834,0.040759376559504665,19.909975388110368,81.69580906388734,1,0,1,0,BusinessHours,0,0,0.010015630361562054
CHG004895,Medium,Normal,Dev,-0.0902897461068142,0.045792694947146405,35.180568217639355,95.145294025374,1,0,2,0,BusinessHours,0,0,0.00875581095348641
CHG004896,High,Standard,QA,0.6146440480818223,0.09652304318643365,22.590518193522186,44.42175243004368,0,1,3,0,BusinessHours,0,0,0.11446291489637272
CHG004897,Low,Emergency,Staging,1.2551584167047227,0.10674118301134747,25.30630291589944,44.851866717799645,0,1,3,0,BusinessHours,0,1,0.18222754127937407
CHG004898,High,Standard,Production,0.30817508872508226,0.040168870519920706,30.308320638270185,78.49312833221377,0,0,2,1,BusinessHours,0,0,0.05685436883957925
CHG004899,Medium,Normal,QA,-0.4456795560532098,0.05838133335416135,9.582741320528742,57.34665331681788,0,0,1,0,OffHours,1,0,0.16123330616048653
CHG004900,Medium,Normal,Production,-2.0822412436298743,0.04439656322473267,9.771705825550324,68.31486592940446,0,0,1,0,BusinessHours,0,0,0.11096855411175106
CHG004901,Medium,Normal,QA,0.07058957541733794,0.053719418214717166,17.741151988978604,73.54594564441643,0,0,3,0,OffHours,1,1,0.07367863118381054
CHG004902,Low,Normal,Dev,0.025770193694991287,0.06820365121522776,25.719998151052796,73.62530070794794,0,1,1,0,BusinessHours,0,0,0.02239700547094155
CHG004903,Low,Normal,Dev,0.18292875353895768,0.08073806995186283,26.247040583185836,67.4145865899719,0,0,2,0,BusinessHours,0,0,0.03538402950132205
CHG004904,High,Normal,Staging,2.1062402977033328,0.1872420804667384,21.652023000796415,35.68338716417347,0,1,5,0,BusinessHours,0,0,0.5909558447184283
CHG004905,Medium,Normal,Staging,1.2405965461930721,0.12460949067181216,12.583864639072324,44.56268181460935,0,1,2,0,BusinessHours,0,1,0.4050198917697655
CHG004906,Medium,Standard,QA,0.7850609182499858,0.07799049987867494,17.84695270171341,53.53596802171687,0,1,3,0,BusinessHours,0,1,0.16426868661617242
CHG004907,Critical,Standard,Dev,-0.9620771300715998,0.030375719497260225,34.91010812312058,77.1961186105224,0,0,2,0,OffHours,1,0,0.02124696437059158
CHG004908,Low,Normal,Staging,-0.5129947491967435,0.08211330285740273,10.198807055016353,53.96828955477553,0,0,1,0,OffHours,1,0,0.13461735937339672
CHG004909,Medium,Normal,Production,-0.09484460692850216,0.05422097589916002,16.621245439423877,63.71816448142801,0,0,1,0,OffHours,1,0,0.23073583538287162
CHG004910,Medium,Normal,Dev,-0.7754071240103536,0.056554288873285743,11.406109202346679,58.07153043733267,0,0,1,0,Weekend,1,0,0.08584040482935475
CHG004911,Low,Standard,Production,0.5004645249851181,0.12579663306115152,3.9686870456221257,56.25742913477412,0,1,2,0,Weekend,1,0,0.19816264773485054
CHG004912,Critical,Standard,Staging,0.35690884921570454,0.08367837344458026,14.163745446845901,59.499811294524314,0,1,5,0,OffHours,1,1,0.17944259440615443
CHG004913,Critical,Normal,Staging,-1.0883077930546925,0.032528813969988295,24.623753150164656,65.62447450804038,0,0,4,0,BusinessHours,0,1,0.06311545373159681
CHG004914,Medium,Emergency,Dev,1.1968167090961244,0.12153786494104156,18.925015680568148,25.072161407813343,0,1,4,0,BusinessHours,0,0,0.2175181857932989
CHG004915,Critical,Standard,Production,0.1023103338088603,0.11899973312939459,3.9592047559459935,68.71344035870617,0,0,4,1,OffHours,1,1,0.582467412274565
CHG004916,Low,Standard,Staging,-1.7290711467422513,0.08718408472387741,4.735253714065596,76.26640076187806,0,0,1,0,Weekend,1,0,0.06335140319875386
CHG004917,Critical,Standard,QA,-0.051342858344969454,0.06979102603802989,23.49800767548316,57.58921259398653,0,1,3,0,Weekend,1,0,0.06690221659807513
CHG004918,High,Normal,Production,0.28120645592290483,0.10555422443090316,18.027994840881718,67.38893174319358,0,1,4,1,OffHours,1,0,0.3307745755223696
CHG004919,Low,Standard,Production,0.9727923614357405,0.07981855285619187,34.56214818016335,57.788400170525904,0,1,2,0,OffHours,1,0,0.027156160124436304
CHG004920,Medium,Normal,Production,-0.3374764031266163,0.021018847148616054,34.77177146348993,77.20582984030494,0,1,4,0,BusinessHours,0,1,0.028687762488353433
CHG004921,High,Standard,Production,0.8279382674472072,0.03533967201403123,33.23347072268691,65.94796502789181,0,1,4,1,BusinessHours,0,0,0.03702024713796338
CHG004922,Medium,Standard,Dev,0.1871419867702157,0.11384673156014143,15.64864164591652,53.590996833557575,0,0,1,0,BusinessHours,0,1,0.13728697014030394
CHG004923,Medium,Standard,Production,-1.3150546090375794,0.0190813250031579,23.670879801784242,87.26017981657368,1,1,1,0,BusinessHours,0,0,0.007583205052312444
CHG004924,Medium,Standard,QA,-1.4151667734825137,0.01,26.58595857453471,77.59551260221755,0,0,1,0,OffHours,1,0,0.01777762532482557
CHG004925,Low,Normal,Production,1.1225598701493487,0.09136825867975173,31.256060147436365,57.25232717023153,0,1,3,0,BusinessHours,0,0,0.12830957924648503
CHG004926,Low,Emergency,QA,1.195984178381769,0.11064213549011014,21.124316925021233,51.870067551470676,0,1,3,0,OffHours,1,0,0.38899333179510737
CHG004927,Low,Normal,Dev,0.32290923040472297,0.01,29.308993000331075,72.11137619797336,0,0,1,0,OffHours,1,0,0.05006611170483235
CHG004928,High,Normal,QA,1.4957067211800286,0.13233244642190412,18.368517096793042,45.936215201616285,0,1,4,0,Weekend,1,1,0.4100622809778618
CHG004929,Medium,Standard,Production,1.0566098490416067,0.12096692616967893,19.350658524854413,60.331564897884135,0,1,3,0,Weekend,1,0,0.1774160417579021
CHG004930,Medium,Normal,Staging,0.6836287294797211,0.1315718689898065,1.0,60.67807998514671,0,1,2,0,OffHours,1,0,0.33197361188780117
CHG004931,Low,Normal,Production,-0.9113114887336718,0.05176203426248542,30.642601630145958,89.47484505771999,1,0,1,0,OffHours,1,0,0.01552489986372687
CHG004932,Low,Normal,Dev,1.7314287510323434,0.13613549796053853,14.492669806764733,33.430146230093925,0,0,2,0,OffHours,1,0,0.24774120304618094
CHG004933,Medium,Normal,Dev,0.536301432208273,0.10575930257103698,27.991318843062636,48.66851210613376,0,1,3,0,BusinessHours,0,0,0.06159546225016017
CHG004934,Low,Standard,Staging,-0.38583877461162164,0.06588643878904443,22.08885107717188,81.7215165326298,1,0,1,0,OffHours,1,0,0.02248470825590693
CHG004935,Medium,Standard,QA,-0.668270005305298,0.09136781032902266,28.405827874676497,68.16248269044874,0,1,1,0,Weekend,1,0,0.029670388201786534
CHG004936,Medium,Standard,Staging,0.2567837815138569,0.10243954488969653,22.281716252364138,36.225663466603514,0,0,5,0,BusinessHours,0,0,0.08139028603921633
CHG004937,Medium,Standard,Production,-1.6710590848384548,0.01,30.853413461797597,75.115850875183,0,1,2,0,BusinessHours,0,0,0.010628703262069928
CHG004938,Medium,Normal,Staging,0.6996732753528626,0.13504103923566552,15.448470866713985,52.74186247302774,0,1,4,0,BusinessHours,0,0,0.20798893049110162
CHG004939,High,Emergency,QA,-0.9535708146940268,0.11946472669512304,1.931374412723402,48.6913515742548,0,1,2,0,BusinessHours,0,0,0.19163348532940996
CHG004940,Low,Standard,Staging,0.37060810882428674,0.04231141077357802,25.289274876628113,75.19696557617293,0,0,2,0,OffHours,1,0,0.07026040818999234
CHG004941,High,Normal,Production,-0.5216203373581595,0.0961879304086708,3.942030919711083,52.35991016745075,0,1,2,1,OffHours,1,1,0.22143472313343318
CHG004942,Medium,Normal,Staging,-0.26441871272470363,0.1263574037330967,7.066140585570775,69.07190545219561,0,0,1,0,BusinessHours,0,0,0.26937464575345715
CHG004943,Low,Standard,Production,-0.7569098727650648,0.07613434151273274,5.8748892408956035,67.3211653391155,0,0,1,0,BusinessHours,0,0,0.09166889707622661
CHG004944,Medium,Standard,QA,-0.16122943118080152,0.016611758141315817,18.068363079883618,52.83467326861222,0,0,1,0,OffHours,1,0,0.050727101559096675
CHG004945,Low,Standard,Production,1.889379546017354,0.15255158812377112,22.206313828138484,45.3756477648684,0,1,3,0,Weekend,1,0,0.2759166310425205
CHG004946,Medium,Normal,Dev,1.3850596270486406,0.18776149168048317,5.5883680687395,44.92674678663161,0,0,4,0,BusinessHours,0,1,0.5290158120169782
CHG004947,High,Standard,Production,0.3544789549954567,0.13628435375266965,16.120952137049443,59.9533230143012,0,1,5,1,BusinessHours,0,0,0.15535972169775147
CHG004948,High,Standard,Production,-0.025294265564952366,0.04213946676779498,30.953892558627448,77.93465230160984,0,1,3,1,BusinessHours,0,0,0.06213371678489165
CHG004949,Medium,Standard,Production,0.844201190692885,0.11906069442105018,13.686188521510953,48.038327991688064,0,0,2,0,BusinessHours,0,0,0.3789187125427594
CHG004950,Critical,Normal,Dev,1.1299703941075565,0.11843286298784052,30.809493831587663,61.45911789786617,0,1,5,0,BusinessHours,0,0,0.23509365931491308
CHG004951,Medium,Normal,Production,-0.8298183822075292,0.022032473927715554,29.84811888418342,74.15794366840403,0,0,2,0,BusinessHours,0,0,0.03205938086597923
CHG004952,Low,Standard,Dev,-0.0774388676322022,0.054175131398538474,23.41230354558728,100.0,1,0,1,0,BusinessHours,0,0,0.007120499686943264
CHG004953,High,Normal,Staging,-1.8219582295680803,0.01,32.550841830878284,70.89449992428858,0,0,1,0,BusinessHours,0,0,0.02997207414016191
CHG004954,Low,Emergency,Staging,1.123102110260895,0.21338110519915932,4.020501608044652,58.982718880892484,0,1,3,0,BusinessHours,0,0,0.7293880487164932
CHG004955,Low,Standard,Staging,2.0650242577008555,0.09945018048512286,29.99708974563287,49.20068828334561,0,1,2,0,Weekend,1,0,0.0731521316964798
CHG004956,Low,Standard,QA,0.0800826246230855,0.012266096247982097,17.998402318165702,84.06883749766135,1,0,1,0,Weekend,1,0,0.021640329180461507
CHG004957,Medium,Standard,Staging,-2.1250101249030164,0.01,33.58954188824129,100.0,1,1,1,0,Weekend,1,0,0.001299275889521195
CHG004958,Medium,Standard,Staging,0.6088905165770311,0.13928908361135373,10.391611468264301,43.737811447917004,0,0,2,0,BusinessHours,0,0,0.19726495592257265
CHG004959,Medium,Normal,Staging,-0.9040891661490803,0.10073473404704855,5.621051847476068,67.08221673009457,0,1,1,0,BusinessHours,0,0,0.13818178932747294
CHG004960,Medium,Normal,Staging,-0.66334944166446,0.04440011417983443,11.912097267400368,64.40760784923019,0,0,1,0,BusinessHours,0,0,0.06245007666624501
CHG004961,High,Normal,Production,0.6265763897910038,0.11188302218307253,15.705786805272425,61.35797752730775,0,0,4,1,BusinessHours,0,0,0.36078603364177664
CHG004962,Critical,Standard,QA,0.2545541255127244,0.08695789846009869,24.189624682166894,69.31362239838101,0,1,3,0,OffHours,1,0,0.0398062344772095
CHG004963,Low,Normal,Dev,-0.4881087753386017,0.015591565416870973,30.22372635193155,72.23765032398255,0,0,1,0,OffHours,1,0,0.0213918417282387
CHG004964,Low,Standard,Staging,-0.6496056326016644,0.07382751533529777,22.360558218022877,64.39662629993087,0,0,1,0,BusinessHours,0,0,0.030342985576399306
CHG004965,Medium,Standard,Production,0.12583605522083274,0.06275773075295975,20.082053048463465,66.39882382425391,0,0,4,0,BusinessHours,0,0,0.16217572151725324
CHG004966,Low,Standard,QA,-0.4094655525123675,0.0513030353929643,33.14262500360783,61.08889618247487,0,0,1,0,OffHours,1,0,0.032625233498161973
CHG004967,Medium,Normal,Dev,-1.1092371336030074,0.04383552362742211,23.419987567969905,61.68645687288101,0,0,1,0,OffHours,1,0,0.04882055284635914
CHG004968,Medium,Normal,Production,-0.33256318147836006,0.09695063552317765,18.389953382732788,76.7403445734289,0,0,2,0,OffHours,1,0,0.2340530471278956
CHG004969,High,Normal,Production,0.33959262325518413,0.044091068181930246,23.444641311499424,74.68383809475532,0,1,3,1,BusinessHours,0,1,0.056701022962526305
CHG004970,Low,Normal,Staging,-0.17810346681963335,0.01888632265813738,26.70073561392053,59.56326637294664,0,1,1,0,OffHours,1,0,0.02616067613268536
CHG004971,Medium,Standard,Production,-1.4135085982481852,0.01,21.528402295316013,71.85647459705753,0,0,1,0,BusinessHours,0,0,0.011409101627376838
CHG004972,Medium,Standard,Production,0.9890646213755394,0.11327478711326752,19.420886324101165,30.27174485568824,0,1,2,0,OffHours,1,0,0.1614402878847099
CHG004973,High,Normal,Staging,-2.7388114369433336,0.03974957158454786,4.538498938356099,82.84824641677922,1,0,1,0,BusinessHours,0,0,0.030940746973790675
CHG004974,Medium,Emergency,QA,-0.4463651550284352,0.03063470752516382,23.27891533158141,65.79639133817211,0,0,2,0,OffHours,1,0,0.14912362453228964
CHG004975,High,Normal,Staging,-0.6201984545539159,0.06907321200350033,15.272751373018362,51.590642483749875,0,0,2,0,BusinessHours,0,0,0.17992038308512917
CHG004976,High,Standard,Production,0.14817887787141484,0.10203471274451167,24.23214380717484,70.70230497037349,0,0,2,1,BusinessHours,0,0,0.21331936697111312
CHG004977,Low,Emergency,Staging,0.5616618078027354,0.1205416112798363,20.003768001155652,69.63508384276525,0,0,1,0,OffHours,1,0,0.30519299810901507
CHG004978,Medium,Standard,Dev,1.1267648082610353,0.1271968985755189,14.693601011003581,37.36863876834107,0,0,2,0,Weekend,1,0,0.15969472782872848
CHG004979,Medium,Standard,Production,-0.7124048733521602,0.052560090319667234,9.095478331064193,56.043100406726474,0,1,3,0,Weekend,1,0,0.14647107652438826
CHG004980,Medium,Standard,Production,0.5865823373334818,0.13988390479222002,9.699068199851096,32.60802172165501,0,0,4,0,OffHours,1,1,0.5196396521617535
CHG004981,Medium,Standard,QA,0.1958183878814611,0.05172570175346947,26.251158459152936,83.37481991507828,1,1,1,0,OffHours,1,0,0.012107882490641361
CHG004982,Medium,Normal,Production,-1.7115393751832233,0.03735355328875484,11.026122553324948,70.75201993358158,0,0,1,0,BusinessHours,0,0,0.07629609061639812
CHG004983,High,Normal,Production,1.9005402554341098,0.15906769733802326,21.50894589822451,45.02074043183798,0,1,6,1,Weekend,1,0,0.5003421807686438
CHG004984,Low,Standard,Production,-1.4387751272401994,0.01,27.020737152922628,85.92082160840155,1,0,1,0,BusinessHours,0,0,0.00828595953011873
CHG004985,Medium,Standard,Production,0.41949727230971495,0.06023001838766053,27.315979585684715,61.36094378813411,0,0,2,0,OffHours,1,0,0.19818765246055678
CHG004986,Low,Normal,Dev,0.3899599441977477,0.0509575343897771,21.64559136971824,62.624670360764355,0,1,1,0,OffHours,1,0,0.0346906176674695
CHG004987,Medium,Standard,Production,0.2756367823290771,0.10142870813708532,24.955142636222934,68.21212093002158,0,0,1,0,Weekend,1,0,0.19138012069839427
CHG004988,Medium,Standard,QA,-0.4945768821616075,0.013963658535846947,27.958334929430112,66.70370432186013,0,0,3,0,OffHours,1,0,0.040662496995495116
CHG004989,Medium,Standard,Production,0.8272526511405023,0.07505640207298371,27.17220325347939,62.36576965373389,0,0,2,0,BusinessHours,0,0,0.08730656767902954
CHG004990,Medium,Normal,Production,-1.5603674739430955,0.04109856471584708,16.934043699201258,78.5798567609043,0,0,1,0,Weekend,1,0,0.034868819675420853
CHG004991,Medium,Emergency,Production,-0.06582878867392292,0.15451161942927455,11.453604886896525,43.76229629474461,0,0,2,1,BusinessHours,0,0,0.7048108904563111
CHG004992,Medium,Standard,Production,-0.5638746765524585,0.08348830387628002,24.512611262539842,73.03099711371408,0,0,3,0,BusinessHours,0,0,0.12050358895001716
CHG004993,High,Normal,Production,-0.6772979420670315,0.03701182347697848,26.74450864033685,82.29170821700112,1,0,2,1,BusinessHours,0,0,0.05735420910947442
CHG004994,Low,Normal,QA,0.42874778745354575,0.11340736454430066,13.174807835674184,39.185277697358075,0,0,4,0,BusinessHours,0,0,0.1420178368373995
CHG004995,High,Standard,QA,1.0774785427196831,0.05646896710470037,38.19223917925767,84.61633036912227,1,0,4,0,OffHours,1,0,0.051855644184502656
CHG004996,Medium,Emergency,Dev,-0.34325576183686607,0.06308853691235097,21.846311558234213,58.0131899151186,0,0,1,0,BusinessHours,0,0,0.07379930570174502
CHG004997,High,Normal,Production,0.7806810899257774,0.12016729334285726,19.628454587311268,55.37136167148921,0,1,5,1,Weekend,1,0,0.3615143949161128
CHG004998,Medium,Normal,Staging,0.04974066544459848,0.056041599607029306,33.83832621679449,61.632795645502114,0,0,4,0,BusinessHours,0,1,0.05142120237786282
CHG004999,Medium,Normal,Staging,-0.8927322092380086,0.06555065841582938,14.489034982692083,94.73191363917374,1,0,1,0,BusinessHours,0,0,0.022022553512104255
